$MeshFormat
2.2 0 8
$EndMeshFormat
$PhysicalNames
4
1 1 "Conductor_1"
1 2 "Conductor_2"
1 3 "OpenBoundary_0"
2 4 "Vacuum"
$EndPhysicalNames
$Nodes
2398
1 0.027 0 0
2 0.023 0 0
3 0.025 0.002 0
4 0.025 -0.002 0
5 -0.023 0 0
6 -0.027 0 0
7 -0.025 0.002 0
8 -0.025 -0.002 0
9 0.5 0 0
10 -0.5 0 0
11 0 0.5 0
12 0 -0.5 0
13 0.02694985582439043 0.0004450418677952797 0
14 0.02680193773610661 0.0008677674776084828 0
15 0.02656366296408182 0.001246979604788651 0
16 0.02624697960240845 0.001563662965979965 0
17 0.02586776747707029 0.001801937736365791 0
18 0.02544504186773028 0.00194985582440527 0
19 0.02455495812821478 0.001949855823479755 0
20 0.02413223251951814 0.001801937734722866 0
21 0.02375302039396961 0.001563662963091563 0
22 0.02343633703349637 0.001246979601751797 0
23 0.02319806226321312 0.000867767476195877 0
24 0.02305014417539698 0.0004450418668638713 0
25 0.02305014417560957 -0.0004450418677952797 0
26 0.02319806226389339 -0.0008677674776084828 0
27 0.02343633703591818 -0.001246979604788651 0
28 0.02375302039759155 -0.001563662965979965 0
29 0.02413223252292971 -0.001801937736365791 0
30 0.02455495813226972 -0.00194985582440527 0
31 0.02544504187178522 -0.001949855823479755 0
32 0.02586776748048186 -0.001801937734722866 0
33 0.02624697960603039 -0.001563662963091563 0
34 0.02656366296650363 -0.001246979601751797 0
35 0.02680193773678689 -0.000867767476195877 0
36 0.02694985582460302 -0.0004450418668638713 0
37 -0.02305014417560957 0.0004450418677952797 0
38 -0.02319806226389339 0.0008677674776084828 0
39 -0.02343633703591818 0.001246979604788651 0
40 -0.02375302039759155 0.001563662965979965 0
41 -0.02413223252292971 0.001801937736365791 0
42 -0.02455495813226972 0.00194985582440527 0
43 -0.02544504187178522 0.001949855823479755 0
44 -0.02586776748048186 0.001801937734722866 0
45 -0.02624697960603039 0.001563662963091563 0
46 -0.02656366296650363 0.001246979601751797 0
47 -0.02680193773678689 0.000867767476195877 0
48 -0.02694985582460302 0.0004450418668638713 0
49 -0.02694985582439043 -0.0004450418677952797 0
50 -0.02680193773610661 -0.0008677674776084828 0
51 -0.02656366296408182 -0.001246979604788651 0
52 -0.02624697960240845 -0.001563662965979965 0
53 -0.02586776747707029 -0.001801937736365791 0
54 -0.02544504186773028 -0.00194985582440527 0
55 -0.02455495812821478 -0.001949855823479755 0
56 -0.02413223251951814 -0.001801937734722866 0
57 -0.02375302039396961 -0.001563662963091563 0
58 -0.02343633703349637 -0.001246979601751797 0
59 -0.02319806226321312 -0.000867767476195877 0
60 -0.02305014417539698 -0.0004450418668638713 0
61 0.4975923633252514 0.0490085702749121 0
62 0.49039264015214 0.09754516125679323 0
63 0.4784701677515301 0.145142339004932 0
64 0.4619397660412762 0.1913417167000729 0
65 0.4409606318456326 0.2356983690276632 0
66 0.4157348056844461 0.2777851172084564 0
67 0.386505226042573 0.3171966428601973 0
68 0.3535533897871426 0.3535533913994049 0
69 0.3171966413239288 0.386505227303356 0
70 0.2777851158126944 0.4157348066170644 0
71 0.2356983677614189 0.4409606325224543 0
72 0.1913417156162101 0.4619397664902269 0
73 0.1451423381843844 0.4784701680004405 0
74 0.09754516070744733 0.4903926402614116 0
75 0.04900857001519959 0.4975923633508308 0
76 -0.0490085702749121 0.4975923633252514 0
77 -0.09754516125679323 0.49039264015214 0
78 -0.145142339004932 0.4784701677515301 0
79 -0.1913417167000729 0.4619397660412762 0
80 -0.2356983690276632 0.4409606318456326 0
81 -0.2777851172084564 0.4157348056844461 0
82 -0.3171966428601973 0.386505226042573 0
83 -0.3535533913994049 0.3535533897871426 0
84 -0.386505227303356 0.3171966413239288 0
85 -0.4157348066170644 0.2777851158126944 0
86 -0.4409606325224543 0.2356983677614189 0
87 -0.4619397664902269 0.1913417156162101 0
88 -0.4784701680004405 0.1451423381843844 0
89 -0.4903926402614116 0.09754516070744733 0
90 -0.4975923633508308 0.04900857001519959 0
91 -0.4975923633252514 -0.0490085702749121 0
92 -0.49039264015214 -0.09754516125679323 0
93 -0.4784701677515301 -0.145142339004932 0
94 -0.4619397660412762 -0.1913417167000729 0
95 -0.4409606318456326 -0.2356983690276632 0
96 -0.4157348056844461 -0.2777851172084564 0
97 -0.386505226042573 -0.3171966428601973 0
98 -0.3535533897871426 -0.3535533913994049 0
99 -0.3171966413239288 -0.386505227303356 0
100 -0.2777851158126944 -0.4157348066170644 0
101 -0.2356983677614189 -0.4409606325224543 0
102 -0.1913417156162101 -0.4619397664902269 0
103 -0.1451423381843844 -0.4784701680004405 0
104 -0.09754516070744733 -0.4903926402614116 0
105 -0.04900857001519959 -0.4975923633508308 0
106 0.0490085702749121 -0.4975923633252514 0
107 0.09754516125679323 -0.49039264015214 0
108 0.145142339004932 -0.4784701677515301 0
109 0.1913417167000729 -0.4619397660412762 0
110 0.2356983690276632 -0.4409606318456326 0
111 0.2777851172084564 -0.4157348056844461 0
112 0.3171966428601973 -0.386505226042573 0
113 0.3535533913994049 -0.3535533897871426 0
114 0.386505227303356 -0.3171966413239288 0
115 0.4157348066170644 -0.2777851158126944 0
116 0.4409606325224543 -0.2356983677614189 0
117 0.4619397664902269 -0.1913417156162101 0
118 0.4784701680004405 -0.1451423381843844 0
119 0.4903926402614116 -0.09754516070744733 0
120 0.4975923633508308 -0.04900857001519959 0
121 -0.02425191141137278 -0.4591518946633533 0
122 0.02465457017516149 0.4553347176958163 0
123 0.1953515797010378 -0.4130362112009271 0
124 -0.199019277448844 0.4165467418034463 0
125 0.2322290228486576 0.3961128736986079 0
126 -0.2355355305561739 -0.3930361455104382 0
127 0.3643993800448578 -0.2710992192402195 0
128 -0.3697328038661746 0.2785508059941832 0
129 0.395189670195598 0.2364955041407304 0
130 -0.394716854697115 -0.2353553808707481 0
131 0.454753833821005 -0.06640158850649799 0
132 -0.4527190938088241 0.06865389338858854 0
133 0.4573590665503563 0.0668223467316927 0
134 -0.4525336408649588 -0.0684715386976633 0
135 -0.4291105000948094 0.1601396249467645 0
136 0.4314761352836044 -0.1534077543830376 0
137 0.3439541371974971 0.3052457185569879 0
138 -0.3398245084698127 -0.3065677333950543 0
139 0.4266095785605993 0.1555313732990951 0
140 -0.4314499356076284 -0.1539081990084949 0
141 -0.3081934676255859 0.334849947695843 0
142 0.305215721889133 -0.3382850488434442 0
143 0.1555452526441431 0.4344673310786922 0
144 -0.1552674159564598 -0.4308484937228887 0
145 0.1107558371936967 -0.4379686871533511 0
146 -0.113152289717651 0.4471886699976271 0
147 -0.4451527208281224 0.1131948945005626 0
148 -0.4113657477898757 0.08474663533039453 0
149 -0.4160345237205965 0.0426901089142699 0
150 -0.3787933831113092 0.05911644825489619 0
151 -0.3834278114139565 0.02165692486571602 0
152 -0.3479048273430673 0.03692495284028399 0
153 -0.3433993665845124 0.07353667771173163 0
154 -0.3156217870835497 0.05040098200397107 0
155 -0.3193287719547857 0.01683923852646014 0
156 -0.2889623825463708 0.03011039074250996 0
157 -0.2845139163379831 0.05986583730381431 0
158 -0.2614218077548623 0.04137836773195073 0
159 -0.2653836755050018 0.01351502638582577 0
160 -0.2400725481278565 0.02394527392896827 0
161 -0.2346338600256827 0.05168067580101746 0
162 -0.2428301846670218 -0.003577587416904443 0
163 -0.2186096022344099 0.008419516541379398 0
164 -0.22195176418206 -0.01633074966510218 0
165 -0.2001478998473484 -0.007502784941924431 0
166 -0.2028253767071322 -0.02937218837343016 0
167 -0.1829329233485057 -0.02092961818400757 0
168 -0.1799444293809609 -0.00112792020044991 0
169 -0.1853245193560553 -0.04239016503346717 0
170 -0.1644360191932269 -0.03144426033013473 0
171 -0.1684424866531836 -0.05433644479001964 0
172 -0.1503997064982167 -0.04629849192955513 0
173 -0.1528286501326377 -0.06552699182128174 0
174 -0.1359131799411196 -0.05815745483951223 0
175 -0.1378126792898094 -0.07640314846705569 0
176 -0.1198825697899272 -0.06720223200352814 0
177 -0.1229851411590623 -0.08680899678372918 0
178 -0.1075544304611902 -0.08020113930578721 0
179 -0.1090028060336953 -0.09797152895347669 0
180 -0.09188762789056255 -0.0897443361075364 0
181 -0.09446524186040511 -0.1086661698556749 0
182 -0.07771243589548155 -0.1019766586290939 0
183 -0.08006087305155718 -0.1194710566089232 0
184 -0.06302750197707467 -0.1125397068076174 0
185 -0.06543464409899324 -0.1304194340443876 0
186 -0.04881083004593438 -0.1231825729813802 0
187 -0.05091073913126251 -0.1417664113149165 0
188 -0.03308654330371549 -0.1341717843076553 0
189 -0.03568515228612089 -0.1531895841076457 0
190 -0.01811540867298272 -0.1454155024673162 0
191 -0.1337734518961928 -0.03958616093685353 0
192 -0.0155854606058608 -0.1267952805291792 0
193 -0.001062173050751872 -0.137602544873941 0
194 0.001377583723877455 -0.1206337476780333 0
195 0.01534380250737029 -0.1299150063606868 0
196 0.01766140506060354 -0.1139153807725347 0
197 0.03104620345052592 -0.1229586427721783 0
198 0.03269160948557327 -0.1063221781995727 0
199 0.04612391192489919 -0.1158854005253981 0
200 0.04762391885915217 -0.09979697009469986 0
201 0.06090359976798934 -0.1089777661714637 0
202 0.06287891824160191 -0.09296519256435512 0
203 0.07580125334903924 -0.1024013031805578 0
204 0.07787912040587981 -0.0861020446809079 0
205 0.09119124677438711 -0.09588673846164486 0
206 0.09313659988679392 -0.07868689779853924 0
207 0.1069851190077762 -0.08910926703674182 0
208 0.1084943218435524 -0.07175868192819651 0
209 0.06032292961613454 -0.126743229884342 0
210 0.1234602509154081 -0.08208913543597712 0
211 0.1211636941373641 -0.09990930271685203 0
212 0.1254154977137659 -0.06264243281832138 0
213 -0.09642630004735464 -0.1276699469412004 0
214 -0.002416629827297009 -0.1571053924652717 0
215 0.1413875288809924 -0.07446705638791193 0
216 0.1429272813159408 -0.05460517400009367 0
217 0.01730415862886317 -0.09744163995756597 0
218 -0.1527789278423747 -0.0851881708788766 0
219 0.1271410821153041 -0.04302625992631699 0
220 0.1442222701528653 -0.03504761587241172 0
221 0.1286814673495758 -0.02461713051493136 0
222 0.1453916516761486 -0.01630594543217244 0
223 0.1275874100933073 -0.005986139641388722 0
224 0.1461724011999723 0.002089040503808309 0
225 0.1312705320358066 0.01235921861751269 0
226 0.1472285578357513 0.02042117775981398 0
227 0.1322746541430377 0.03080869623165874 0
228 0.148623378524697 0.03888661098994321 0
229 0.1336811546036572 0.0490235187523259 0
230 0.1506565448623365 0.05771031580808633 0
231 0.1336105709148287 0.06925764732022927 0
232 0.163056835889378 0.01326353123903947 0
233 0.1525532097387129 0.07844026628276474 0
234 0.1357395944252185 0.09072037077418016 0
235 0.1161353673600718 0.08073370121232229 0
236 0.1175650057378158 0.1015595918102439 0
237 0.09630247774055573 0.09072005934204808 0
238 0.09939942372743996 0.111697267261078 0
239 0.07996845747882414 0.1032552485709954 0
240 0.08209312912185519 0.1225880045260831 0
241 0.0634641523900923 0.1132988500126577 0
242 0.06441888480585217 0.1339520508354577 0
243 0.04627211589616061 0.1249622380087788 0
244 0.04645803350177824 0.1457764283535767 0
245 0.02792548374673567 0.1368393084090888 0
246 0.02755984759475259 0.1575519769431945 0
247 0.006434544548539495 0.1452500372015162 0
248 0.1169205130437276 0.1257642906063177 0
249 0.1601500957863008 -0.06649892477881325 0
250 -0.2054912907570627 -0.05032999437989477 0
251 0.00711798808230484 0.1685180354187923 0
252 -0.01430550817651799 0.1586783163741561 0
253 -0.06059301188101521 -0.09746810167721039 0
254 0.04338983037550937 0.1686717808057362 0
255 -0.01614538251474296 0.1362165155175678 0
256 -0.03524661050821325 0.1472444584548578 0
257 -0.03383049364433869 0.1226506838240187 0
258 -0.03454697266066351 0.171168541992276 0
259 -0.05525472627816272 0.1352938721684901 0
260 -0.05471224324794836 0.1126058825214163 0
261 -0.05396188816692621 -0.161327580595539 0
262 0.118246063736008 0.02306923188269006 0
263 0.1704858118921249 0.06631306424028735 0
264 0.1725732981935519 0.08874892930757103 0
265 0.07930656248361463 -0.06980978800665712 0
266 0.04773216582879262 0.1065811205777171 0
267 0.1915756166791111 0.07526668303499899 0
268 -0.0756799963870774 0.1240333336439752 0
269 0.1939550492633049 0.09967316720576246 0
270 -0.03762838880284643 0.1011120869403575 0
271 -0.05384107503675307 0.09207805504772187 0
272 -0.03932641127820327 0.08307605669948691 0
273 -0.05295333321528822 0.07479950435713417 0
274 0.2161467703433463 0.0841060932748017 0
275 -0.04033661591788766 0.06703152622530999 0
276 -0.05262090310436433 0.05790440342011401 0
277 -0.06575983972461386 0.06628240186218524 0
278 -0.06565836387696095 0.05241991791864534 0
279 -0.07833137052975474 0.05812545484921723 0
280 0.2177154592308552 0.113098988000729 0
281 -0.07593054048808229 0.04236248826630712 0
282 -0.0397908340541193 0.05326126764481709 0
283 -0.03017255424793111 0.05958353079429564 0
284 -0.03022178790364956 0.04828145089367022 0
285 -0.02168776907589681 0.05288755056586157 0
286 -0.02212310958468712 0.04286221037368675 0
287 -0.013947996925236 0.04729437818275501 0
288 -0.01409172758791243 0.03888213537921227 0
289 -0.007456224188241966 0.04228257946289039 0
290 -0.00775644241150408 0.03488664255931753 0
291 -0.001539224576993388 0.03779410672996925 0
292 -0.002279425993291097 0.03060467875610614 0
293 0.004324820744391568 0.03423957095123081 0
294 0.003482919386539043 0.02807311807843324 0
295 0.009013939148076227 0.03078633077152824 0
296 -0.001018800634637705 0.02499534949834157 0
297 0.003048524460111211 0.02283643229754229 0
298 -0.0007317932828863243 0.02055490095293704 0
299 0.002608194507664014 0.0185520938025323 0
300 -0.0005937022957401791 0.01675509585689166 0
301 -0.00362521298004219 0.01838437205455498 0
302 0.002238968778792714 0.01500016382290655 0
303 -0.000456891348453315 0.01342123727843508 0
304 0.001954925221811078 0.01194720909703814 0
305 -0.0002423469141192055 0.01072084547774179 0
306 0.001657140493595884 0.009494471934785285 0
307 -0.0002358178334469003 0.008459189792224825 0
308 0.001543983721531644 0.007411546154422402 0
309 -0.0001297173029295744 0.006589890898269447 0
310 0.001367503458020923 0.00571081953794114 0
311 -5.604980844184937e-05 0.004928551816962233 0
312 0.001186817199622481 0.004193336097890363 0
313 -1.342870712194582e-05 0.003554623511986825 0
314 0.001106557646580208 0.002873729532731343 0
315 -1.769523820770874e-05 0.002259831901656126 0
316 0.001108192358428033 0.001609655542395231 0
317 -5.010811763207005e-05 0.0009986787623297263 0
318 0.001105492426041992 0.0003308346503948262 0
319 -8.597152515819407e-05 -0.0003010130720345753 0
320 0.001006302414893508 -0.0009954982638007992 0
321 -0.000160788862123222 -0.001662798705512969 0
322 0.0009920259648421438 -0.002395547518155752 0
323 -0.0001988181333371132 -0.003085660093914918 0
324 0.001035257033006469 -0.003821382536282444 0
325 -0.0002595513558873571 -0.004605316030080443 0
326 0.001347159774264372 -0.005372281201301576 0
327 -0.0003624169345240146 -0.006244236775306264 0
328 0.001153023415183428 -0.007182739359322123 0
329 -0.0004424565842902865 -0.008044005105896059 0
330 0.00114780941819655 -0.009050742761270117 0
331 -0.001170807254631227 0.002943908885720862 0
332 0.002178892011090841 0.002208979992711841 0
333 -0.00141687826454774 -0.002325254650386402 0
334 0.002082018118318807 -0.002861093793469457 0
335 -0.002025102731333576 0.009417044104977571 0
336 0.003253423566216 0.008263774859294984 0
337 0.005214712649877017 0.01641283880496399 0
338 -0.002014879187638515 -0.00707429676181511 0
339 -0.002092313079753961 -0.008916464674044351 0
340 -0.003683308369837831 -0.007915490327134577 0
341 -0.003762888105710263 -0.009797363872438909 0
342 -0.005366469208286057 -0.008764204326128847 0
343 -0.005502917611596539 -0.01076146873727941 0
344 -0.03008352603335822 0.03866332777669004 0
345 0.009841058544843836 0.03674213560238184 0
346 0.01498431827632465 0.03321141661424568 0
347 0.01584456569551966 0.03981744467054631 0
348 0.0211910292666887 0.03564293464221605 0
349 -0.005221106342013982 0.05128391502360204 0
350 -0.09102874822586526 0.04938774581625117 0
351 0.01973676595547386 0.02869609963042949 0
352 0.02641428073785307 0.03139469268099862 0
353 0.02751259212490825 0.03854998463997658 0
354 0.0334103004900435 0.03360109980673381 0
355 0.0347378263372814 0.0416158476973657 0
356 0.04106521413231359 0.03578062281073436 0
357 0.03864639261377213 0.02739874532754672 0
358 0.04688076653286624 0.03001938503040422 0
359 0.04524518141532917 0.0222852296318122 0
360 0.05264557857402099 0.02452073655173693 0
361 0.05055549298346435 0.01629708067946848 0
362 0.241138745649414 0.09624663124076872 0
363 0.2380926874522692 0.06570096754211036 0
364 0.02504570475550846 0.02530838275936022 0
365 0.0548877046278043 0.03247258121454559 0
366 -0.005256806830635526 -0.006935382505956812 0
367 -0.006868378954214608 -0.007709170713729737 0
368 -0.006750672945893248 -0.005982282928201651 0
369 -0.008248898284511667 -0.006703257941648615 0
370 -0.008123168702280661 -0.00511464441041946 0
371 -0.009518480512207491 -0.005771878645367119 0
372 -0.009394010352046827 -0.004320146740840945 0
373 -0.01071240848168562 -0.004907574021825512 0
374 -0.01091991095601699 -0.006316470895448672 0
375 -0.01059264227125188 -0.003560445383324139 0
376 -0.0118063996129217 -0.004095877815088624 0
377 -0.01171628627582327 -0.002823793104189666 0
378 -0.01283559499305158 -0.003343531082192304 0
379 -0.01273624128206547 -0.002126335867177993 0
380 -0.01165264178182948 -0.00158218410992316 0
381 -0.01264833874021006 -0.0009354871626851095 0
382 -0.01160431709922395 -0.0004133129079381638 0
383 -0.01258104812620631 0.0002214630402387751 0
384 -0.01359727193508539 -0.0002776161939649292 0
385 -0.01352495568930992 0.0008392834635999431 0
386 -0.01452038227231663 0.0003713955921872836 0
387 -0.01446049307924888 0.001473213318084067 0
388 -0.01340183152962746 0.001933891898051592 0
389 -0.01441191984792881 0.002625547060920565 0
390 -0.01327477542085383 0.003132559601475405 0
391 -0.01432597132021909 0.003863925852941605 0
392 -0.01543589248229878 0.0009654784597708388 0
393 -0.01320217091402998 0.004453130705366505 0
394 -0.01432070847521129 0.00518476043722694 0
395 -0.01548247044592738 -6.203670414472991e-05 0
396 -0.01633577025590857 0.0004933213678305521 0
397 -0.01639895277430004 -0.0004637470672818942 0
398 -0.01720037168760673 5.707598620841806e-05 0
399 -0.01725335395410418 -0.0008551960244520403 0
400 -0.01714108808401449 0.0009284158316029027 0
401 -0.01208438200563535 0.003679057278406869 0
402 -0.01199848579151549 0.005053278284731886 0
403 -0.01087042880881405 0.004290609317650686 0
404 -0.01799337945234459 -0.0003774335003524589 0
405 -0.01804678453025148 -0.001236973367921835 0
406 -0.02264072415160664 -0.000220190331303583 0
407 -0.01075665247941369 0.005722264319568115 0
408 -0.009511015033297682 0.004862275972961512 0
409 -0.01732286690951525 -0.001739659014636894 0
410 -0.01812736300878104 -0.00211350755640568 0
411 -0.01740047524208581 -0.002634023902308632 0
412 -0.0182265372065015 -0.003018242623646143 0
413 -0.01746763246494049 -0.003555512663021075 0
414 -0.0183288788996125 -0.003941896232543827 0
415 -0.01753534886872496 -0.004528263870848576 0
416 -0.0184757593582411 -0.004966471397081698 0
417 -0.01758465899669615 -0.005613042321307195 0
418 -0.01862893356461502 -0.006071490148835403 0
419 -0.01758986167184181 -0.006849932022432703 0
420 -0.01883560424787636 -0.007489875182442476 0
421 -0.01961039807791957 -0.005239971276284063 0
422 -0.01890772668058359 -0.002443618887956342 0
423 -0.02295805540571496 -0.001230575097263388 0
424 -0.008118526892150929 -0.003615970242581056 0
425 0.05830210987438883 0.01960810428018099 0
426 0.05684934841643596 0.01130580397713437 0
427 -0.09022576524263964 0.03419089731397992 0
428 -0.07720485466949928 0.02736579391021704 0
429 0.2437980146105669 0.1253201316170608 0
430 0.2181071198694545 0.1429213555026708 0
431 -0.1050314338820849 0.04096891544762333 0
432 -0.1047019122926122 0.05713503919328848 0
433 -0.009409868254740099 0.006424932254707059 0
434 -0.01074272028436094 0.007269785250755468 0
435 -0.008160257110006959 0.0055448398263348 0
436 -0.008264608168344479 0.003973657582034971 0
437 -0.0886986804003263 0.02023778020927533 0
438 -0.07526574175904988 0.01447189922517053 0
439 0.2653159014777348 0.07903374655471421 0
440 0.2612479974893885 0.04743699989409246 0
441 -0.08633558150490124 0.00738121124918174 0
442 -0.0755661370582876 0.002917195095517119 0
443 -0.06675785931405143 0.007647005842170181 0
444 -0.06683542309362583 -0.001400889421659582 0
445 -0.07446778492511741 -0.007347034348560215 0
446 -0.06548696022866959 -0.010892666004735 0
447 -0.05936666728585815 0.003660940401860619 0
448 -0.07328732950401852 -0.01677665522428775 0
449 -0.06450433123137089 -0.0201638030635674 0
450 -0.05712332119493746 -0.01481703829675787 0
451 -0.05627178828599597 -0.0233181867364492 0
452 -0.04987223052860319 -0.01883133926755321 0
453 -0.04843560837377301 -0.02620923053190508 0
454 -0.05487851721032354 -0.03132635481588682 0
455 -0.04648811079417538 -0.03413352270186523 0
456 -0.0432332662853261 -0.02144194879748207 0
457 -0.04416232450879122 -0.0147887801833526 0
458 -0.03888538867368857 -0.01732429193936997 0
459 -0.03930412374206775 -0.01234116676325395 0
460 -0.03498470060902368 -0.0140474234520657 0
461 -0.03409740055353748 -0.01893399964639591 0
462 -0.05904594799657565 0.01131788549438245 0
463 -0.05207740370902337 0.007755615786741636 0
464 0.06486908086525049 0.01412046440818113 0
465 0.06264288558499288 0.005040796265143666 0
466 0.05396151473173352 0.003664119644441281 0
467 0.05999154555479332 -0.003044521786081407 0
468 0.05103275867799667 -0.004753588373256228 0
469 0.05744577319870543 -0.010807583681334 0
470 0.05005794284584696 -0.01223068643741518 0
471 0.05532527598440398 -0.01826709513889649 0
472 0.04690792653076954 -0.01908469213411804 0
473 0.06191000081679779 -0.01619528234024231 0
474 0.04987609382815722 -0.08320394911504164 0
475 0.05309390927345548 -0.02579739589702882 0
476 0.04523280714894215 -0.02739939424104364 0
477 0.03986264436120891 -0.02207560818381632 0
478 0.03797078212745853 -0.02897868822068051 0
479 0.03295336248047279 -0.02323693049178605 0
480 0.03133606184822791 -0.02998788046714825 0
481 0.02698838140223071 -0.02541130306732402 0
482 0.02524623568962165 -0.03116180226197773 0
483 0.0215038500450833 -0.02658521601426363 0
484 0.01920879106276118 -0.03224774205760723 0
485 0.0233944318968247 -0.03739996990653136 0
486 0.01627524032229236 -0.03884775435789667 0
487 0.01240158503012179 -0.03267630715747424 0
488 0.009428013293792073 -0.03871976823499482 0
489 0.005181676848420806 -0.03379078730587341 0
490 0.0023652062814222 -0.04057927883730196 0
491 -0.002252872175512333 -0.03485742292361196 0
492 -0.005268507139841865 -0.04186068176225603 0
493 0.02306726477586437 -0.02148599499065118 0
494 0.01837973050210469 -0.0224163964393702 0
495 0.01990503127906595 -0.01812943336016954 0
496 0.023901849653829 -0.01725116200175217 0
497 0.02103960213499571 -0.01448723167311919 0
498 0.01767807625500901 -0.01530865472487846 0
499 0.01852420971461061 -0.01196123576282333 0
500 0.002789611856390175 -0.008126016984580087 0
501 0.002856672556137552 -0.0100956338801836 0
502 -0.003676593046334878 -0.01199026381277469 0
503 -0.005764098470847912 -0.0131485895114746 0
504 -0.01755926569196992 -0.008331935622055253 0
505 0.004769138077592731 -0.008799002745507337 0
506 0.004713322786893369 -0.0111945479414292 0
507 -0.01916973547722626 -0.009093897383362281 0
508 -0.01759233776828367 -0.01009689424980622 0
509 0.02413097475571584 -0.01378586832320162 0
510 -0.01969634674172386 -0.01098493829210442 0
511 -0.01751076760373885 -0.01235281798096529 0
512 -0.02134915209163164 -0.009480342364300256 0
513 0.02063296383856298 -0.04494657713451917 0
514 0.04250228501826532 -0.03555247599695478 0
515 0.006614775774008438 -0.01001166100459181 0
516 0.006760056568036251 -0.007937176078840025 0
517 0.006674944945087937 -0.01241546702588152 0
518 -0.003576663650222923 -0.01456089993867418 0
519 -0.006015694610321969 -0.01579004059314244 0
520 0.0005051253268557193 -0.04864530856435981 0
521 -0.008819787483388722 -0.0497772568296275 0
522 -0.05335788376447918 -0.03982688192031849 0
523 -0.009221450750610198 0.008110641584716003 0
524 -0.01087746209765791 0.009099624649690097 0
525 0.2459598132214902 0.155320673372375 0
526 0.2190030572611134 0.17328974589615 0
527 -0.03598431986875764 -0.00975957184123585 0
528 0.008412350960801583 -0.008809993969530845 0
529 0.00824672591584197 -0.006659222706877724 0
530 0.043325455455343 0.01551908076557967 0
531 -0.001539757902358031 0.005671355386843028 0
532 0.01005863525195129 -0.007642035176695912 0
533 0.009964443230708863 -0.00578092815192956 0
534 0.01164199675846623 -0.006616126518330448 0
535 0.01157358714649796 -0.004671766681868062 0
536 0.01305814800071839 -0.005591088482902058 0
537 0.01309145292405187 -0.0040345056633457 0
538 0.01436834708121531 -0.004728954950248132 0
539 0.01422765618973846 -0.003281352076042993 0
540 0.01312096051964897 -0.002651816421469577 0
541 0.01417366779222336 -0.001965931679744889 0
542 0.01305664338801095 -0.001358114745706356 0
543 0.0141196155445702 -0.0006954899459623004 0
544 0.01302600919817869 -0.0001054573059630125 0
545 0.01409293433490337 0.0005610688922325596 0
546 0.01298695738938418 0.001161995323125673 0
547 0.0140706161952791 0.001808919219886057 0
548 0.01528074101485473 -0.002548415173217476 0
549 0.01516858974581224 0.001202611151433192 0
550 0.01514469866343286 0.002421557632953643 0
551 0.01406530331530913 0.003105221140329541 0
552 0.01513747359323228 0.003784062942958302 0
553 0.01189219948482878 0.000506130509632841 0
554 0.01620413712244555 0.001883941926951942 0
555 -0.1214062552553443 0.04789514642516061 0
556 -0.1209654985584242 0.06690902921834491 0
557 -0.008458523580633162 -0.008389754153081344 0
558 -0.02022776730977318 -0.01346483368235641 0
559 -0.01750282212532161 -0.01521500495953083 0
560 0.04691791250682965 0.001125665355514388 0
561 0.07178821841598085 0.007165647259394975 0
562 -0.01332141817516692 -0.1091379792518557 0
563 -0.04474639232465272 -0.04267201270767704 0
564 -0.02309834818862754 0.09062639258347534 0
565 -0.13904274999041 0.0561208499136549 0
566 -0.1407196095550869 0.07751801338115299 0
567 -0.05241381866231102 0.01505859205807363 0
568 -0.04621597875890084 0.01165483951095368 0
569 -0.1191222582689675 0.0302842364443147 0
570 0.008504424212554261 -0.004819566151846418 0
571 -0.009577806629983376 -0.03590656974588247 0
572 0.04308013664606929 0.04427555507717994 0
573 0.03571097483312161 0.05074950476917794 0
574 0.04579085546319245 0.05397996932021798 0
575 -0.01362941978027709 0.03204201713019297 0
576 -0.03953784778080528 -0.007885438988179942 0
577 -0.03623852720163388 -0.006329510572316961 0
578 -0.03350429599878438 -0.00754211946122476 0
579 -0.03341223172929101 -0.004683900333067659 0
580 -0.03592335441855347 -0.003359426860058953 0
581 -0.03125825938558265 -0.006075177682889775 0
582 -0.03108241486460019 -0.008413607861372635 0
583 -0.02931688088265466 -0.006823864505252238 0
584 -0.03350295527887352 -0.001988522924578847 0
585 0.2906329349779042 0.06108022151364204 0
586 0.2869499158317091 0.0295345955395235 0
587 -0.002889535414797713 -0.05719220391709438 0
588 -0.01323786867556374 -0.05806051765345351 0
589 0.07402491282396875 0.01732384647388843 0
590 -0.01297879031374342 -0.004585462669315447 0
591 -0.07222686150832089 -0.0265262429432774 0
592 -0.08185087708454968 -0.02271995312447341 0
593 -0.0287816097917129 -0.009073494096704118 0
594 0.2567751792093816 0.01591655967459932 0
595 0.2821926885891087 -0.003207654825238466 0
596 0.313425155066369 0.009799505760208891 0
597 0.3082185827190746 -0.02337438697273057 0
598 0.2770431701006801 -0.03569844176196443 0
599 0.3027590616014831 -0.05655420942346921 0
600 0.2716973573664296 -0.0679311756008121 0
601 0.2972085518955714 -0.08940484728104976 0
602 0.2660794951570228 -0.1001443602314909 0
603 0.2913726907478416 -0.1223586673116964 0
604 0.2600440011773145 -0.1334988497596596 0
605 -0.01873911611688146 -0.0007541652493891967 0
606 -0.01870371985491161 5.283430971395503e-05 0
607 -0.01940327700349033 -0.0002985306565082555 0
608 -0.0193706104533611 0.0004663405473506226 0
609 -0.02001823037503253 0.0001531941900252516 0
610 -0.02003184790469788 0.0008515189337725896 0
611 -0.02275721081156367 0.0007623588451848253 0
612 -0.02016769724226425 -0.0005810511667846122 0
613 0.002277587009665771 -0.0003304364986163591 0
614 -0.2688312932202513 -0.01652741031525989 0
615 0.01186416031532116 0.001805013837335956 0
616 0.01073487775853773 0.001121026086352351 0
617 0.0107078818462413 0.0024698075730119 0
618 0.009535773462263222 0.001781438875930745 0
619 0.009518634829898395 0.003165979953749883 0
620 0.008319279424091738 0.002449933529210944 0
621 0.008361098943146475 0.001061111766140932 0
622 0.008296246811009491 0.003861298481688268 0
623 0.009574892974667033 0.004644761052234718 0
624 0.002497191298641694 0.00477948383684918 0
625 0.271945079598898 0.1375327788254862 0
626 -0.02071540688843877 -0.01664780642359734 0
627 -0.03594861117626843 -0.0006467942588559766 0
628 -0.03363322764287191 0.0006161403584907239 0
629 -0.01933781032701535 0.001222112236131366 0
630 -0.02012901990397791 0.001667915305011433 0
631 -0.0193236511696391 0.002015877539031885 0
632 -0.02000337405298964 0.002473112951067168 0
633 -0.01925191623880379 0.002852483600188492 0
634 -0.01999938433540641 0.003321550311728469 0
635 -0.0191895416792259 0.003768364332377385 0
636 -0.01993583455881508 0.004152214256926391 0
637 -0.02072491501627326 0.003002758935889839 0
638 -0.02335085696619255 0.001694692451906855 0
639 -0.08074978588447795 -0.03339502757219297 0
640 -0.001197163050947035 0.0004071423931619171 0
641 -0.03743294543686838 -0.1738860599424945 0
642 -0.05724951903373841 -0.1825086246643511 0
643 -0.03831299449184143 -0.1965053099879439 0
644 -0.06075349772441609 -0.2058565629196844 0
645 -0.04014120738756968 -0.2209622970481241 0
646 -0.06450242338490621 -0.2305370998342678 0
647 -0.0851510431858746 -0.2148429209864185 0
648 -0.04260828489964778 -0.2461092855761032 0
649 -0.01791271735337494 -0.2358777910514406 0
650 -0.08954741462289298 -0.2400803330185586 0
651 -0.1115217248380929 -0.224128120525816 0
652 -0.02070975286105983 -0.2633073370310434 0
653 0.005244565599993632 -0.2514179512170162 0
654 0.002593414618651539 -0.2806465939822615 0
655 0.02943283886905352 -0.2679155839167128 0
656 -0.1164805686335657 -0.252143320041141 0
657 -0.1405408491563648 -0.2331922757923791 0
658 -0.02490481407244974 -0.2933081669190201 0
659 0.03154680955176586 -0.2381311697422268 0
660 0.05690791204476545 -0.2541879805858756 0
661 0.05464351657879127 -0.2853932868254352 0
662 0.08245756745780029 -0.2708589629234573 0
663 0.08428274050005981 -0.2399016369770135 0
664 0.1100094028743426 -0.2565672758843238 0
665 0.1095918498487681 -0.220763156038825 0
666 0.1374931438206174 -0.2416578582065195 0
667 0.1386681841579536 -0.2104417189949746 0
668 0.1664178224939433 -0.2269738545324225 0
669 -0.1448064028391399 -0.2649458484165695 0
670 -0.1695610193888438 -0.2451505118396085 0
671 -0.1640490865429866 -0.2136640186053851 0
672 -0.1935913431181676 -0.2242976297053018 0
673 -0.1886240375996041 -0.1938159334140254 0
674 -0.2177455692419115 -0.2035650201340058 0
675 -0.2130852644103563 -0.1734169933299129 0
676 -0.2430939538096509 -0.1840005868597547 0
677 -0.1198012467578183 -0.2837771190224853 0
678 0.1651241384609761 -0.2604692407796626 0
679 0.1956546015070049 -0.2441526487406731 0
680 -0.2370585775890755 -0.152692774731763 0
681 -0.2684105772732577 -0.1637730121828597 0
682 -0.0005456496415811249 -0.3122268325779956 0
683 -0.02951584721129264 -0.3257382128551531 0
684 0.2486273811452595 0.1874961786834361 0
685 0.2212167871685035 0.2053326429006464 0
686 0.1914558823765185 0.1907397780217175 0
687 0.1933769276633483 0.2228760997250896 0
688 0.1643700048813558 0.2079247760308848 0
689 0.1657890967309534 0.2402053293550461 0
690 0.1368201173680148 0.2250877841385941 0
691 0.1381470218501455 0.2576698280892022 0
692 0.1088685557634972 0.2423461773585163 0
693 0.1101957603407866 0.2750357742683183 0
694 0.08078275335695251 0.2586095667088306 0
695 0.08304753632750668 0.2930050116144294 0
696 0.04881454277188532 0.271141183747047 0
697 -0.05095358570489748 -0.04763830042822214 0
698 -0.003406254146660739 -0.01761858475144372 0
699 0.1580792797611625 -0.08793696480228022 0
700 -0.2002317205271728 -0.2563228615102229 0
701 -0.2620295456725599 -0.1314400168002582 0
702 0.09923220647753178 0.07214922659587639 0
703 0.05251165880649879 0.3119518595812572 0
704 0.02120523851986861 0.2946399534686043 0
705 0.02975801248436184 -0.1404655372101558 0
706 -0.0165649377369151 -0.002176212563662811 0
707 0.07967482730215013 -0.3033567436295526 0
708 0.08333664500532072 0.1439977993562711 0
709 0.01206991862982492 -0.002135697762383919 0
710 0.1932727826950505 0.2572631444864646 0
711 0.1403569244787234 0.2905331226424726 0
712 0.007123771452894551 0.001714395797497607 0
713 0.007173114547783969 0.0003192844551555338 0
714 0.2859411679870976 -0.1553582313399838 0
715 -0.1260713311343193 -0.1049156486818806 0
716 0.01181416975374191 -0.008339858419324298 0
717 0.02028920101241844 0.02283260015995166 0
718 0.02398588275255379 0.02007838737800626 0
719 0.01997087766837125 0.01823825008612073 0
720 0.02296942743747845 0.01586739588060675 0
721 0.01938987179185682 0.01412085900416529 0
722 0.02235036175947669 0.01238663506491353 0
723 0.02525932569066458 0.01329492294542144 0
724 0.02467171720270753 0.01061442239447211 0
725 0.02733595381675532 0.01130746997321464 0
726 0.02216122740176505 0.009711550499383676 0
727 0.02673401751421242 0.008536082881707733 0
728 0.02926146252015419 0.009432310809778216 0
729 0.02838776782020956 0.007148031316342636 0
730 0.03082142299829942 0.007453257232392125 0
731 0.03065965524976122 0.004976043699792926 0
732 0.03309303492509844 0.005925638660565142 0
733 0.03252257041711445 0.003328887055723397 0
734 0.03005279077015536 0.01233280358270139 0
735 -0.006926699243416759 0.004646658644446367 0
736 -0.007065652374232416 0.003135704172872426 0
737 0.161552228498864 -0.02606340141046564 0
738 -0.04631857934681081 0.01838169851238773 0
739 -0.04181642977576353 0.01544081103959662 0
740 0.113645653260837 -0.03337665052967758 0
741 0.08922531291741168 -0.1130304004618339 0
742 -0.009037802942082902 0.01002945726188637 0
743 -0.01078860629198757 0.01123189026330768 0
744 -0.01279135664240393 0.01014399655691605 0
745 -0.01273373038139796 0.01249203045743348 0
746 -0.01490115641566 0.01129122943326778 0
747 -0.014865795441972 0.01390309504312395 0
748 -0.01711081486055943 0.01259124974487028 0
749 -0.017212060024081 0.01542695394503812 0
750 -0.01992114287724239 0.01345459153945157 0
751 -0.01995359652600188 0.01724321677893512 0
752 -0.0145118124034106 0.01687659400588615 0
753 -0.02295911935956235 0.01551373353094262 0
754 -0.0231036404006547 0.01945342243648954 0
755 -0.0230466444405837 0.01201098795014212 0
756 0.1667712973095157 -0.1953104604597764 0
757 -0.01630905755671464 -0.007566943502090934 0
758 -0.01547548011263261 -0.01108467748487669 0
759 0.1943076533008926 -0.2794447173199295 0
760 0.01451691915762974 -0.006253807069568614 0
761 0.01585526413498275 -0.005272224371091812 0
762 0.008217832419886242 0.005427527530944859 0
763 0.009618498816057641 0.006239622052206971 0
764 -0.2943946273854583 -0.1428811766437774 0
765 -0.02951017087054319 -0.00494905566142914 0
766 -0.02725012812610845 -0.0007961490730889195 0
767 -0.02668389233947868 -0.001697427475708201 0
768 -0.02793401753047049 -0.005519051977813584 0
769 -0.02473557677944484 -0.002380129119827408 0
770 -0.0257845054943217 -0.002241987896904234 0
771 0.08047806776215252 -0.2091654832982042 0
772 -0.006512077015319664 -0.06627607130244245 0
773 -0.0176113816444048 -0.06796418163642559 0
774 0.003710200603836806 -0.06491402977831068 0
775 -0.01771765101369685 -0.01881850360123395 0
776 -0.007034374436063661 -0.01883148766400509 0
777 -0.0214985249924699 -0.02056425757191298 0
778 -0.03590996956729259 0.002074933177166722 0
779 -0.03319922394202005 0.003436152906907472 0
780 -0.03914126066640566 0.0007378059470086291 0
781 -0.07616325878756756 0.1486380126995276 0
782 -0.09874778637412053 0.1357592981972012 0
783 -0.0986037169640393 0.1625396581076443 0
784 -0.1229015478981884 0.1482194500322957 0
785 -0.1224293248321138 0.1770036818573994 0
786 -0.147868467677596 0.1620755733618549 0
787 -0.1476350558483317 0.1924064872785132 0
788 -0.1737077662755123 0.1769500477761016 0
789 -0.1208430646184682 0.2070856975170124 0
790 -0.1477142993579512 0.2238847712198026 0
791 -0.1181017129522696 0.2395562021005873 0
792 -0.1476367529025684 0.2571906465595609 0
793 -0.1176257275623367 0.2737350996009101 0
794 -0.1772444037413324 0.2403204808056661 0
795 -0.1777177664262872 0.2755395808219963 0
796 -0.2073891067284332 0.2575689456978171 0
797 0.01620440594352023 0.0006723285645883335 0
798 0.01719355895557747 0.001303278051553042 0
799 0.01719907627742494 0.0001938516456389946 0
800 0.01810106127711184 0.0006725582353997402 0
801 0.01810230128273394 -0.0002845875637117202 0
802 0.02263521844652852 0.0002404846731139246 0
803 0.01813447173205253 0.001682388848221046 0
804 0.01890703348625914 0.0001454884803173096 0
805 0.01890669748382843 -0.0007583834041987376 0
806 0.01965912710684447 -0.0003480505506158421 0
807 0.01969619778495683 -0.00121274445301477 0
808 0.02276883795484618 -0.0007807725456540587 0
809 0.01891673303178841 -0.001656464552478572 0
810 0.01974330311429421 -0.002106384015758704 0
811 0.01980775285404471 0.0005361774915797249 0
812 0.0189213399869391 -0.002579655571732083 0
813 0.01975998583120839 -0.003038056920471789 0
814 0.02058433978001272 -0.002541586176700473 0
815 0.02062580231166834 -0.00347345506246925 0
816 0.02332685290962912 -0.001690194014510543 0
817 0.01982244518855638 -0.004082565852459208 0
818 0.02079788976156167 -0.004579314572913266 0
819 0.01984590302362121 -0.005298267110801516 0
820 0.0209716076529782 -0.005861713153719385 0
821 0.02204367201974452 -0.005013967622936286 0
822 0.02222172946852153 -0.006420004387114419 0
823 0.02334556313819054 -0.005453136494910063 0
824 0.02423886542669975 -0.002279438798650029 0
825 0.02353562929508716 -0.006972992502689821 0
826 0.02461748112519609 -0.006098393444760396 0
827 -0.0874950515768706 0.2553752555790844 0
828 -0.08630155379121907 0.2907452956477336 0
829 0.03714000436643843 0.06098566101900252 0
830 -0.005721415851469409 0.003767995668758432 0
831 -0.005884427273617546 0.002305836079017049 0
832 -0.007191418968347317 0.001680543765442857 0
833 -0.006038120442179364 0.0008711021300758196 0
834 -0.01837837254982443 0.003245921282462557 0
835 -0.01829553601110945 0.004267217910562634 0
836 -0.1736224730219363 0.1463856482347437 0
837 -0.2001277202074967 0.1612580413333389 0
838 -0.02065167008641628 0.0005095200264321263 0
839 0.02038303041156802 -0.0008457625811419314 0
840 -0.02593015248555461 0.01372937853229082 0
841 -0.0255282857350034 0.01045712963507293 0
842 0.01401772100972006 0.0045363117666303 0
843 0.01527173234509368 0.005296938516272225 0
844 0.01391096228140144 0.006149851808957182 0
845 0.01543496640208918 0.006987540307784502 0
846 0.01386962888207785 0.007940946097369107 0
847 0.01690722516819845 0.005775864882409327 0
848 -0.005327626047440854 0.005103348003327629 0
849 0.02167319608705176 0.3318395832015459 0
850 -0.2887740997580263 -0.1090993398100847 0
851 0.08171819280721877 0.00980677044076078 0
852 0.0249059233053233 -0.007565551044062439 0
853 0.02619793958626308 -0.006523040195017728 0
854 -0.01059253310412553 -0.001035330026299768 0
855 0.178881435939591 -0.07930860554021742 0
856 0.1784014589818934 -0.1037585419297606 0
857 -0.09107690269093074 -0.02910279156994087 0
858 0.02653040798015407 -0.008415965557979892 0
859 0.02825682227300596 -0.007196905782212045 0
860 0.0285466591133784 -0.009458534986638014 0
861 0.03066135579345962 -0.007896828157261634 0
862 0.02750802993539322 -0.01614822694795139 0
863 0.02967390322939981 -0.004980203879632264 0
864 0.02627029900557155 -0.002065341469089796 0
865 0.03278053986787756 -0.006011739405745745 0
866 -0.1499600835328757 -0.2979593877694007 0
867 -0.1220557076610454 -0.3191711789484776 0
868 -0.2743407577336848 -0.1966117593719142 0
869 0.340933585931629 -0.0111979258481921 0
870 -0.1163819835288752 0.3097189154285541 0
871 -0.08430585876877668 0.3273604543896925 0
872 0.008138451061623451 0.007135573776312638 0
873 0.05600312251791004 0.3491014564274006 0
874 0.02649129910346443 0.006245047098916612 0
875 0.02626372554380856 0.0020112076848749 0
876 -0.1605116623467195 -0.1828768962336404 0
877 -0.01667162576964801 -0.004073523187846911 0
878 0.3279321245141805 -0.07774581622341413 0
879 -0.1592272092114488 0.06519238348108912 0
880 -0.00250913422875145 -0.3463888355114549 0
881 0.226132598216867 -0.2623464248786603 0
882 0.03062566485287895 -0.0111085605921826 0
883 0.01648950226296156 0.01643742409698696 0
884 0.004472226718714136 -0.01375802653752382 0
885 0.006803257993902989 -0.01518956226826698 0
886 -0.005281287620294152 -0.005365332581701019 0
887 0.04776265105659325 0.06537070325846611 0
888 0.05719233738124002 0.05731849067279882 0
889 0.2513779289842411 0.2212734524194887 0
890 0.02140330363804682 -0.002924553503177356 0
891 0.1407351019325058 -0.1797603975768949 0
892 -0.01063778455730396 0.0001513173921805579 0
893 0.02927578373842866 0.02100041628533315 0
894 -0.03800449943709466 -0.03664647328255752 0
895 0.01882786383153983 0.2630242698522153 0
896 0.3459533716996124 0.02441656207807188 0
897 0.03532086373559669 0.004207138331884709 0
898 -0.05198122291126192 0.02290531947345382 0
899 0.2805075357084502 0.2017775991854567 0
900 -0.3215042631198742 -0.1212129291493775 0
901 -0.3156691089786686 -0.08607010712616125 0
902 0.08428806159264815 0.02039296739531756 0
903 -0.0898373253798678 -0.04091131471305394 0
904 -0.05282376827417402 0.000706165528594202 0
905 -0.1994969788797185 0.130701512835352 0
906 -0.2273173747527444 0.1448930202071796 0
907 0.008417638839698248 -0.000346147313860892 0
908 0.007220126690513623 -0.001095616614542163 0
909 -0.2064771140552737 -0.143717553131911 0
910 -0.028670881288239 0.01151395481046153 0
911 -0.02913465380141941 0.01535952265534517 0
912 -0.04027970916646315 0.02063706372093273 0
913 -0.01657464718497318 0.01011928528051648 0
914 0.005943041368666893 0.0009808193835235375 0
915 0.005901548934293865 0.002354028191790229 0
916 -0.007272895225738128 0.0002782333287606069 0
917 -0.006178957240960564 -0.0005075984243332168 0
918 -0.2088466602546482 0.2942134143721963 0
919 0.00397137577064739 -0.01697563052456833 0
920 0.006968564577528456 -0.01853701899964633 0
921 0.003714738883571081 -0.02064128211877021 0
922 -0.008450546803172691 -0.01415279547782866 0
923 0.2473408841759519 -0.04678261552901392 0
924 0.01595705554003097 -0.006952608674482177 0
925 0.0198613219297417 -0.006623370150549376 0
926 -0.03611907632065202 -0.04526355555444082 0
927 -0.0817121036320418 0.07238945215315185 0
928 0.1744184595725413 0.1143727429721152 0
929 -0.03423701983639282 -0.3609713561414103 0
930 0.3187613134258893 -0.1440176013155273 0
931 0.009682631960712375 0.008119880065544444 0
932 0.008005364565506386 0.009129474668644852 0
933 0.009803092086892062 0.01017808111695133 0
934 0.3750542962354924 0.003741905954208639 0
935 0.07909533074047989 -0.000645500078059083 0
936 0.09001120348340716 0.002151963596012041 0
937 -0.03150507922490989 -0.0005541573150387373 0
938 0.01708359163263441 0.007835520338365813 0
939 0.2540877804960499 -0.1672922160967744 0
940 0.2830253988921918 -0.188928589199345 0
941 -0.01053703223172574 0.01365355176385944 0
942 -0.004897320674834881 5.130785537771242e-05 0
943 0.009447333976910248 -0.01351734304035468 0
944 0.1625214528381825 -0.2961451079178796 0
945 0.02722518014028568 0.05748294705108464 0
946 0.02807141978649086 0.0678576274530558 0
947 0.02135137291878355 -0.002083543932912404 0
948 -0.2289069296001798 0.1763315641326558 0
949 -0.257138518616373 0.1596869051801216 0
950 -0.2587345988315519 0.1940259106483401 0
951 -0.2893803503870934 0.1759886218576989 0
952 -0.02320594861268537 0.0090985140314029 0
953 -0.02512259327301387 0.007794496015838051 0
954 -0.02460894552775619 0.002464923096628971 0
955 -0.005029798104573802 -0.001325128531542399 0
956 0.08687577519915739 -0.009198556714684562 0
957 0.02243934176998548 -0.008006049298187845 0
958 0.01813836058186256 0.06429470710600738 0
959 0.01875519555887893 0.07546343137402159 0
960 0.03383285256938313 0.008724903759497121 0
961 0.01806800489015063 -0.002124034122878231 0
962 0.01807044661394754 -0.003134579915922252 0
963 -0.007383710003400462 0.008840228863907035 0
964 -0.00713106774180305 0.01090653545773194 0
965 -0.07359244591503357 -0.1688553847755124 0
966 -0.004571397654082484 0.002847976043413776 0
967 -0.349685286560985 -0.09876952170546534 0
968 -0.07864030142560582 -0.0452307450301932 0
969 0.006989814559994856 0.06892663463439584 0
970 0.008052257033443226 0.08366670672013683 0
971 0.0348721347803272 0.001328660276861649 0
972 0.02739795713362961 -0.0002491622542363033 0
973 0.1353987322494954 0.193901432089139 0
974 0.0001575776059436322 -0.07491418436062869 0
975 0.02448008752332657 -0.004821871616481503 0
976 0.02525896059165374 -0.002373995660197083 0
977 -0.02328330042177401 -0.0145014392765641 0
978 0.02997272171709772 0.002951994340884108 0
979 0.02726733634102994 0.0007915698524829595 0
980 0.1888878466123886 0.05138130073997871 0
981 -0.3448733467514725 -0.0637452848841514 0
982 -0.01740586194001221 0.003727659017143468 0
983 -0.01727787145314081 0.004813744673457263 0
984 -0.01833108070515545 0.005469701882029637 0
985 0.07585927900304588 0.0281344686810278 0
986 0.08658479946481815 0.03150363115232815 0
987 -0.01380332860668273 -0.002629155517881208 0
988 -0.03601206608784511 0.005160239499595449 0
989 -0.0280510840913092 -0.003969501314397011 0
990 -0.02677867199590781 -0.004493427609443051 0
991 -0.0264435029272564 -0.005907299816862004 0
992 -0.02540561204378217 -0.004879150622129128 0
993 -0.02504135234873551 -0.006275325877934353 0
994 -0.02398162230554454 -0.005300121210572645 0
995 -0.02370113336308436 -0.002013657828917248 0
996 -0.02317726864500671 0.006631375594759144 0
997 -0.02501050577659421 0.005499847795146447 0
998 -0.02668188969592442 0.006429889430273094 0
999 -0.02670686221855487 0.001692546963419179 0
1000 -0.02354334899352495 0.004905770418597515 0
1001 -0.3261496652226925 -0.1549868464337092 0
1002 -0.01807717351129028 -0.02301234469681693 0
1003 -0.02228906109617359 -0.02517382308117374 0
1004 -0.1559632565139009 -0.3361103774811285 0
1005 0.1932268860203991 -0.3164787042429403 0
1006 0.1591207531857056 -0.3334318848245184 0
1007 -0.2446920164970564 0.2690491469698215 0
1008 0.0009622268288522977 -0.01121687266130938 0
1009 -0.1148299081812858 0.3471072133877322 0
1010 -0.09192847783666593 -0.01830901894340268 0
1011 -0.1021006126807408 -0.02435295269239836 0
1012 -0.1024677736619677 -0.01054344762978207 0
1013 -0.003382978774354875 -0.02125582560860455 0
1014 -0.289983339083239 0.2137208590351356 0
1015 -0.3233885538605693 0.1933959110701673 0
1016 -0.2853219756276548 0.1404612850568575 0
1017 0.05927005847347121 0.0696158150257328 0
1018 0.009987156011954587 0.04401459251231409 0
1019 -0.2536841311583793 -0.09766313851050598 0
1020 -0.02653660628666051 0.004538290453458745 0
1021 -0.02579249576389982 0.002247682495623589 0
1022 -0.02807937688533299 0.005247599571810669 0
1023 -0.01911310587040639 0.06357863046367297 0
1024 -0.02977564691228684 -0.03967406590759794 0
1025 0.2285367032012433 -0.144142392557586 0
1026 0.1661638967817615 -0.1664771642350833 0
1027 -0.08203401740656632 0.36595399188285 0
1028 0.01083606973118776 -0.07327134999214001 0
1029 0.07736084460673341 0.03986806131742063 0
1030 0.015624851608671 -0.0128336010161519 0
1031 0.1991199102518678 -0.09326003323045688 0
1032 -0.02131823219299593 0.007710906811956509 0
1033 -0.1573992433073345 0.04341724212926907 0
1034 -0.1767508659564605 0.05251685127822585 0
1035 -0.05831154254505516 0.2717421427486522 0
1036 -0.01717201062910286 0.006113203904308901 0
1037 0.08148153770260273 0.2250553217650028 0
1038 0.00657574198910418 0.00614264793364054 0
1039 0.01869941833005511 0.006793967963672241 0
1040 0.02369156663739014 0.002012557655408899 0
1041 0.01856033713764248 0.004982752551171836 0
1042 0.02008449089334265 0.005717447023983064 0
1043 0.01991594619550491 0.004190435651209027 0
1044 0.0229477491770604 0.001240859207438447 0
1045 0.02118664209081049 0.004705623563208452 0
1046 0.02106705500043537 0.00344568167903823 0
1047 0.02226628322974833 0.003774506161055572 0
1048 0.02466046264371661 0.00240764786761434 0
1049 0.02237372451146344 0.005093138461092149 0
1050 0.02335283919360123 0.004303176908540861 0
1051 0.02356246816434952 0.005539604056594396 0
1052 0.02194733972247673 0.002756508795706038 0
1053 0.02107026280833731 0.002392098803409837 0
1054 -0.006879179941920801 -0.0232082699830029 0
1055 -0.05851494821630508 0.2374853380475017 0
1056 -0.0194409189879995 0.02124993930498551 0
1057 -0.02304404703331528 0.02380224866722162 0
1058 -0.08779324052194144 -0.05328402851289152 0
1059 -0.07609501877334564 -0.05802460177112772 0
1060 -0.2250338121496416 0.1138305432935572 0
1061 -0.1784320877152922 0.07369681758052718 0
1062 0.01458856466936454 -0.0154875311148619 0
1063 0.02286997885598469 0.3701188441843889 0
1064 0.05750178667417234 0.3876603275124053 0
1065 0.09184522692801091 0.3662591977114501 0
1066 0.007375438823385021 -0.02297254183546546 0
1067 0.02213566443889563 -0.002405053519485259 0
1068 0.1406665645814824 -0.1534819672419451 0
1069 0.1179803696631907 -0.1646743402678647 0
1070 -0.1143966900311873 -0.01902466329168718 0
1071 -0.1159463931131191 -0.004757069780741143 0
1072 -0.1275596555217651 -0.01301651822061215 0
1073 -0.01093805000172318 0.002855549491523384 0
1074 0.008502452924115101 -0.00179774415496667 0
1075 -0.1260495130019889 -0.358399555052987 0
1076 -0.1219601940948148 0.08921460569515932 0
1077 0.286009012164827 0.2390382404124609 0
1078 0.02995412970171604 -0.04224074646297515 0
1079 0.0266204352671275 -0.05107604609356509 0
1080 0.03615955555537653 -0.04909047001598574 0
1081 0.03279089272690171 -0.05839267724185468 0
1082 0.04303123089690206 -0.05581761102701699 0
1083 -0.02953712337896646 -0.003442220703984045 0
1084 0.09867987642018582 -0.006116239085017224 0
1085 -0.09869070263366261 -0.04787243236842495 0
1086 -0.02831305313628559 -0.002599193297834396 0
1087 -0.1294426242581714 0.002251782904625014 0
1088 -0.1421113836606484 -0.005475872513831259 0
1089 -0.01831568895045962 0.007064615179532224 0
1090 0.0382892458037327 0.002349137727189082 0
1091 0.03864577268024379 0.006215820704429009 0
1092 0.0371196199330758 -0.001006610754867461 0
1093 -0.1446239549462048 0.1037288082572822 0
1094 0.06953653548599217 0.06114563902099302 0
1095 0.01634327805587961 -0.0006483635704785899 0
1096 -0.1040519917713519 -0.1976259304085998 0
1097 -0.02359329298508315 -0.006671497838986627 0
1098 -0.02472160945027121 -0.00797917953963064 0
1099 -0.0226534220300257 -0.00560227820521166 0
1100 -0.02299606238896054 -0.004269937226656553 0
1101 -0.02185717629066129 -0.004655866026173799 0
1102 -0.02209633115700656 -0.003636053576257863 0
1103 -0.02116883460258959 -0.003851929279117712 0
1104 -0.02148679303118838 -0.00295339376392843 0
1105 -0.02226760161989262 -0.002717551023787186 0
1106 -0.02165604246007457 -0.002144462573274293 0
1107 -0.02092350201034451 -0.002322670060982641 0
1108 -0.0211639061289542 -0.001598188879972475 0
1109 -0.02735574385861492 -0.003153554294174249 0
1110 -0.003759388256567187 -0.0007706963887981822 0
1111 -0.003905584604493046 -0.002187706741740001 0
1112 -0.003617308416513769 0.0006026671016346335 0
1113 0.01597882079722389 0.01330313530776253 0
1114 0.01361573941491087 0.01494694226837356 0
1115 0.01353415909599184 0.01833341286966349 0
1116 0.004738606537964872 0.001619142974032122 0
1117 0.004777073226215591 0.0002713879197021537 0
1118 0.0046900879190123 0.002985430110460356 0
1119 0.007924074298359176 0.01130193982943816 0
1120 -0.004436706214238993 -0.3826601822854424 0
1121 0.02654812020584486 -0.3667387619989373 0
1122 0.02715606145828069 -0.4052754531017014 0
1123 -0.01627904117900228 0.3138855100407325 0
1124 -0.03326189177215744 0.006892852189266004 0
1125 -0.01442278366857392 -0.01688623001446902 0
1126 -0.02452036899118441 0.004102666682392009 0
1127 -0.02353794462474336 0.003539497495332668 0
1128 -0.02253227438456298 0.00417342501774757 0
1129 -0.02266061881232626 0.003153641776337873 0
1130 0.09024862771235592 0.0428213938406059 0
1131 -0.02181698022748837 -0.001419833543046926 0
1132 -0.02136734179171599 -0.0009506363541025283 0
1133 -0.05385736000776845 -0.3014255091714284 0
1134 0.3163538427303894 0.2172203749055344 0
1135 0.007229297589518704 -0.002562810445873394 0
1136 0.005964644807528269 -0.001850169750280236 0
1137 0.005950894438582903 -0.003367236603063452 0
1138 0.0107730087195153 -0.0001871386710341526 0
1139 0.2217729633708519 -0.1795838303636415 0
1140 0.179672992828489 -0.05773258836842967 0
1141 0.02449250975829397 0.004690516462440977 0
1142 0.02220734310584181 -0.003247551095692074 0
1143 0.02289166386488528 -0.00278112233351409 0
1144 0.02295583726810074 -0.003608128330196553 0
1145 0.01719987005581089 -0.05363581045822752 0
1146 -0.007364640748780804 -0.001253900904347473 0
1147 0.3803141557609249 0.04045071486268609 0
1148 0.3500274542632116 0.06063429355949135 0
1149 0.3868649034979859 0.08126699679317143 0
1150 0.3516288474759867 0.1003729925858054 0
1151 0.3110899151830026 0.1788239800960325 0
1152 -0.02767075260129814 0.003648534212614143 0
1153 -0.02728791160764229 0.0007805660245950661 0
1154 -0.01559433213876758 -0.001048739562844002 0
1155 0.3662619172382875 -0.03128401034520786 0
1156 -0.0204429964389152 -0.001768594628371009 0
1157 0.2532093600682319 0.2590947531551293 0
1158 0.0586286085273881 -0.3878706960534177 0
1159 0.02194407126208121 -0.001666961410768573 0
1160 -0.02740024828126123 -0.04793117362603763 0
1161 -0.03416588380136439 -0.05456259534371793 0
1162 0.01186429912627492 0.0031342086630214 0
1163 -0.1441764041856795 0.01059676463460149 0
1164 0.1538428952333812 -0.1085240023311302 0
1165 0.004065522028311317 -0.02514799270196931 0
1166 -0.09881459835266403 0.01210592591435233 0
1167 -0.1772157313335232 0.3127179260453753 0
1168 -0.2073081462374846 0.3331432040644359 0
1169 0.02196833104501874 0.001832762772278603 0
1170 0.02112886350385022 0.001471128235516132 0
1171 0.02035742569251365 0.001880433593259383 0
1172 0.02177838642248477 0.001016026689504145 0
1173 0.02114476867328666 0.000733261026809063 0
1174 -0.1849765610635178 -0.3117187850110255 0
1175 -0.03211747886062229 0.01335157907649228 0
1176 -0.008384361950561563 0.001088486939925142 0
1177 -0.03080322656761519 -0.01557772085249428 0
1178 -0.01827139663895118 -0.1861949254072204 0
1179 -0.02846732373967878 0.007153162148773964 0
1180 -0.01864477184816916 0.001606593250429108 0
1181 -0.0214390670964133 -0.00578282613265263 0
1182 0.01047866466365968 -0.01974679478897258 0
1183 0.02314543870822734 0.08908222995005026 0
1184 0.009450973467887289 0.09885413956380079 0
1185 -0.4190486051016733 0.002106725984585965 0
1186 0.4108448957286329 0.01705055737457277 0
1187 0.0172897202319465 -0.006332747320220628 0
1188 0.0171256760910489 -0.007775188988600044 0
1189 -0.3793535969252778 -0.07559361912724447 0
1190 0.01106501607408945 0.005428957772726965 0
1191 -0.3102159622418339 -0.04999374991677327 0
1192 0.2924738513403621 0.09118359289923346 0
1193 -0.02675654903574447 0.02166963530249428 0
1194 -0.0271800444406906 0.02692907477437734 0
1195 0.01558487414864236 -0.00889517242969754 0
1196 0.07233105760891614 0.07474348490305713 0
1197 -0.03061458255299569 -0.0319345518622135 0
1198 0.03949254037390505 -0.06604657374758863 0
1199 0.05011313634371851 -0.06348600350538108 0
1200 0.0532980163144345 -0.05278372725299223 0
1201 -0.07602699636967523 0.1739571114459352 0
1202 -0.03266665918780443 0.01741867324878734 0
1203 0.1187991497183054 -0.1408053626545267 0
1204 0.0976526024142047 -0.151240199147525 0
1205 0.02255248333198628 0.002267868821153507 0
1206 0.03582442255289383 -0.01749530643914828 0
1207 -0.003110563931583249 -0.02570129271447267 0
1208 -0.01807348946263678 -0.02812379811134274 0
1209 0.02885570817959082 0.004389457120100039 0
1210 0.02838429734728964 0.002492819537851008 0
1211 -0.005249131320026123 -0.002624321828820184 0
1212 -0.1743859108817861 0.3532546275889448 0
1213 -0.03653613522142585 0.008135951610244172 0
1214 -0.03945495853857799 0.006722758429806098 0
1215 -0.02627476091545212 -0.0224846331131383 0
1216 -0.06162774444191414 -0.03774590539801231 0
1217 -0.01553890173840435 0.003291309076447668 0
1218 0.02892329738715783 -0.06907540830193629 0
1219 -0.00953117988466904 -0.0005666437290761933 0
1220 -0.009562512580276451 -0.001722089477232478 0
1221 -0.1124212218982803 -0.03183375175411325 0
1222 -0.0257954332410006 -0.003779403819794799 0
1223 0.02169672906672891 -0.01153048518574937 0
1224 0.02480209464515217 -0.009356711377505536 0
1225 -0.01971295203078725 0.006177830638347538 0
1226 0.01713764842961328 -0.002579337491595938 0
1227 0.02244682579700374 0.006576001260673658 0
1228 0.02391438604637166 0.007004505824347322 0
1229 -0.02926050827769448 0.003963871947124926 0
1230 -0.02926809915543702 0.002305953005230581 0
1231 -0.02421993004229144 -0.004061766949982401 0
1232 0.005878787891761201 0.003707547457674595 0
1233 -0.08544189672633706 -0.06611177580661838 0
1234 -0.0740774488073698 -0.07131712019206976 0
1235 0.0171809557123103 -0.003709097868317132 0
1236 0.02170333068107217 0.0003226274584372863 0
1237 0.03207550539894391 -0.00324781565528522 0
1238 0.02968373036431265 -0.00227770396052767 0
1239 0.02704766780389118 -0.001306009592494081 0
1240 0.02790300914036197 -0.004141119654219797 0
1241 0.03141632322097557 -0.0009148349362198099 0
1242 -0.02018977622611482 -0.002490521539463264 0
1243 0.04838861360796222 0.006212163695852761 0
1244 -0.02249753373007166 0.02903207450091804 0
1245 0.02129612747407963 -0.001386433754729766 0
1246 -0.01751595817233667 0.002576836191172902 0
1247 0.01883358782236115 0.008764241090559835 0
1248 -0.03960994785732052 -0.397729076335349 0
1249 -0.04687100000715445 0.003767265198691892 0
1250 -0.04670811883189076 -0.002045756122405184 0
1251 -0.05196686626785149 -0.004988494928589573 0
1252 0.001688220169578308 -0.01506374235472733 0
1253 0.01817691566644864 -0.004309781766640348 0
1254 0.346210194195491 0.1939716683223988 0
1255 -0.06387937961039804 -0.06344344102431682 0
1256 -0.02955583659957954 -0.002087694095581244 0
1257 -0.03084004691176347 -0.002769577209750975 0
1258 -0.02849057964985644 -0.001380554179387967 0
1259 0.02364583940699134 -0.003118180616234079 0
1260 0.09399486623304552 0.4058490826525545 0
1261 0.04895723094818576 0.07792400620200854 0
1262 -0.02335785635750735 0.002667257494434867 0
1263 -0.003774571458828603 0.07832527810922416 0
1264 0.02423725374588608 0.003647855965440663 0
1265 0.02533030397206666 0.003813888988463799 0
1266 0.004814664009815763 0.004373266720906019 0
1267 0.006107950037272552 0.009952525331765352 0
1268 -0.03127018463421782 0.2541782876848385 0
1269 -0.03184035909246063 0.2217202163164155 0
1270 0.04083998975509109 -0.01578573658404958 0
1271 0.06110565011287979 -0.06047222325487912 0
1272 0.06454008798057247 -0.04968008227209307 0
1273 0.05674208578752904 -0.0419009718674543 0
1274 0.06737179416300595 -0.0386823791751377 0
1275 0.07583857931500632 -0.04654786164003442 0
1276 0.07857517004093864 -0.03495769196054448 0
1277 0.0875799104105036 -0.04328387947581484 0
1278 0.09075127297652637 -0.03134429569629917 0
1279 0.1023693242539975 0.004347927768683574 0
1280 0.09574320013149747 0.0235033449404548 0
1281 -0.02190367939918177 -0.04196557556815998 0
1282 0.01100242150455822 -0.02457036972619643 0
1283 0.02972841313894201 -0.0004284813272813489 0
1284 -0.00544470478998588 0.009559685695428212 0
1285 -0.005116724660571137 0.01161355998891185 0
1286 -0.03156898760490643 0.02321156026168132 0
1287 0.01072844450208986 0.01586341410910386 0
1288 0.01050490155116682 0.01962833521272643 0
1289 0.01381898074274581 0.02214048877140095 0
1290 -0.006937864586761022 0.01330888438529833 0
1291 0.02111223491206828 8.603985866490599e-05 0
1292 0.02172292550697083 -0.0003398797368298137 0
1293 0.00482068005977268 -0.002604826804011889 0
1294 0.004703700929884014 -0.004204305082864727 0
1295 0.006025691438980428 -0.00507069833957649 0
1296 0.004383265870351299 -0.005843540029895053 0
1297 -0.1899915897821731 -0.3478203123187052 0
1298 -0.2258158463763103 -0.3182769341881608 0
1299 -0.02202629777192678 -0.0008413258517052512 0
1300 -0.02168127663738374 -0.0003023618135197848 0
1301 -0.372373521030487 -0.03735841545867154 0
1302 0.004473971079595605 0.01324431948201627 0
1303 -0.06695721444966025 -0.3711648918524981 0
1304 -0.07899807941327329 -0.4108591056625235 0
1305 0.01988727977165557 -0.01015721513429511 0
1306 -0.02343839604726655 -0.003421226416549073 0
1307 -0.1761401769237652 0.0311456301295513 0
1308 -0.194865451857354 0.04181742127780798 0
1309 -0.02265963663382174 0.0002676876905141442 0
1310 -0.02227528405249528 0.0005822624647149098 0
1311 -0.02239980062570285 0.001130376489219938 0
1312 -0.02184817743863479 0.0009538687760009604 0
1313 -0.02196786216845606 0.001521444089828376 0
1314 -0.02137769963766976 0.001346866249826249 0
1315 -0.02146762598771644 0.002019355482510756 0
1316 -0.02267411892994454 -0.000731414851745654 0
1317 0.01362923525046898 0.01219753425446278 0
1318 -0.02329888301551926 -0.001660947099327934 0
1319 -0.02275012752523195 -0.001701151753176558 0
1320 -0.02320101667231911 -0.002208120480108356 0
1321 -0.008578672597660954 0.02859445593895431 0
1322 -0.02253399675866433 0.001706417107724635 0
1323 -0.01386731476082017 0.02597835891397574 0
1324 -0.008913457858897484 0.02281308252407722 0
1325 0.02265254829046981 -0.000267200012060653 0
1326 0.02274987130115232 0.0007584834371264012 0
1327 0.1725581262914117 -0.1266117860876975 0
1328 0.09625857312816662 -0.1742080832884941 0
1329 0.07682447871405232 -0.1602345860061755 0
1330 0.04504673897385258 -0.007483160922693907 0
1331 0.01857945579098544 0.00339907691060589 0
1332 0.0229887923159485 -0.001263725545845209 0
1333 0.2864155426985135 0.2757596971235887 0
1334 0.2535702091977677 0.2988469791973052 0
1335 0.05122585672597042 -0.3181953155613486 0
1336 0.07968157317255745 -0.3379824646615985 0
1337 -0.0237227174185123 0.002089350203749328 0
1338 0.02285026318330541 -0.00176068158912916 0
1339 0.0170044040189485 0.04696577709622197 0
1340 0.009965766148215463 0.0519337853779875 0
1341 0.007959634061719276 -0.08509299509064928 0
1342 -0.00534408949764456 -0.08611083243222149 0
1343 0.003075600289648242 -0.09573365636462047 0
1344 0.02336988430930882 0.003178800598327773 0
1345 -0.00404560835599348 -0.003511831423813719 0
1346 -0.02332361787071157 -0.03075020204049172 0
1347 -0.06165374392601351 -0.07574968489004207 0
1348 -0.0516741494761131 -0.06845970450857632 0
1349 -0.04880178019662452 -0.07978861642014612 0
1350 -0.03969199964582477 -0.07241532309948592 0
1351 -0.03697253936552788 -0.08418969845494662 0
1352 0.01727262717310803 0.004063479918019446 0
1353 -0.03195463992789864 0.02973280048467371 0
1354 0.003574291482862737 0.0008506334604467148 0
1355 -0.03151127430232102 0.001398558570731346 0
1356 0.009956954458337202 -0.004061285291621233 0
1357 -0.03069944288346329 -0.01049391704409852 0
1358 -0.02870816559043426 -0.01218989255933002 0
1359 0.2262863501253433 -0.2256356287950758 0
1360 0.2568203862440419 -0.2433005992248813 0
1361 0.2583717019194249 -0.2813853346105034 0
1362 0.2913376700204305 -0.2624998537744297 0
1363 -0.01068360261330962 -0.02135114137605368 0
1364 -0.01068238031894664 -0.02555363301323776 0
1365 0.02329434480449148 0.001664295828496168 0
1366 0.02413142086226998 0.002279631594070919 0
1367 -0.3837891721193623 -0.1123771409570881 0
1368 -0.04745327732631851 -0.00758011666677678 0
1369 0.1910569128390713 -0.3537338252981285 0
1370 0.2263532632537115 -0.337195580883626 0
1371 0.1554510645487385 -0.3720713021734943 0
1372 -0.00300686870989767 0.01502951270030028 0
1373 -0.0222132008058934 5.120921374585393e-05 0
1374 -0.0244676847273654 0.003156967573867035 0
1375 -0.02520081544716722 0.003417022526931161 0
1376 -0.3226376929207592 0.2329517967417504 0
1377 -0.3578075744017606 0.2111980354077606 0
1378 -0.3583211521521413 0.173332611295435 0
1379 0.02474300725334826 -0.002382937218893333 0
1380 0.0250000000018045 -0.002838061321306773 0
1381 0.02559016324139422 -0.002853723446321232 0
1382 0.02523901606984444 -0.003433131565508197 0
1383 0.02608346503970649 -0.003490116300140946 0
1384 0.02369901724666686 -0.002120209100284067 0
1385 -0.1216808819574551 -0.05012454411443595 0
1386 0.009954534211940778 0.01258843398598666 0
1387 -0.02419586386278389 0.002197554479964343 0
1388 0.339827249078176 0.1581178594439648 0
1389 -0.09451615544375555 0.1113587029442798 0
1390 -0.2032676479849442 0.2235067781280806 0
1391 -0.02972229922818859 -0.0008828216738328087 0
1392 -0.02875566371530177 -0.000286917375704375 0
1393 0.02559004003952962 -0.004354123685419976 0
1394 -0.02526073797323208 -0.00238131942282102 0
1395 -0.0249999999981711 -0.002857563133530529 0
1396 -0.02439161213466027 -0.002829378337074085 0
1397 -0.02625837605023063 -0.002030922201895596 0
1398 -0.02622011917705257 -0.002613175084702083 0
1399 -0.04931680243793059 0.3441725188635652 0
1400 -0.04696663214626136 0.3839456215036818 0
1401 -0.03831383871818126 0.04247157110498807 0
1402 -0.04742522597263115 0.04541587064196106 0
1403 -0.045550394723551 0.03625932955397716 0
1404 -0.05562228774858933 0.03733042053131751 0
1405 0.1273676359527957 0.3810598275629333 0
1406 0.1215632014409688 0.343801913998961 0
1407 0.1577821764289463 0.3593566017102417 0
1408 0.0171817535503761 -0.001556983852005208 0
1409 0.02172921646127365 0.1040019822085951 0
1410 0.01090899699041607 0.1144208680486361 0
1411 -0.00408129806452847 0.1093887186292294 0
1412 -0.0270233879795493 -0.001281437443409484 0
1413 -0.02723925204919865 -0.001804403042754295 0
1414 -0.02738712723967798 -0.0002845446400887748 0
1415 0.02521833728177409 0.002422141151124565 0
1416 -0.2876396615695645 0.2539726463924338 0
1417 0.02669270827836739 0.001771070630008046 0
1418 0.02677372209032956 0.002377179216042127 0
1419 0.0262102600207501 0.002682339960208878 0
1420 0.02675514034812499 0.003223201113384928 0
1421 0.1117645927050663 -0.05168735334038858 0
1422 -0.005895103577517655 0.007623998657334737 0
1423 -0.1181727138994574 0.3819457322666576 0
1424 0.03888782127284127 0.01977598624891233 0
1425 0.03760537520292194 0.01378068315315465 0
1426 -0.02095685744855125 -0.000473458528189712 0
1427 -0.172009029621719 0.113717468258485 0
1428 -0.02165009810453737 0.003410691202984422 0
1429 -0.02150274349720481 0.004625732322780321 0
1430 -0.02096402452521075 0.01032634535693116 0
1431 0.1320325855071285 -0.3106298211905422 0
1432 0.03407291571818349 -0.09098283446926199 0
1433 0.07528620130524845 -0.01052652013469065 0
1434 0.02701120768405153 0.001263725545845178 0
1435 0.02764150491696167 0.001304249184860526 0
1436 0.02786081561651394 0.0006301682206386202 0
1437 0.02847148360021998 0.001094759820254405 0
1438 0.0626908871113154 0.09618777393337381 0
1439 0.007745349995421051 0.02551093237818289 0
1440 -0.02527764083020829 0.002396398992882745 0
1441 -0.0262787962664934 0.002028545061981282 0
1442 -0.02620996943586077 0.002725806004544567 0
1443 0.03660939263051626 -0.01193549145953487 0
1444 0.0243687410573424 -0.002900768922092235 0
1445 0.06582758754662416 -0.07793146963719 0
1446 -0.02982146334170376 -0.1160576327039057 0
1447 -0.04424962538333869 -0.105323362485794 0
1448 0.1142588699117987 0.05889505591975776 0
1449 0.02730342028314924 -0.0007845697274605496 0
1450 0.02770684539880911 -0.001311207256005698 0
1451 0.02726194413897233 -0.001943677517573343 0
1452 0.0413252248949551 -0.0001117612794435431 0
1453 -0.02754731734661664 -0.100864994017549 0
1454 -0.006327689084188061 0.0643441840175194 0
1455 0.06115944884709749 -0.4283167885895596 0
1456 0.2887471604569403 0.3160764423953395 0
1457 0.2553252888768995 0.3377018722695713 0
1458 0.2147252721821669 0.31505863287721 0
1459 -0.1475265683688802 -0.0310281283062505 0
1460 -0.06682083403859304 0.02254489412578104 0
1461 0.03982214538817567 -0.004537318391633634 0
1462 -0.03008950967904454 0.0003565788110885788 0
1463 0.09528230318121753 -0.05954465879097114 0
1464 0.1122565104491373 -0.01635382715670709 0
1465 -0.1985312936253772 0.1017837405500673 0
1466 -0.2233254936403278 0.08346604017840134 0
1467 -0.2525765176852431 0.09685050846518545 0
1468 0.3307366989214108 0.2606757181590722 0
1469 0.003152933326608241 -0.005012232558345366 0
1470 -0.1683123867209851 -0.01269180165275707 0
1471 0.1178716350225558 0.03948726327993591 0
1472 0.02058393656577087 -0.001646790804485228 0
1473 0.379795480446139 0.1657922929485605 0
1474 0.02789119856988676 -0.0005766217435487314 0
1475 0.389854322742357 0.122567663283099 0
1476 0.03112626557707039 0.02740445320746705 0
1477 0.02212984403102304 -0.08046246216761939 0
1478 -0.02710501501939417 0.001281031762139606 0
1479 -0.0278248978572562 0.001218442655924796 0
1480 -0.02749880800094557 0.001806050424144303 0
1481 -0.02737455269902126 0.0002663862234381129 0
1482 -0.1840041621124065 -0.1638858869417796 0
1483 -0.1566544346096542 -0.1548973111988626 0
1484 -0.1356557494626814 -0.1707608370251022 0
1485 -0.1308728849342531 -0.1458271102804094 0
1486 -0.1504615234882791 -0.1299937435531453 0
1487 -0.1122495544973378 -0.1615687115814326 0
1488 -0.1345391548149561 -0.1999511920378482 0
1489 -0.1788945294395075 -0.1354729742565118 0
1490 -0.1967867769550058 -0.1161999317544882 0
1491 -0.1717117030199176 -0.1126566429825925 0
1492 -0.187182910526942 -0.09187355309889354 0
1493 -0.2135706900951207 -0.0972884153095277 0
1494 -0.2289084606467349 -0.1200135350257621 0
1495 0.06954623855846777 -0.02787440697437946 0
1496 -0.02761136407395229 -0.001319863338695161 0
1497 -0.03950672090179798 -0.02824607024147146 0
1498 0.033944360016029 0.01798085935655036 0
1499 -0.01965898875133922 -0.00188588610241108 0
1500 0.01614022528835542 -0.02714803619882458 0
1501 -0.07240306066129826 0.1007971945212059 0
1502 0.02663734930297059 0.01679580608374068 0
1503 -0.001348671326462001 -0.01248984804399154 0
1504 0.08085264045592964 -0.02253162868792003 0
1505 0.02485602126370885 0.003028956948195039 0
1506 -0.01617690062643438 0.005376677889060318 0
1507 -0.01593390704498247 0.006681197430036215 0
1508 -0.01454491971328206 0.009044869178063252 0
1509 0.01261489013858246 -0.01279740001699518 0
1510 -0.1944790422066501 0.01693608259060282 0
1511 -0.06591739671110235 0.03253284821844855 0
1512 0.04124790164524861 0.010049242218822 0
1513 -0.0217480456285898 0.0003672292521920444 0
1514 -0.003551736754555236 -0.006072079102374331 0
1515 -0.3930923907350429 0.1900470353617189 0
1516 -0.03919890686775224 -0.004395300898568449 0
1517 -0.05712410425834645 0.2094459439212569 0
1518 -0.08835592747902431 0.219235882347998 0
1519 0.05763876368793255 -0.2244285717391626 0
1520 0.03378734954056537 -0.2100049747224203 0
1521 0.0562958221227872 -0.1962262862621802 0
1522 0.03455778703041047 -0.1840427461762372 0
1523 0.01331612351305238 -0.1954160384076649 0
1524 -0.02385031662148914 -0.05714782799481059 0
1525 -0.02085962331210829 0.001726074720992284 0
1526 0.01985462759847247 0.01104684745443536 0
1527 -0.006760178606463106 -0.004484715754541497 0
1528 -0.006833735886949726 -0.002850303629119869 0
1529 0.01716319408863473 0.00993436732306213 0
1530 -0.02240521630607123 -0.001298998557989609 0
1531 -0.0126178311149466 0.007771351516895789 0
1532 0.006680132423455393 0.0204762398950381 0
1533 0.109021383377978 0.2099910069453593 0
1534 0.1084765525753634 0.1795616938245834 0
1535 0.1344456033064161 0.1650888499642778 0
1536 0.08328188664955651 0.1945857789218872 0
1537 0.05700597674312513 0.2090092228222518 0
1538 0.05462285330885078 0.2373185805134473 0
1539 0.02598427811926548 0.2154705686640262 0
1540 0.161835312535011 0.1774615668971025 0
1541 0.1586252742724317 0.1513239013755575 0
1542 0.1880959152730736 0.1580957775734508 0
1543 2.407400910729222e-05 0.2396327813553473 0
1544 -0.007164049002378966 0.2076915421817737 0
1545 -0.3726838436256988 0.09782591070430072 0
1546 -0.3365005679016631 0.1109484929207071 0
1547 0.004060169200694487 0.01052814032098961 0
1548 -0.1152681510155349 0.0116635577759817 0
1549 -0.1477619558939246 0.131829167572855 0
1550 0.01537444862970958 -0.003873491280435075 0
1551 0.2525852584660335 -0.01533266544307089 0
1552 0.2285032361669247 0.002832286378556504 0
1553 0.2245226146677202 -0.02603063832132097 0
1554 0.2038789212058782 -0.007184156159561153 0
1555 0.2182977892064929 -0.05543483751161516 0
1556 0.2095871161017916 0.02048059556591363 0
1557 0.233397210229987 0.03355528400305844 0
1558 0.2005309394532798 -0.03194016954294724 0
1559 0.2428940847408873 -0.07691789926075213 0
1560 0.2318702027898875 -0.1075818397779742 0
1561 -0.3064384208750604 0.08624550765247908 0
1562 0.02082786152646362 0.007621200104022395 0
1563 -0.1195943633876215 0.1166277575995704 0
1564 0.217599180006584 -0.3756964578860914 0
1565 -0.01946116409213992 -0.001082310435272466 0
1566 0.02732250750575474 0.002016073998168023 0
1567 0.06628121904165109 0.03482525934346811 0
1568 -0.02294512089881529 0.001328309213079455 0
1569 -0.28206280392915 -0.0756759452810034 0
1570 -0.2522283609928128 -0.0653239415913423 0
1571 -0.00178205839078367 0.007350806162630442 0
1572 -0.002979846001142455 0.006176111120809576 0
1573 -0.002680959588666572 0.00459312449306302 0
1574 -0.003745855661954438 0.008041418920902819 0
1575 -0.001760378892756896 -0.005344079369383686 0
1576 0.01162486991207113 0.008715236332588744 0
1577 -0.02217092187321878 -0.006884765317744752 0
1578 -0.02095280008746254 -0.006900292469420595 0
1579 -0.004374584870611932 0.02210745676382692 0
1580 -0.008339156812112915 0.002479627679064926 0
1581 -0.009616440374754863 0.001963476229870551 0
1582 -0.354061259403986 -0.003609973878234239 0
1583 0.01520194291325396 -0.001283659501551448 0
1584 0.002847963888858738 0.006443233246925942 0
1585 0.004723339672167801 0.007022051996354559 0
1586 0.02761912330577918 -0.02031256817950451 0
1587 -0.002667946278314446 0.01194237320052672 0
1588 -0.002490697921527258 -0.0002033711396021597 0
1589 0.003536193196520853 0.002224706272124302 0
1590 0.006672436881030908 -0.2197951438015442 0
1591 0.0189435211248697 0.001074432915006423 0
1592 0.01914987889056791 0.002122792021029792 0
1593 0.02239493093435557 0.00118218552540937 0
1594 -0.06636552393644812 -0.04973973813019639 0
1595 -0.01368512078364557 -0.001438670658642136 0
1596 -0.01485720213437279 -0.001865947536737965 0
1597 -0.01485136345136663 -0.003070614374066132 0
1598 -0.08416445691360672 -0.003301456661705814 0
1599 -0.2752533755016076 -0.04537974894235119 0
1600 -0.2446302964973665 -0.03440124037210005 0
1601 0.007460292653461998 0.01416364396695222 0
1602 0.06630789686139155 0.04721996865476416 0
1603 0.04609277578687686 -0.04470275674248718 0
1604 -0.02676268543635971 -0.002224763799068556 0
1605 -0.002359822021080759 0.001146657636288897 0
1606 -0.009589949866507861 0.003404199378851005 0
1607 -0.01099189700988087 0.001514829018658057 0
1608 -0.0122107000672007 0.00239827218941701 0
1609 -0.003474393862147778 0.001953374218521722 0
1610 0.02448814182043843 0.4096119774389336 0
1611 0.01429603095185307 -0.01071489527129201 0
1612 0.01730498704434248 0.002778458003128884 0
1613 0.2006424403504446 -0.1207807024904683 0
1614 0.192686409238545 -0.1505112502629824 0
1615 -0.01794054642556759 0.0004538171903021827 0
1616 0.07798967948494114 -0.1382069119427706 0
1617 0.05975738997250968 -0.145492785168353 0
1618 0.01400012480319148 -0.0628637955123591 0
1619 0.02229281506433411 -0.0006126198288061995 0
1620 -0.01882352386332945 -0.0015860769332261 0
1621 -0.01630798158193918 0.001463416280773017 0
1622 -0.01542372907234565 0.002057902936887175 0
1623 -0.01641432829436797 0.002430512582613638 0
1624 0.05420748014902569 -0.1681039295975163 0
1625 0.03687663355634029 -0.07725830612530751 0
1626 -0.02116050671567987 0.0001453511537292157 0
1627 0.003702720918102315 -0.0005918906068207983 0
1628 0.002905491160513183 -0.00177122554830169 0
1629 0.0111012087058641 -0.003015152321166464 0
1630 0.009813636257405238 -0.002448128756736556 0
1631 -0.004197555778979125 0.004126032876675363 0
1632 0.1165315526635354 -0.1905178508563528 0
1633 0.1090613752748806 0.1507498269211277 0
1634 0.02440914997432115 -0.0037790787678816 0
1635 -0.02421068278128853 -0.002247083010888309 0
1636 -0.02370355587756815 -0.002703324849170483 0
1637 -0.004752435584539671 0.001441800099273251 0
1638 0.01231625431241313 0.006761350999492502 0
1639 -0.01906885787890259 -0.003394059241432862 0
1640 -0.001313093463627751 0.004234464409545191 0
1641 -0.09449604922373978 -0.3443380499752025 0
1642 -0.01394109386937427 -0.003807840567398274 0
1643 -0.01417532233450905 -0.005052066548952211 0
1644 -0.01317589882685113 -0.005885362406172283 0
1645 -0.01441158719864048 -0.006389293170601597 0
1646 -0.01324710731936741 -0.007559386862878902 0
1647 -0.01548200076268397 -0.005450828791616085 0
1648 0.02245079086674918 -0.001297118812926348 0
1649 -0.05947601556460386 -0.004091585700131197 0
1650 0.01160653057100689 -0.01593804927525816 0
1651 0.0106161269498969 -0.01138498978604201 0
1652 0.2639072806795438 -0.3684925415023213 0
1653 0.0151884610896566 -3.191740162304216e-05 0
1654 -0.1056612332663874 -0.06730968764341569 0
1655 -0.0276621375582478 -0.07605118552651095 0
1656 0.4156989506788507 0.1975542948263764 0
1657 0.007240357226933397 -0.05582597695779655 0
1658 -0.09495842109374339 -1.24607650359079e-05 0
1659 -0.4124416146171856 -0.04286681736031312 0
1660 0.02490069895416606 -0.4538510699164103 0
1661 -0.01459600814765286 -0.0007047122649094547 0
1662 -0.02078392831134297 -0.004828129319848846 0
1663 -0.02005387391092862 -0.003993247068269835 0
1664 0.4349698529602046 0.1035359025858456 0
1665 -0.3192934450016721 -0.01631755572766214 0
1666 -0.01316207287756333 0.02036754457392263 0
1667 -0.00932778526391205 0.01858352725590635 0
1668 -0.2548598089554241 0.1269957343908796 0
1669 -0.2804098960767016 0.1088779091750258 0
1670 -0.002727992566263327 -0.002944472281557936 0
1671 -0.001329615778818815 -0.0009431314168426188 0
1672 -0.006969668337583834 0.2754746065251227 0
1673 0.01486178234996159 -0.172284290118128 0
1674 0.02044789223285502 -0.0001228514409104721 0
1675 -0.002286059714379959 0.002413023808026219 0
1676 0.02371892814732989 0.00251363947059095 0
1677 0.05346560898565756 0.04659875415101553 0
1678 0.02748400714325109 -0.01249074911991544 0
1679 0.03006419386787204 -0.01429042437106527 0
1680 -0.002605026232036229 -0.001562438769821217 0
1681 -0.02701858291671268 -0.01536168495107237 0
1682 0.02565533629645293 0.004973061192946615 0
1683 -0.02838633238365137 0.07363324835605844 0
1684 0.003472167229948964 0.003577320805124308 0
1685 0.01631210635959269 -0.0185906057566951 0
1686 -0.04333790428244018 0.0009627902074460014 0
1687 0.03663373978788765 0.1913060026778196 0
1688 0.02002333739639076 0.002905086443092026 0
1689 0.009578636965111836 0.0004025082886775784 0
1690 0.02110372109834713 -0.000692009496511381 0
1691 -0.02272003808561241 0.002338537602322916 0
1692 -0.0219991943920896 0.002595002537965419 0
1693 0.005982904906179584 -0.000405350807120319 0
1694 0.04341146433500354 0.004627532573364304 0
1695 0.01351372126447659 0.02732089720310273 0
1696 -0.006571560211819124 0.006106587300541999 0
1697 -0.01955181934123133 0.008547143581425772 0
1698 -0.003281461516492048 0.003246544613587878 0
1699 0.02578088522010131 -0.002295406874660282 0
1700 0.02625041186274292 -0.00272883709287539 0
1701 -0.1382755540075366 0.03611453707463239 0
1702 -0.02643693430004108 -0.009327300950102996 0
1703 0.1203938433908372 -0.3477941792506122 0
1704 0.1196573809105567 -0.3909908350015669 0
1705 -0.009825999101468585 -0.007327512533066666 0
1706 -0.01025699833645449 -0.009025843376139348 0
1707 -0.008811785445034439 -0.01027386489473376 0
1708 -0.01070360673698221 -0.01094717170993004 0
1709 -0.01212201588985462 -0.009417184512865471 0
1710 -0.01299001667321938 -0.01130273562459181 0
1711 -0.01106867450429789 -0.01329876543514551 0
1712 -0.08816354968133062 -0.3036426745487902 0
1713 -0.06961324172275928 -0.279344514528614 0
1714 0.09561335157226579 -0.01851638037275967 0
1715 0.1159220935846219 0.007800621610389668 0
1716 -0.04941650781300303 -0.01273392865133053 0
1717 -0.3941543546498934 0.2341365151440835 0
1718 -0.07248488651486767 -0.08575856309215625 0
1719 -0.2567859679077947 0.2331755391606926 0
1720 -0.2770571211931514 0.2978741633541764 0
1721 -0.3235933396068264 0.2793031494962315 0
1722 -0.2674373361125986 0.3343264955736919 0
1723 0.002317376890274042 0.0009492348263709673 0
1724 0.009649424067510052 -0.001015241011463513 0
1725 0.03311208314282903 -0.1612080690102479 0
1726 -0.0195301075740235 0.03465954021539014 0
1727 0.003409036606102011 0.04810271391217406 0
1728 0.30754216867242 0.1423671553091682 0
1729 -0.03685396473296749 0.02588164266615312 0
1730 -0.04428095934577427 0.02688695803132053 0
1731 -0.01501226226394124 -0.004252721536047509 0
1732 -0.0287882202027614 0.0009432760809242934 0
1733 -0.2936339927456229 0.0002955188571042225 0
1734 0.007095208696478573 0.003096887799210705 0
1735 -0.007053607225828038 -0.009606440364297249 0
1736 -0.0274945694915184 -0.007315355580202682 0
1737 0.0305838098354248 0.001043830658037355 0
1738 -0.05352768932160217 0.3077899125466092 0
1739 -0.0118308283315656 0.3526659901009973 0
1740 0.194947210420871 -0.2084420289332639 0
1741 -0.2552922219223648 0.06938730658205217 0
1742 -0.2108919941437654 0.05977684397034672 0
1743 0.02220551540603639 -1.989799148060853e-05 0
1744 -0.159723101179468 0.001969726059874076 0
1745 0.02318886767377248 -0.002218029500667556 0
1746 -0.001194280708307411 0.001679142742136362 0
1747 -0.03762938041815106 -0.02202438593875032 0
1748 -0.0321919030675346 -0.02438261911338848 0
1749 -0.3233949318018558 0.1497702759519275 0
1750 -0.4564428519959646 0.02405521282686492 0
1751 -0.4563431793175056 -0.02236416458690627 0
1752 0.4452790689001894 -0.1100474729490696 0
1753 0.4019428000063937 -0.1189844616482464 0
1754 0.387212290970981 -0.1599958779791429 0
1755 0.3596474504598706 -0.1250386700429199 0
1756 0.3783960999637981 -0.09107119105034167 0
1757 0.4143436606186794 -0.1962055799249444 0
1758 0.371640688393768 -0.1996709611607748 0
1759 0.395676605925435 -0.2366223228354542 0
1760 0.3172863352405128 0.04248459316760378 0
1761 -0.3692388321396641 -0.27199840418468 0
1762 -0.3257525776351013 -0.2636655577464901 0
1763 -0.2958767849429821 -0.2946628097966364 0
1764 -0.2848526375446997 -0.2557995310535401 0
1765 -0.2517397395818273 -0.2838056931943769 0
1766 -0.2506803268680089 -0.2456014249082202 0
1767 -0.3057140646388868 -0.2201535869016524 0
1768 -0.2656629234874811 -0.3258119258753041 0
1769 -0.3077996787785246 -0.3389530582233538 0
1770 -0.2739315335168115 -0.3692348761834618 0
1771 -0.0206791211241945 -0.001103496425220962 0
1772 0.3388266532674385 -0.3101026166616465 0
1773 0.02045715330577362 0.001075537857291396 0
1774 0.1965753776996135 0.4178104465949607 0
1775 -0.1972512157580092 -0.4170526569611038 0
1776 -0.1638129416728775 -0.3827956065256936 0
1777 -0.1228906698384118 -0.4002249215623224 0
1778 -0.1109705782671531 -0.4447089783918111 0
1779 0.1581666377607631 -0.4390555825078563 0
1780 -0.1560174480052991 0.4355300578599437 0
1781 0.06902404080214987 -0.001810583698951532 0
1782 -0.4155136534409273 -0.1949378309972459 0
1783 -0.3723291519752188 -0.1947337474538201 0
1784 0.0002027405523185722 -0.01863027205177501 0
1785 0.02554888484646035 0.002971850168626536 0
1786 0.2102550700365935 0.0520127039093586 0
1787 0.02360969733358931 -0.004268466599916176 0
1788 0.008540325681813499 -0.003282966290420098 0
1789 0.01297445621471564 0.002463540855013856 0
1790 0.05090818177683289 -0.03386611868751032 0
1791 0.0597165105152721 -0.03199849698951468 0
1792 -0.01653307152708131 -0.006221434127237975 0
1793 -0.001547620166504221 -0.003775545558230768 0
1794 -0.1567927560782819 0.02364033813204882 0
1795 -0.01442485654803085 -0.02053220772963828 0
1796 -0.01073963866443209 -0.01704243481738377 0
1797 0.08433378012598081 0.06596896123116569 0
1798 0.07276530196547701 -0.05805788960588127 0
1799 -0.0148938896444406 -0.00783677094495735 0
1800 0.01319554488928857 -0.00723805353491934 0
1801 -0.006044886711723835 0.01619593763364399 0
1802 0.188468355424309 -0.1800649468509495 0
1803 0.02863750054877821 -0.001106619686981736 0
1804 -0.08633452818277038 0.4112482828420734 0
1805 -0.04138952340730113 0.4229859829685281 0
1806 0.002481797376300416 0.05714912551777235 0
1807 -0.1873187996849155 -0.06331427390688676 0
1808 -0.01064636192512178 -0.002241209787814356 0
1809 0.08037041764307995 0.05233477567536 0
1810 -0.02295349099334983 -0.008147213969967256 0
1811 -0.2070116194338858 0.374371494527303 0
1812 0.1944780121450466 0.1278095467082179 0
1813 -0.01870288784757228 -0.209369542592778 0
1814 0.2887880340110232 -0.2242405661000877 0
1815 0.3259850118216741 -0.2437621197847205 0
1816 0.324811694015209 -0.2036320173459948 0
1817 -0.4473410057943069 -0.1129800184746675 0
1818 -0.03783955391362181 0.03331593826963376 0
1819 -0.02063445623121035 -0.003120523829423157 0
1820 0.01615762356687673 -0.001875898277534214 0
1821 -0.1483005137155281 -0.1064683786724856 0
1822 0.002215386872878536 0.0034067703000792 0
1823 -0.1303216880488884 0.01834708925529631 0
1824 0.02634555504780427 0.004082435084841646 0
1825 0.01797424906699472 -0.009267572477672216 0
1826 0.3699097193803143 0.2711832781185757 0
1827 -0.01197382949720057 -0.005380200620682036 0
1828 -0.02692096877614762 0.002425864621453052 0
1829 -0.02126871284961823 0.006069655305454839 0
1830 0.02822110157172025 -0.002109597739035016 0
1831 -0.2165636919908909 0.03179594110451395 0
1832 -0.01746020744931403 -0.0352526392278466 0
1833 -0.01910755362512088 -0.004307129043122458 0
1834 0.004863633123096739 -0.001152734820813639 0
1835 -0.1586259082648258 0.3923488997434678 0
1836 0.255130152189917 -0.2048302382966343 0
1837 0.1841799125189357 0.009486535099625885 0
1838 0.1814939547018288 -0.01685852623846419 0
1839 0.1763881760024847 0.02814388249109514 0
1840 -0.06760249799452131 -0.4557225697516252 0
1841 -0.08778035307487417 0.08992156478611392 0
1842 0.03555061753217291 -0.03575355009681404 0
1843 0.08625270534849327 0.3284027223739544 0
1844 0.0856808581362873 0.1690082624411651 0
1845 0.02180174187876035 -0.0009991705067620136 0
1846 -0.009332682664897736 -0.002970324146720997 0
1847 -0.008248183030599137 -0.002285131189042539 0
1848 0.02153692946719221 -0.003822351042363839 0
1849 0.02595982700829134 0.04756599889026789 0
1850 0.4607911860304646 -0.02263721930178715 0
1851 0.4234945317175612 -0.0401668655878754 0
1852 0.4534167864490044 0.02251432936789924 0
1853 0.06361168314338908 0.4284471228360383 0
1854 0.00704001399315538 0.004509347212955183 0
1855 0.03528303340732306 -0.003897561025784345 0
1856 0.03636039603755882 -0.007333401553263599 0
1857 0.04024932483027251 -0.008756285982047744 0
1858 0.222046792889541 0.2414688770199929 0
1859 -0.1470232544411986 0.2929342289353225 0
1860 0.06644272524752623 0.02349050515787002 0
1861 0.3335495256793656 -0.04415575212841213 0
1862 -0.07799965369744769 -0.1908592352489921 0
1863 0.006404532822475134 0.008032118619819161 0
1864 0.1667388559491963 0.2733781817357813 0
1865 0.1713586654841038 0.3074628084988424 0
1866 0.01195899903790977 -0.0007510872987442043 0
1867 -0.1749933988964658 0.2081080858157741 0
1868 -0.01606580982348564 0.07488943445991066 0
1869 -0.09810869664192347 0.189330651983063 0
1870 -0.100981129223354 0.0758528561516362 0
1871 0.2262301997343773 -0.2992397369048638 0
1872 -0.1029308750093275 0.02632454529681868 0
1873 0.1095222163646448 0.4464740126976964 0
1874 -0.01802876901405251 -0.04962672078004644 0
1875 0.3225519661189113 -0.1106246940951542 0
1876 0.1364699383524333 0.1395501547020517 0
1877 0.1365054501567666 0.114079112315199 0
1878 -0.01650165072875893 -0.001337259711859945 0
1879 -0.009518093610618646 -0.4214603240580188 0
1880 0.09509278015764633 0.05593956597855788 0
1881 0.03423571633055673 0.02278735222346622 0
1882 -0.02178491697180068 0.4612159613769333 0
1883 0.1662873422443269 0.04561615364248464 0
1884 0.2213888435814932 0.276477874013127 0
1885 -0.349646910985187 -0.2296148102351332 0
1886 0.01070193781557067 0.003818125709021367 0
1887 0.2669895036392848 0.1081499230751173 0
1888 -0.0314722450765592 0.009891694782106225 0
1889 -0.4037723916501035 0.1245889885273007 0
1890 -0.01666825921389539 -0.003147308027082799 0
1891 0.02688222941641656 -0.003297909563535505 0
1892 -0.1737804155140422 -0.2769496193983397 0
1893 -0.06884261330921132 -0.1487361756877659 0
1894 -0.09129606822446941 -0.1517357970738173 0
1895 -0.169730122765361 -0.0756671815118914 0
1896 -0.02129556653952961 0.0007493661051002255 0
1897 0.4157832434239559 -0.0809079181680607 0
1898 -0.06349011626528339 -0.02918228531458533 0
1899 0.1363160435999304 -0.2756038976748758 0
1900 -0.01575988700758828 -0.002588111088584436 0
1901 -0.04312112856233263 -0.009883274195746019 0
1902 0.09816221723464483 0.1309594377341755 0
1903 -0.02073095715084382 0.003954609427272612 0
1904 -0.2171204386551423 -0.2869696566910333 0
1905 0.01808321835006211 -0.001182333835937016 0
1906 0.01618683532407495 0.003164217952375895 0
1907 -0.01631390839123477 0.004144721151335969 0
1908 0.02736967435085368 0.000267279383018814 0
1909 0.02674094328492153 -0.004381117630493314 0
1910 0.3464302841388868 -0.1677613844114003 0
1911 0.02686030506729436 -0.2991302129824077 0
1912 -0.3540219432709807 -0.1335866653396255 0
1913 -0.3889378246218235 -0.1536569479806225 0
1914 -0.009957382388493677 0.3932436353944236 0
1915 -0.1005043008091849 -0.03605891970064458 0
1916 -0.01594184125732314 -0.00910497313306919 0
1917 -0.01411172514947296 -0.009384288093873235 0
1918 -0.01451856574891507 -0.01350234701746934 0
1919 -0.01160877991734547 -0.007777286193985352 0
1920 0.01493281293441231 -0.1497634733397385 0
1921 0.02320354918736772 -0.06090856947572479 0
1922 0.044549998627039 -0.1320023036220374 0
1923 -0.01865015633570938 0.0008405975982627607 0
1924 -0.1245266938852976 -0.0275062732622525 0
1925 -0.1109332686643754 -0.1157000780134286 0
1926 -0.129626633675914 -0.124090029262999 0
1927 -0.0005415790371619261 -0.009924313924010617 0
1928 -0.4153490807831018 -0.08934941040676314 0
1929 -0.01921557759466311 -0.1651767022126524 0
1930 -0.01335291307285659 -0.04253530703969925 0
1931 -0.1611766445489737 0.08785854049070087 0
1932 -0.0238591827769262 -0.009772317384496932 0
1933 -0.02225206320457816 -0.01171364131314294 0
1934 -0.02525970486841106 -0.01214437940578489 0
1935 -0.01339827981640112 0.0560658149630224 0
1936 0.1550285750759874 0.1023397801780054 0
1937 0.1630378330998743 -0.006388887503915825 0
1938 0.1609695149115086 -0.04622753603056234 0
1939 -0.03085930096984128 -0.0649038071730306 0
1940 -0.01686892314863182 -0.08073182416736881 0
1941 -0.0423151907854895 -0.06172249891236512 0
1942 0.2776119822549201 0.1672197275786591 0
1943 -0.03110957566510789 -0.004267642101280717 0
1944 0.06421671322004166 0.1579184369311191 0
1945 0.2962008159071346 -0.2982593687675456 0
1946 -0.0279044423376384 -0.000673506958200217 0
1947 -0.2998566128465193 -0.1783647609645536 0
1948 -0.3352894741010441 -0.1905366740466582 0
1949 -0.01313690141296567 0.005762870077823041 0
1950 -0.0143770494712312 0.006746742616289597 0
1951 -0.02072423789739996 0.001141876890189151 0
1952 -0.0960451823574673 -0.1751361309169358 0
1953 0.1006086981157211 -0.03977543604884794 0
1954 0.01052096804938137 -0.04588578207787092 0
1955 -0.01612981029548573 -0.09395776814323283 0
1956 -0.0261654550595656 0.03295535181155434 0
1957 0.1383241752336051 -0.09301433573287669 0
1958 0.02314160620328728 0.002319155271751878 0
1959 0.1999355752187984 -0.06968063560943318 0
1960 -0.02143474501166168 0.106627582237708 0
1961 -0.363482757282481 0.1350110530285083 0
1962 -0.01889472147002011 0.02552930273239552 0
1963 -0.00790054375185893 0.007101851589134799 0
1964 0.1003930155617823 -0.129788324911568 0
1965 -0.01860042554568276 0.0023767525256153 0
1966 0.01264295051998496 0.005234576723336094 0
1967 -0.002284408919084606 -0.01062365086545202 0
1968 -0.2020952695087437 0.1919008878339968 0
1969 -0.008571618196876352 0.01547826850950953 0
1970 0.0933522802499543 0.01294378071818904 0
1971 0.03824453608120924 0.07252061058392587 0
1972 0.03752168379835071 0.08567346208624876 0
1973 -0.02479906226213398 -0.01824058258505573 0
1974 -0.006732134170099315 0.09323810688794511 0
1975 -0.05131345557259506 0.03012637096482954 0
1976 -0.02744076517894078 -0.002406514830628714 0
1977 -0.06976305594498868 0.4562328118152565 0
1978 0.02224454219860495 0.0005833182986850863 0
1979 0.1044387326645895 -0.1077759705311 0
1980 -0.2289749893450615 -0.0566400268567334 0
1981 -0.004599685868934529 0.006448309095528498 0
1982 -0.01185051821664048 0.00631590988995486 0
1983 0.0738453049882531 -0.1182597753963751 0
1984 -0.0272166786928515 -0.0271710188177006 0
1985 0.03761620364162267 0.009470117668739711 0
1986 -0.006240568218096857 -0.02938151342734437 0
1987 0.1065094388168562 0.0312588715409081 0
1988 0.1430429343980552 -0.1291338269738202 0
1989 0.1941373316697925 0.3767822591965478 0
1990 0.01089436590300489 -0.001592074303588135 0
1991 0.02492282071447126 0.005961045156888722 0
1992 0.1070282076948741 -0.2897605259200807 0
1993 0.01536698339516232 0.008890577154696287 0
1994 0.03396386620286852 -0.001214666068256245 0
1995 0.007235188648950499 -0.004008262941476316 0
1996 0.01896607131471415 -0.003634659458876054 0
1997 0.08317270386357006 -0.05504800753743679 0
1998 -0.01986633651156164 -0.003228325285584685 0
1999 -0.01576593856268347 -0.003563030745207195 0
2000 -0.04284733812943937 -0.05163062856151644 0
2001 0.02669673978622425 -0.001750494522327301 0
2002 -0.0550553162685385 0.1601196005982643 0
2003 0.008547971526457296 -0.01095238613578369 0
2004 0.4206282768245181 0.0552734746193113 0
2005 0.0008739235940694876 -0.02905435855146735 0
2006 -0.02237930005547709 0.005294810146512114 0
2007 -0.04598120334098861 -0.2731812208783657 0
2008 0.02528510558848011 0.007277311058492878 0
2009 -0.04736661042690063 -0.09123553767501313 0
2010 -0.06120450673503076 -0.3345467824240804 0
2011 -0.008868669116618454 0.0120746098109265 0
2012 0.07666994318780201 -0.183532962903939 0
2013 -0.02569628410014254 -0.002936318911156743 0
2014 -0.02651947330507165 -0.003369884534800757 0
2015 0.01621872116895597 -0.003115456935796217 0
2016 0.06063685353234156 -0.02386970933557751 0
2017 -0.03958558663665863 0.01084286584202934 0
2018 0.3197590594755126 0.07532708485297543 0
2019 -0.04292817535143317 -0.005657441786051561 0
2020 0.01970304419197614 0.001321237047740186 0
2021 -0.001028659659394702 -0.015422132838374 0
2022 0.02915798545037857 -0.03561583105232349 0
2023 -0.1114047206757828 -0.1402248892929115 0
2024 0.08552246666580346 0.0783527098982412 0
2025 0.02269899321357425 0.001707781548846817 0
2026 -0.08283515784448411 -0.01287196922020474 0
2027 -0.01933961872965319 0.004841673092261635 0
2028 0.007767997910575289 -0.02838348335993499 0
2029 -0.02793179122093348 2.698685776389564e-05 0
2030 -0.009522944280097145 0.0006593135797032718 0
2031 -0.01669099368236137 -0.00507768966553642 0
2032 -0.008444818760285256 -0.0001892088075561296 0
2033 0.04981637567788734 0.03804777040427926 0
2034 0.005181125100942046 0.005654296845025494 0
2035 0.04482895608836193 -0.003152032722302585 0
2036 0.2882893093761142 0.3495091400414678 0
2037 -0.04348385841743178 0.007391549690109176 0
2038 -0.03639628652501606 0.01513716974345283 0
2039 0.06580174162570201 -0.01022761264746359 0
2040 -0.02323433697080792 0.002163861322726403 0
2041 0.1184455905239642 -0.1191259907759698 0
2042 0.02576628931237689 0.002288107556925724 0
2043 0.01858131310841996 -0.005622092095962689 0
2044 -0.06907496089081155 0.08271136212125214 0
2045 -0.01167766224561972 0.0005496084783051962 0
2046 0.03315357370970104 0.01367395990492009 0
2047 0.02181730290317112 0.04220469580071436 0
2048 -0.01971691733836256 -0.00650830803644852 0
2049 -0.02470201071327817 -0.003488202023441143 0
2050 -0.2467229476862619 -0.2145614360473433 0
2051 0.01677256687209569 0.02048359658884933 0
2052 -0.145661454342213 0.3299191827634296 0
2053 -0.07143145491377488 -0.03601321893031886 0
2054 -0.2090618335169838 -0.07320997341376323 0
2055 -0.006131252660258203 -0.001712250663632628 0
2056 -0.08041209974631716 -0.1356064820712189 0
2057 -0.05861292282407356 0.018935025462669 0
2058 -0.05874751866130067 0.02732430983374087 0
2059 -0.01250939830665359 0.00126250149695029 0
2060 -0.01790347910523146 0.00124188805564933 0
2061 -0.01273493554114586 0.1822376739699194 0
2062 -0.02829909312404076 0.001777679921282116 0
2063 0.02416336655622238 0.002883273510707665 0
2064 0.02116359770981752 -0.007434608844536065 0
2065 0.2627131638972208 -0.320476268585384 0
2066 -0.2934456137421975 -0.02558458920898846 0
2067 0.002704521325514516 -0.00648818537814925 0
2068 0.004067701207512407 0.04078853054811485 0
2069 -0.2762917822354943 0.3723900471007709 0
2070 -0.007313568555203433 -0.01174017936083041 0
2071 -0.03075577478011601 0.003028036914350878 0
2072 -0.03124982045922003 0.005064030095138079 0
2073 0.1143737063225555 0.3085145207622877 0
2074 0.002647586293207221 -0.01231847343693139 0
2075 -0.03312491140720274 -0.0104523824066481 0
2076 -0.3483156459602695 0.3126907868594658 0
2077 -0.2382967915418095 0.3956817660694618 0
2078 0.1843364130687304 0.3387787353522005 0
2079 -0.1375897186282188 -0.09195686869680553 0
2080 -0.02220571797612078 -0.00186969025099988 0
2081 -0.2318323206928005 -0.07981357693064323 0
2082 -0.03215255137086379 -0.003136471597728051 0
2083 0.04668386663766413 -0.07303099873840962 0
2084 -0.03275062559365735 0.1961132542016901 0
2085 -0.02007715608234654 -0.001267736749695353 0
2086 0.3560634664097734 0.2307236564500035 0
2087 -0.0260752410296391 0.01742850183103417 0
2088 -0.002946035194491136 -0.004423038357396648 0
2089 -0.01292154815367575 0.01485169684216443 0
2090 0.02792949196721368 0.01405502272357495 0
2091 0.0002962973718239702 -0.02328866629355193 0
2092 0.02746377082082167 0.004045125629514623 0
2093 0.02773584030424498 0.005431754107640805 0
2094 0.01289161253206116 0.003807674417291011 0
2095 0.02137752576787876 -0.009195427195728037 0
2096 -0.01707200414266643 0.007332990900203427 0
2097 -0.02942786311120017 -0.01936929265229327 0
2098 -0.02267529379661484 -0.002257268487246345 0
2099 -0.02300860864345919 -0.002784154800129103 0
2100 -0.02059539615699548 -3.501919175373199e-05 0
2101 0.02271054599572417 0.008039928452414294 0
2102 -0.03832730438325717 -0.00196846129827185 0
2103 0.02559504035673256 -0.3316883038265372 0
2104 -0.01674487951472449 0.0189947461499529 0
2105 0.01454572484839169 -0.007641261018847119 0
2106 -0.01275778418194418 -0.0297779666385715 0
2107 -0.007876816405055368 0.4264928674032556 0
2108 0.02376365719923116 -0.008365330597145134 0
2109 0.08679962050869901 -0.3704583593031884 0
2110 0.01723121660051494 -0.004925367323926683 0
2111 0.1804488551997721 -0.0384220730205696 0
2112 -0.02041513646948706 0.004970285840507222 0
2113 0.0142852003133228 -0.02173736741272178 0
2114 0.1057553346407718 0.01734828630091584 0
2115 -0.2316724045990114 -0.3560070855546825 0
2116 -0.08390969155929966 -0.07749834449968476 0
2117 -0.2398859773652421 0.3137822166315823 0
2118 -0.002146476307559511 0.003486213241988634 0
2119 0.02466455390942568 -0.01125095475414524 0
2120 -0.01530149623432349 0.004631167626711986 0
2121 -0.01717828176529569 0.001789573529822981 0
2122 -0.02673536494634797 0.003544003065569707 0
2123 0.0213626679686263 0.005959342800821343 0
2124 -0.2207747434977366 -0.03741483992945211 0
2125 0.1614502149897476 0.397157413401207 0
2126 0.01738192550329534 -0.000695683435298708 0
2127 0.00676056928273234 -0.00634420323805161 0
2128 0.1034294793572187 0.04369070153912863 0
2129 0.04462038458716654 -0.01266811241206489 0
2130 0.02753188141166361 -0.005579473241995681 0
2131 -0.03065924294897386 0.007375992298852501 0
2132 0.3244640526514119 -0.2786956992217263 0
2133 0.0617015008187346 0.1817499140999965 0
2134 0.02231989420532118 -0.004082297553736306 0
2135 0.01559070317971183 0.01099318108028102 0
2136 0.004909883059765195 0.008759722225644731 0
2137 0.01640084309815435 -0.0107344953915274 0
2138 -0.02687283793996372 -0.08848273829269655 0
2139 -0.006457185537037499 0.01961687524640189 0
2140 0.004042646872675937 -0.007224162576224775 0
2141 0.02918289847019499 0.001775678252744016 0
2142 0.02931206385875606 0.0007099362616524954 0
2143 -0.002662857715437447 -0.1788431894785553 0
2144 -0.02719875715402244 0.00872075636466102 0
2145 0.3197730087593151 0.1067112222458414 0
2146 0.00385364597889053 0.00531252801552658 0
2147 0.04627894094859827 0.01077020615643583 0
2148 0.08740017919748759 -0.4031210732202167 0
2149 -0.3068610895337729 0.1193667842432308 0
2150 0.3115927325523539 -0.1726189238306368 0
2151 0.02385217158095071 -0.002606914782177295 0
2152 -0.03555312144343151 0.02045722192820146 0
2153 0.02853445341159296 4.616307784234933e-05 0
2154 -0.003722565342868443 0.0103268988823708 0
2155 0.01972101009433779 -0.0701235887225488 0
2156 0.2184235124415868 -0.08057504907804632 0
2157 -0.2011911678252072 0.0798280924044589 0
2158 0.03341045491024929 -0.009394957871108063 0
2159 -0.05388557275119251 -0.0554761936755612 0
2160 0.003398915408430614 -0.003211563206477688 0
2161 -0.02783419384707077 -0.001897625472945798 0
2162 -0.01869381699797476 0.01061954164962504 0
2163 0.03026179433472009 0.01625280165694976 0
2164 -0.2023510985883547 -0.3800623493392392 0
2165 -0.1058239325556825 0.002082557803978397 0
2166 0.2231889226485183 0.3537035301547707 0
2167 -0.01214230536652877 -0.006625083285003639 0
2168 -0.02602759370356452 -0.007360892352946534 0
2169 0.02433259068971272 0.008611438050893898 0
2170 -0.03221858223192003 -0.01288360941365851 0
2171 0.0332939858905229 -0.01346647310040909 0
2172 0.03123490021922119 -0.01773455110904929 0
2173 -0.0542065080035998 -0.01013495742780438 0
2174 0.3604186465379217 -0.2344823668558328 0
2175 0.01347423050636681 -0.008866663385567925 0
2176 0.0689325818895935 0.4647057214536471 0
2177 0.01360918003540058 0.00994542654305931 0
2178 0.07541281137603284 0.0881818174190587 0
2179 0.03835919740638971 -0.04173091379651755 0
2180 -0.04156465516462551 -0.002130372136449097 0
2181 -0.04174024220061544 0.003838856210193431 0
2182 0.02269213596261755 -0.002228802151397901 0
2183 -0.005453679591209927 -0.003979760735225928 0
2184 0.02681349769525729 -0.002413989755821005 0
2185 0.02650059493165117 -0.010258006758089 0
2186 -0.02548161794887186 0.004187818871766192 0
2187 0.07037035332405031 -0.01881950146040244 0
2188 -0.03070424184674491 -0.001653393142833165 0
2189 0.03570174551038894 0.006908723825023139 0
2190 -0.02555988990808865 0.002851529450063038 0
2191 0.008117696756010219 0.01730889439775693 0
2192 0.1359911970747986 -0.110654209272562 0
2193 -0.389747347077434 0.155777624274237 0
2194 -0.001917251264101462 0.1248318046150085 0
2195 -0.005032988391019834 0.02582300469626123 0
2196 -0.355345611838352 -0.1655001762508871 0
2197 0.02546086215034317 -0.005449402916163781 0
2198 -0.01796858328734315 0.001918328710537924 0
2199 -0.004098266734193922 -0.004833003029355473 0
2200 0.03207159300374023 0.010493106658489 0
2201 -0.02224854216068435 -0.0004191799668768789 0
2202 -0.2224653863803326 -0.2344371572949015 0
2203 0.06898540458912533 -0.4647135778023962 0
2204 0.01637212124929471 -0.004179127555913383 0
2205 -0.06387907690296131 0.04238067442194718 0
2206 -0.02154622793745554 -0.007953133943610869 0
2207 0.01805028670619557 0.05473179564288364 0
2208 0.02760551899392044 -0.002853778249604045 0
2209 0.02857542845092137 -0.003236821852411964 0
2210 -0.05704117152110141 0.04709025738679703 0
2211 -0.0340515084254365 0.2867390376965705 0
2212 0.02914794436346314 0.07845102373134072 0
2213 -0.009269636408938131 -0.01208255537569367 0
2214 -0.09492946371042922 -0.264945065135374 0
2215 -0.388837888000754 -0.01177434444387817 0
2216 -0.02213774347850777 0.00203615136407042 0
2217 -0.02130580188205696 0.002648685955691225 0
2218 0.01982124792831453 -0.008323309038777966 0
2219 -0.09541232305371219 -0.07421370277082946 0
2220 -0.2298914952612112 0.2096140764477245 0
2221 0.01345421331538932 -0.0183000696697019 0
2222 0.05474646991619873 -0.3521556502341713 0
2223 -0.2724621468943084 -0.226545547656534 0
2224 -0.02050062218230019 -0.005851905446930931 0
2225 -0.02500840165926124 0.002851617219684956 0
2226 0.05667096094883471 -0.0715716321811888 0
2227 0.1571344261987601 0.1271923430930981 0
2228 0.003816684552178452 -0.1066326028947312 0
2229 0.1025750972748975 -0.02787331796085829 0
2230 0.0166824593885326 0.02460069585600006 0
2231 0.01176293063816726 0.01116327783052255 0
2232 -0.008602619889049704 -0.001304989447106805 0
2233 0.01249683453607842 0.1901734464547146 0
2234 0.02265551935936149 0.002859367929598954 0
2235 0.04869395334441146 0.09092273778370979 0
2236 -0.05778828483286506 -0.04597501541139729 0
2237 -0.02931455058604392 0.009299993228948152 0
2238 -0.06591855999891251 -0.2539320068363402 0
2239 0.02866546802694522 0.1165191523906073 0
2240 0.02609592801812217 0.003357053760507558 0
2241 -0.01618881626929065 0.02280422829094989 0
2242 0.01016510413490164 -0.009497297060790746 0
2243 0.3906469476600237 -0.05736311169265916 0
2244 -0.2755697251152842 0.08367577930978437 0
2245 0.01178494500636225 0.004372187355414878 0
2246 0.1482951812040047 0.3247412838275009 0
2247 0.3785915523851704 0.2049074833376139 0
2248 0.291744722402056 0.1171889344709693 0
2249 0.02781081981649539 2.356533674294974e-05 0
2250 -0.02954325446218002 0.005760931212340028 0
2251 0.009060870356601653 -0.01658575367449974 0
2252 -0.1734159011538252 0.01451277134232542 0
2253 0.003938288133983106 -0.001866448197285141 0
2254 0.006097424397193859 0.01198424352983021 0
2255 0.0588213424774423 0.03949336833149931 0
2256 0.1109951827309372 -0.003600013538595708 0
2257 -0.342138947476358 -0.03419760702600343 0
2258 0.06107925488644662 0.08253687775713175 0
2259 0.3186145618995381 0.3352957283060767 0
2260 0.01358558813893495 0.1286128461999111 0
2261 0.3575392198525622 -0.06675639221121656 0
2262 -0.05986791841234212 -0.009752359593923513 0
2263 0.01787086132607869 0.01184656966576265 0
2264 0.02753318113596025 0.002798205017079564 0
2265 -0.09899543115922896 -0.3767170532931291 0
2266 0.1940982428372608 0.03359800320464838 0
2267 -0.2319989006482588 -0.09869466644410974 0
2268 -0.01268741564655474 -0.01518244432111691 0
2269 -0.1441319376866091 0.3637821851946488 0
2270 0.04427699287515306 -0.1494545249216621 0
2271 0.05971186747307829 0.02698343730956033 0
2272 -0.1684120061478532 -0.0939849121750832 0
2273 -0.1373580321007181 -0.02200361759407111 0
2274 0.1604684795260185 0.02909096544670238 0
2275 0.03247877836809071 0.0009632370655694635 0
2276 -0.02511044085374187 -0.003971200993758425 0
2277 0.1630235862582512 -0.1452431989603057 0
2278 -0.03450381475161983 0.01096932078952295 0
2279 0.02285530326126879 -0.004599953780985788 0
2280 0.1934968839784021 0.2859281283222851 0
2281 0.01855062628414525 -0.007293490148633675 0
2282 -0.01589285384840559 -0.004574422641732339 0
2283 0.01112520507451377 0.05940720965580934 0
2284 -0.02777246391333008 0.0006327967946265174 0
2285 0.0122724700388224 -0.01023060843916084 0
2286 -0.09135105278072558 0.06257810963270898 0
2287 -0.04423741522749573 -0.4297405489757874 0
2288 -0.0259540439954995 0.003544078395388901 0
2289 0.002203256732125701 -0.004055710659175306 0
2290 0.06858985772377407 -0.06733806831515048 0
2291 0.02084497972441709 -0.00115523502091607 0
2292 -0.01956336862392863 -0.002665856005343528 0
2293 -0.0117938969903832 0.01707883401122695 0
2294 -0.02293958182977208 0.001889572515122797 0
2295 0.1037622074135095 -0.3179047469304773 0
2296 -0.01549812926993759 -0.006772782494104275 0
2297 -0.006225595234792677 -0.098697916801958 0
2298 -0.0556346548733113 0.1845294232411505 0
2299 -0.4264178227485174 0.2023387029588104 0
2300 0.348994895575537 -0.09558195818251077 0
2301 -0.1169322095220861 -0.1803895611645945 0
2302 -0.0176838194630425 0.02944825869857448 0
2303 -0.02276139997131709 -0.003365784608675955 0
2304 -0.01230426124749053 0.0848469801672664 0
2305 -0.1202398061009498 -0.03828918434877898 0
2306 -0.1794074832651777 0.09465571873272438 0
2307 -0.02924041813190277 0.01901757865986846 0
2308 0.3595097341995841 0.1343639694723523 0
2309 0.2656690501478021 0.3732112416808063 0
2310 0.01831085830164536 0.002535866787016497 0
2311 -0.03019103706781641 0.001548463803126461 0
2312 -0.004845683857124408 0.01370195055164259 0
2313 0.1258755859663985 0.4151831342168303 0
2314 -0.2291382549431767 0.2386851484976853 0
2315 -0.2359415511916687 0.3540367036400732 0
2316 0.02041932608726557 0.009285959787100315 0
2317 -0.02027403527617747 -0.008032521763271018 0
2318 0.01045261719545313 0.02301537869209022 0
2319 0.09652951350384929 0.03432315148049114 0
2320 -0.02066214709279091 0.002274073351193119 0
2321 0.01182805743340268 -0.02819454911060756 0
2322 0.01080423460901233 0.007086685997538925 0
2323 0.0122329540459498 -0.003303662504609421 0
2324 -0.02431266854150567 0.03742867586866892 0
2325 -0.1105477524583129 -0.04299498868431235 0
2326 0.01904529460118486 -0.004663316726030641 0
2327 0.02475422677582812 -0.003237760144197201 0
2328 -0.1924263134996159 0.06152720530227332 0
2329 -0.03660178609246952 -0.09401926618519985 0
2330 -0.02409110096301292 -0.003300779715243437 0
2331 0.005510675525128176 -0.006866990919024665 0
2332 -0.008060063628497602 -0.01645418963808998 0
2333 -0.01586127592347223 -0.001785182648607602 0
2334 0.01612537559162995 0.004442439149983204 0
2335 0.01195667233223003 0.01335495475008648 0
2336 -0.414971142850849 -0.1241374377939722 0
2337 -0.02426551272177778 -0.03654959782937785 0
2338 -0.3536645244610648 0.2461056630610436 0
2339 -0.05818000658908432 -0.08600010075091359 0
2340 0.05126692532776753 0.01027261591503099 0
2341 -0.01589796089015566 0.008127303592584784 0
2342 0.02823215701242262 0.003408270985949328 0
2343 0.09593011483606509 -0.1944727244333593 0
2344 -0.03174097492663112 -0.002020424437985955 0
2345 0.4310374808926806 -0.007756612594285906 0
2346 -0.104966439044884 0.09659509743535193 0
2347 0.02059847580695698 0.0004930025804193374 0
2348 -0.01768432291791016 0.008635146697314619 0
2349 0.02808556991960337 0.001772357230115158 0
2350 -0.01662061837247191 0.003306775268546835 0
2351 0.02673836031455765 0.004955484622772059 0
2352 0.00592435313384076 0.004879522408083802 0
2353 -0.1423916005800966 0.02217468227414475 0
2354 0.2398236306158281 -0.4041152387835011 0
2355 0.0231272160847453 -0.009705451838134911 0
2356 -0.02685975739120793 -0.002753578508674872 0
2357 0.02911800203353547 0.005655760856066157 0
2358 0.0007236061212450895 -0.01311992821016082 0
2359 -0.04716206022312761 0.007642317546624095 0
2360 0.03518991697357521 0.011312028768089 0
2361 -0.09546296687311381 -0.06079403978824355 0
2362 -0.02398183541977807 0.002685925057329535 0
2363 0.3995566782454463 -0.01929635614854115 0
2364 -0.01513258685443707 0.005925611353259419 0
2365 0.1511607632657427 -0.405100500506561 0
2366 0.174562981819887 0.137197092540451 0
2367 -0.003929716361575523 -0.1979237679375526 0
2368 0.02514398577053739 0.1758168558159567 0
2369 0.03454935980323307 0.09761417311417467 0
2370 -0.03845169941214736 0.003706918652754066 0
2371 0.001818150304792046 -0.00167423479369781 0
2372 -0.1089672797880579 -0.05540435287727428 0
2373 -0.01451225301268739 -0.02444964630577512 0
2374 0.332038165885462 0.1303029160616533 0
2375 0.1984735008046626 -0.05171021653254854 0
2376 -0.003855803045230042 0.005263048923600997 0
2377 0.03138947008443192 0.002071987280053581 0
2378 -0.09131202080294647 -0.008777697018798566 0
2379 -0.0759797439714649 0.1956061696449092 0
2380 -0.009235778740011445 -0.07519941877981741 0
2381 -0.1276177593028832 0.4151382583119266 0
2382 -0.02815303832259393 0.002654659021974853 0
2383 0.007311421430514812 -0.005325950860253128 0
2384 -0.02526083378126686 -0.003406537776336328 0
2385 0.08536332823809704 -0.1248213531781369 0
2386 -0.0271762433127259 -0.003746591938203768 0
2387 0.1821239000722349 -0.3839276594130405 0
2388 0.00285067747190885 0.002831584191975182 0
2389 -0.1532445818706544 -0.01677899238952843 0
2390 -0.06519989058221663 0.01490958913332117 0
2391 0.02343176976667006 -0.002600518557303635 0
2392 -0.2271607738823219 -0.2618423200640273 0
2393 0.3143311619828755 0.2929625227690923 0
2394 0.02638897562222132 -0.005399566348916164 0
2395 -0.001347963458726984 0.04405036913535012 0
2396 0.02239305167450878 -0.00191952092527298 0
2397 -0.01548183409987465 0.1199430609647065 0
2398 0.03045360670154027 0.2421356705028792 0
$EndNodes
$Elements
4699
1 1 2 1 1 1 13
2 1 2 1 1 13 14
3 1 2 1 1 14 15
4 1 2 1 1 15 16
5 1 2 1 1 16 17
6 1 2 1 1 17 18
7 1 2 1 1 18 3
8 1 2 2 2 3 19
9 1 2 2 2 19 20
10 1 2 2 2 20 21
11 1 2 2 2 21 22
12 1 2 2 2 22 23
13 1 2 2 2 23 24
14 1 2 2 2 24 2
15 1 2 3 3 2 25
16 1 2 3 3 25 26
17 1 2 3 3 26 27
18 1 2 3 3 27 28
19 1 2 3 3 28 29
20 1 2 3 3 29 30
21 1 2 3 3 30 4
22 2 2 4 1 992 1231 2276
23 2 2 4 1 1000 997 1126
24 2 2 4 1 161 1466 1741
25 2 2 4 1 1589 332 1723
26 2 2 4 1 1091 1090 1694
27 2 2 4 1 139 1473 1475
28 2 2 4 1 1408 1095 1820
29 2 2 4 1 1341 217 1477
30 2 2 4 1 1373 1300 1513
31 2 2 4 1 1359 1139 1740
32 2 2 4 1 456 453 1497
33 2 2 4 1 1659 1185 1751
34 2 2 4 1 856 1327 1613
35 2 2 4 1 996 953 997
36 2 2 4 1 253 184 1447
37 2 2 4 1 1581 1073 1607
38 2 2 4 1 1019 1494 2267
39 2 2 4 1 1277 1463 1953
40 2 2 4 1 1032 1225 1697
41 2 2 4 1 996 997 1000
42 2 2 4 1 919 1252 1784
43 2 2 4 1 952 953 996
44 2 2 4 1 1358 1357 2170
45 2 2 4 1 863 1238 2209
46 2 2 4 1 1090 1452 1694
47 2 2 4 1 468 560 2035
48 2 2 4 1 512 1810 1932
49 2 2 4 1 1629 709 1990
50 2 2 4 1 1628 2160 2253
51 2 2 4 1 1000 1126 1127
52 2 2 4 1 1556 1786 2266
53 2 2 4 1 513 486 1954
54 2 2 4 1 1736 1702 2168
55 2 2 4 1 164 162 1600
56 2 2 4 1 554 798 1612
57 2 2 4 1 1662 421 1663
58 2 2 4 1 1270 472 2129
59 2 2 4 1 217 1341 1343
60 2 2 4 1 1355 937 1462
61 2 2 4 1 1628 334 2160
62 2 2 4 1 265 206 1463
63 2 2 4 1 1503 1927 1967
64 2 2 4 1 1560 1031 1613
65 2 2 4 1 1066 1165 2028
66 2 2 4 1 1285 1587 2312
67 2 2 4 1 613 1354 1723
68 2 2 4 1 1360 1814 1836
69 2 2 4 1 1292 1690 1845
70 2 2 4 1 1664 1149 2004
71 2 2 4 1 1825 2218 2281
72 2 2 4 1 579 578 581
73 2 2 4 1 1432 474 1625
74 2 2 4 1 1223 509 2119
75 2 2 4 1 1386 1287 1601
76 2 2 4 1 1543 895 1672
77 2 2 4 1 1427 1093 1549
78 2 2 4 1 1127 1126 1374
79 2 2 4 1 765 768 989
80 2 2 4 1 1634 1259 1787
81 2 2 4 1 1031 856 1613
82 2 2 4 1 490 520 1954
83 2 2 4 1 1695 1439 2318
84 2 2 4 1 1767 868 1947
85 2 2 4 1 1331 1592 1688
86 2 2 4 1 1663 421 1833
87 2 2 4 1 111 112 1652
88 2 2 4 1 1088 1744 2389
89 2 2 4 1 978 731 1209
90 2 2 4 1 1973 1681 2097
91 2 2 4 1 1123 1399 1738
92 2 2 4 1 1837 232 1937
93 2 2 4 1 729 727 874
94 2 2 4 1 1019 701 1494
95 2 2 4 1 1031 1560 2156
96 2 2 4 1 162 614 1600
97 2 2 4 1 1354 1589 1723
98 2 2 4 1 440 363 1557
99 2 2 4 1 610 630 1951
100 2 2 4 1 1503 1008 1927
101 2 2 4 1 1075 1004 1776
102 2 2 4 1 497 509 1223
103 2 2 4 1 798 803 1612
104 2 2 4 1 1676 1344 1958
105 2 2 4 1 208 1421 1463
106 2 2 4 1 1444 1259 1634
107 2 2 4 1 1291 1674 1690
108 2 2 4 1 952 841 953
109 2 2 4 1 1225 1089 1697
110 2 2 4 1 1633 248 1876
111 2 2 4 1 1330 468 2035
112 2 2 4 1 1594 1216 2053
113 2 2 4 1 1210 978 2342
114 2 2 4 1 773 1524 1939
115 2 2 4 1 1073 1581 1606
116 2 2 4 1 1696 1422 1963
117 2 2 4 1 1607 892 2030
118 2 2 4 1 292 1321 2195
119 2 2 4 1 1630 1629 1990
120 2 2 4 1 1086 989 1109
121 2 2 4 1 1129 1127 1262
122 2 2 4 1 1020 1152 2122
123 2 2 4 1 459 460 527
124 2 2 4 1 1268 1543 1672
125 2 2 4 1 248 1633 1902
126 2 2 4 1 1393 1382 1634
127 2 2 4 1 956 1504 1714
128 2 2 4 1 1095 1408 2126
129 2 2 4 1 1354 613 1627
130 2 2 4 1 292 290 1321
131 2 2 4 1 1139 1025 1614
132 2 2 4 1 1054 1364 1986
133 2 2 4 1 1165 2005 2028
134 2 2 4 1 1218 1477 1625
135 2 2 4 1 1796 776 2332
136 2 2 4 1 956 1433 1504
137 2 2 4 1 1093 1427 1931
138 2 2 4 1 1720 141 1721
139 2 2 4 1 1454 1023 1935
140 2 2 4 1 200 474 1432
141 2 2 4 1 755 841 952
142 2 2 4 1 862 496 1586
143 2 2 4 1 733 731 978
144 2 2 4 1 937 1391 1462
145 2 2 4 1 1464 1084 1714
146 2 2 4 1 1225 1032 1829
147 2 2 4 1 408 403 1606
148 2 2 4 1 1023 1454 1868
149 2 2 4 1 1809 1130 1880
150 2 2 4 1 457 458 459
151 2 2 4 1 576 1516 2019
152 2 2 4 1 1076 556 1870
153 2 2 4 1 468 466 560
154 2 2 4 1 1327 1164 1988
155 2 2 4 1 1716 457 1901
156 2 2 4 1 628 584 937
157 2 2 4 1 186 1446 1447
158 2 2 4 1 577 527 578
159 2 2 4 1 1814 940 1836
160 2 2 4 1 912 739 2038
161 2 2 4 1 1674 839 1690
162 2 2 4 1 1443 1270 1857
163 2 2 4 1 839 807 1472
164 2 2 4 1 262 227 1471
165 2 2 4 1 1231 1100 1306
166 2 2 4 1 236 234 1877
167 2 2 4 1 1139 1359 1836
168 2 2 4 1 453 455 1497
169 2 2 4 1 990 992 1222
170 2 2 4 1 1765 1298 1904
171 2 2 4 1 1466 161 1742
172 2 2 4 1 229 1448 1471
173 2 2 4 1 978 1210 2141
174 2 2 4 1 750 755 1430
175 2 2 4 1 253 1447 2009
176 2 2 4 1 863 1237 1238
177 2 2 4 1 577 578 579
178 2 2 4 1 1004 1297 1776
179 2 2 4 1 1539 1543 1544
180 2 2 4 1 581 583 765
181 2 2 4 1 1282 1066 2028
182 2 2 4 1 1039 1042 1562
183 2 2 4 1 1077 1134 1468
184 2 2 4 1 1007 1416 1719
185 2 2 4 1 1797 1809 1880
186 2 2 4 1 1095 1583 1820
187 2 2 4 1 59 423 1316
188 2 2 4 1 630 1525 1951
189 2 2 4 1 1829 996 2006
190 2 2 4 1 2043 1253 2110
191 2 2 4 1 1346 1197 2337
192 2 2 4 1 1490 1491 1492
193 2 2 4 1 992 994 1231
194 2 2 4 1 1512 1091 1694
195 2 2 4 1 495 496 497
196 2 2 4 1 657 651 1488
197 2 2 4 1 1374 1126 1375
198 2 2 4 1 1300 1373 2201
199 2 2 4 1 1841 927 2044
200 2 2 4 1 1287 1386 2335
201 2 2 4 1 651 1096 1488
202 2 2 4 1 1556 1557 1786
203 2 2 4 1 720 721 722
204 2 2 4 1 62 63 1664
205 2 2 4 1 1592 1171 1688
206 2 2 4 1 1528 1146 1847
207 2 2 4 1 1696 848 1981
208 2 2 4 1 488 490 1954
209 2 2 4 1 1207 1054 1986
210 2 2 4 1 1298 1765 1768
211 2 2 4 1 1581 1607 2030
212 2 2 4 1 1125 1795 1796
213 2 2 4 1 1655 773 1939
214 2 2 4 1 486 488 1954
215 2 2 4 1 295 1439 1695
216 2 2 4 1 1265 1264 1505
217 2 2 4 1 612 1426 1771
218 2 2 4 1 1475 1149 1664
219 2 2 4 1 1374 954 2362
220 2 2 4 1 1744 1470 2389
221 2 2 4 1 750 1430 2162
222 2 2 4 1 718 719 720
223 2 2 4 1 1264 1050 1344
224 2 2 4 1 1548 1166 1872
225 2 2 4 1 1353 344 1818
226 2 2 4 1 568 463 2359
227 2 2 4 1 2119 1678 2185
228 2 2 4 1 978 1209 2342
229 2 2 4 1 1100 1101 1102
230 2 2 4 1 1333 1077 1468
231 2 2 4 1 1047 1046 1052
232 2 2 4 1 12 106 1660
233 2 2 4 1 1154 1596 1661
234 2 2 4 1 1315 1525 2320
235 2 2 4 1 1344 1047 2234
236 2 2 4 1 1538 696 2398
237 2 2 4 1 496 493 1586
238 2 2 4 1 1284 1422 1574
239 2 2 4 1 472 470 2129
240 2 2 4 1 1483 1486 1489
241 2 2 4 1 1532 1288 2318
242 2 2 4 1 282 276 1402
243 2 2 4 1 1477 1218 2155
244 2 2 4 1 569 1548 1872
245 2 2 4 1 1238 1283 1803
246 2 2 4 1 403 1073 1606
247 2 2 4 1 1238 1241 1283
248 2 2 4 1 1960 564 1974
249 2 2 4 1 912 2038 2152
250 2 2 4 1 112 142 1652
251 2 2 4 1 1838 1837 1937
252 2 2 4 1 208 212 1421
253 2 2 4 1 1531 1508 1950
254 2 2 4 1 1709 1646 1917
255 2 2 4 1 1368 1716 1901
256 2 2 4 1 1050 1047 1344
257 2 2 4 1 1587 1372 2312
258 2 2 4 1 134 1659 1751
259 2 2 4 1 1416 1007 1720
260 2 2 4 1 1557 363 1786
261 2 2 4 1 452 456 457
262 2 2 4 1 443 444 447
263 2 2 4 1 474 202 1445
264 2 2 4 1 531 309 1571
265 2 2 4 1 530 1424 1425
266 2 2 4 1 1045 1043 1046
267 2 2 4 1 1663 1639 1998
268 2 2 4 1 952 1032 1430
269 2 2 4 1 1231 1306 2330
270 2 2 4 1 1732 2029 2284
271 2 2 4 1 1422 963 1963
272 2 2 4 1 1399 1123 1739
273 2 2 4 1 1259 1144 1787
274 2 2 4 1 1901 576 2019
275 2 2 4 1 1426 612 2100
276 2 2 4 1 1141 1050 1264
277 2 2 4 1 1447 1446 1453
278 2 2 4 1 1339 1849 2207
279 2 2 4 1 1463 1421 1953
280 2 2 4 1 1949 1531 1950
281 2 2 4 1 344 1353 1956
282 2 2 4 1 499 1223 1305
283 2 2 4 1 1690 1245 1845
284 2 2 4 1 401 390 1608
285 2 2 4 1 1284 1574 2154
286 2 2 4 1 994 1100 1231
287 2 2 4 1 494 493 495
288 2 2 4 1 509 1678 2119
289 2 2 4 1 1553 1552 1554
290 2 2 4 1 1262 1127 2362
291 2 2 4 1 514 1603 1790
292 2 2 4 1 954 1374 2225
293 2 2 4 1 1028 1341 1477
294 2 2 4 1 533 535 1356
295 2 2 4 1 989 768 990
296 2 2 4 1 718 717 719
297 2 2 4 1 593 1702 1736
298 2 2 4 1 1169 1172 1593
299 2 2 4 1 479 477 1206
300 2 2 4 1 497 496 509
301 2 2 4 1 1490 1489 1491
302 2 2 4 1 807 810 1472
303 2 2 4 1 364 717 718
304 2 2 4 1 941 1969 2293
305 2 2 4 1 994 1099 1100
306 2 2 4 1 1146 1528 2055
307 2 2 4 1 1139 1614 1802
308 2 2 4 1 1174 1892 1904
309 2 2 4 1 1944 1844 2133
310 2 2 4 1 1444 1634 2327
311 2 2 4 1 1186 1852 2004
312 2 2 4 1 265 1463 1997
313 2 2 4 1 724 722 726
314 2 2 4 1 297 298 299
315 2 2 4 1 2045 1607 2059
316 2 2 4 1 275 276 282
317 2 2 4 1 975 1393 1634
318 2 2 4 1 1126 997 2186
319 2 2 4 1 498 497 499
320 2 2 4 1 720 719 721
321 2 2 4 1 1646 1709 1919
322 2 2 4 1 909 1482 1489
323 2 2 4 1 1546 1749 1961
324 2 2 4 1 294 296 297
325 2 2 4 1 272 273 275
326 2 2 4 1 1052 1169 1205
327 2 2 4 1 637 1428 2217
328 2 2 4 1 1513 1300 1626
329 2 2 4 1 1169 1593 2025
330 2 2 4 1 297 296 298
331 2 2 4 1 1452 560 1694
332 2 2 4 1 1501 1841 2044
333 2 2 4 1 1188 1825 2281
334 2 2 4 1 290 575 1321
335 2 2 4 1 299 300 302
336 2 2 4 1 477 472 1270
337 2 2 4 1 495 493 496
338 2 2 4 1 217 1343 2228
339 2 2 4 1 299 298 300
340 2 2 4 1 694 696 1538
341 2 2 4 1 1207 1986 2005
342 2 2 4 1 1594 2159 2236
343 2 2 4 1 1052 1053 1169
344 2 2 4 1 186 188 1446
345 2 2 4 1 1512 1694 2147
346 2 2 4 1 337 1302 1601
347 2 2 4 1 968 1594 2053
348 2 2 4 1 1828 1442 2122
349 2 2 4 1 1344 1676 2063
350 2 2 4 1 1321 1323 1324
351 2 2 4 1 1299 1316 1530
352 2 2 4 1 349 1454 1935
353 2 2 4 1 1128 1127 1129
354 2 2 4 1 1454 349 1806
355 2 2 4 1 274 267 1786
356 2 2 4 1 310 624 1584
357 2 2 4 1 2005 1165 2091
358 2 2 4 1 270 271 272
359 2 2 4 1 1171 1592 2020
360 2 2 4 1 579 581 1943
361 2 2 4 1 1464 1714 2229
362 2 2 4 1 1563 1076 2346
363 2 2 4 1 997 1020 2186
364 2 2 4 1 1894 213 2023
365 2 2 4 1 1539 1544 2233
366 2 2 4 1 364 351 717
367 2 2 4 1 594 440 1557
368 2 2 4 1 2013 1398 2014
369 2 2 4 1 765 583 768
370 2 2 4 1 1327 1988 2277
371 2 2 4 1 302 300 303
372 2 2 4 1 564 1683 1868
373 2 2 4 1 1177 1358 2170
374 2 2 4 1 1307 1308 1510
375 2 2 4 1 302 303 304
376 2 2 4 1 1249 1686 2181
377 2 2 4 1 438 442 443
378 2 2 4 1 1471 1448 2128
379 2 2 4 1 450 451 452
380 2 2 4 1 1499 422 1620
381 2 2 4 1 1489 1486 1491
382 2 2 4 1 1264 1344 2063
383 2 2 4 1 1547 1267 2254
384 2 2 4 1 989 990 2386
385 2 2 4 1 1447 1453 2329
386 2 2 4 1 571 1832 1930
387 2 2 4 1 1892 700 1904
388 2 2 4 1 2024 237 2178
389 2 2 4 1 1045 1046 1047
390 2 2 4 1 1025 604 1560
391 2 2 4 1 459 458 460
392 2 2 4 1 1583 1095 1653
393 2 2 4 1 499 497 1223
394 2 2 4 1 229 231 1448
395 2 2 4 1 1721 141 2076
396 2 2 4 1 1355 1462 2311
397 2 2 4 1 1497 1197 1748
398 2 2 4 1 1042 1041 1043
399 2 2 4 1 286 284 344
400 2 2 4 1 283 282 284
401 2 2 4 1 1356 535 1629
402 2 2 4 1 1531 1949 1982
403 2 2 4 1 463 447 904
404 2 2 4 1 184 186 1447
405 2 2 4 1 463 904 1249
406 2 2 4 1 1607 1608 2059
407 2 2 4 1 1903 636 2112
408 2 2 4 1 1093 1076 1563
409 2 2 4 1 1133 1712 2010
410 2 2 4 1 1088 1163 1744
411 2 2 4 1 1321 575 1323
412 2 2 4 1 304 303 305
413 2 2 4 1 1574 335 2154
414 2 2 4 1 1466 1467 1741
415 2 2 4 1 457 456 458
416 2 2 4 1 248 236 1877
417 2 2 4 1 1251 904 1649
418 2 2 4 1 1448 1880 2128
419 2 2 4 1 898 738 1730
420 2 2 4 1 1392 1258 1946
421 2 2 4 1 1767 1947 1948
422 2 2 4 1 294 292 296
423 2 2 4 1 1185 1659 2215
424 2 2 4 1 701 680 1494
425 2 2 4 1 1197 1346 1984
426 2 2 4 1 304 305 306
427 2 2 4 1 359 357 1424
428 2 2 4 1 290 288 575
429 2 2 4 1 943 1509 1651
430 2 2 4 1 213 1894 2056
431 2 2 4 1 483 481 493
432 2 2 4 1 303 1372 1587
433 2 2 4 1 2217 1315 2320
434 2 2 4 1 1083 989 1086
435 2 2 4 1 1784 1252 2021
436 2 2 4 1 434 524 1531
437 2 2 4 1 947 1067 1159
438 2 2 4 1 1825 1305 2218
439 2 2 4 1 1482 1483 1489
440 2 2 4 1 1043 1331 1688
441 2 2 4 1 1510 1308 1831
442 2 2 4 1 1152 1828 2122
443 2 2 4 1 1821 218 2272
444 2 2 4 1 937 584 2344
445 2 2 4 1 443 442 444
446 2 2 4 1 510 512 1933
447 2 2 4 1 331 313 1640
448 2 2 4 1 1169 1170 1172
449 2 2 4 1 2089 941 2293
450 2 2 4 1 1302 304 1547
451 2 2 4 1 791 789 1518
452 2 2 4 1 739 568 2017
453 2 2 4 1 848 1631 2376
454 2 2 4 1 464 589 1860
455 2 2 4 1 425 464 1860
456 2 2 4 1 1127 1374 2362
457 2 2 4 1 1807 1492 1895
458 2 2 4 1 121 12 1660
459 2 2 4 1 470 468 1330
460 2 2 4 1 478 477 479
461 2 2 4 1 430 526 1542
462 2 2 4 1 746 913 1508
463 2 2 4 1 512 1932 1933
464 2 2 4 1 281 428 1511
465 2 2 4 1 1673 1725 1920
466 2 2 4 1 1222 992 2276
467 2 2 4 1 1742 161 1831
468 2 2 4 1 390 388 1608
469 2 2 4 1 306 305 307
470 2 2 4 1 530 359 1424
471 2 2 4 1 1801 1667 1969
472 2 2 4 1 1042 1043 1045
473 2 2 4 1 1477 1432 1625
474 2 2 4 1 1853 1260 1873
475 2 2 4 1 1308 1742 1831
476 2 2 4 1 306 307 308
477 2 2 4 1 498 1062 1685
478 2 2 4 1 172 191 1459
479 2 2 4 1 1551 1552 1553
480 2 2 4 1 1302 1547 2254
481 2 2 4 1 909 675 1482
482 2 2 4 1 1207 2005 2091
483 2 2 4 1 1253 2043 2326
484 2 2 4 1 1100 1099 1101
485 2 2 4 1 904 447 1649
486 2 2 4 1 428 437 438
487 2 2 4 1 1032 996 1829
488 2 2 4 1 527 460 2075
489 2 2 4 1 696 895 2398
490 2 2 4 1 309 307 1571
491 2 2 4 1 269 280 1812
492 2 2 4 1 1596 1595 1661
493 2 2 4 1 1247 1526 1529
494 2 2 4 1 267 980 1786
495 2 2 4 1 308 307 309
496 2 2 4 1 1549 1093 1563
497 2 2 4 1 424 370 1527
498 2 2 4 1 1705 374 1919
499 2 2 4 1 257 260 270
500 2 2 4 1 170 1459 2389
501 2 2 4 1 308 309 310
502 2 2 4 1 1520 1523 1590
503 2 2 4 1 1424 357 1881
504 2 2 4 1 308 310 1584
505 2 2 4 1 886 366 1514
506 2 2 4 1 773 588 1524
507 2 2 4 1 462 447 463
508 2 2 4 1 285 284 286
509 2 2 4 1 1613 1327 1614
510 2 2 4 1 1704 145 2365
511 2 2 4 1 2017 568 2037
512 2 2 4 1 63 139 1664
513 2 2 4 1 2034 1585 2146
514 2 2 4 1 1958 1344 2234
515 2 2 4 1 1025 1560 1613
516 2 2 4 1 1639 1663 1833
517 2 2 4 1 1464 223 2256
518 2 2 4 1 326 1469 2289
519 2 2 4 1 1316 423 1530
520 2 2 4 1 310 309 311
521 2 2 4 1 1941 2000 2159
522 2 2 4 1 973 1533 1534
523 2 2 4 1 1428 1129 1692
524 2 2 4 1 628 937 1355
525 2 2 4 1 310 311 312
526 2 2 4 1 823 826 975
527 2 2 4 1 361 359 530
528 2 2 4 1 659 1520 1590
529 2 2 4 1 133 62 1664
530 2 2 4 1 428 438 1460
531 2 2 4 1 1240 863 2209
532 2 2 4 1 1811 1212 1835
533 2 2 4 1 771 665 2343
534 2 2 4 1 450 452 1716
535 2 2 4 1 863 1240 2130
536 2 2 4 1 1585 1584 2146
537 2 2 4 1 1562 1042 2123
538 2 2 4 1 614 1599 1600
539 2 2 4 1 1216 1594 2236
540 2 2 4 1 659 1519 1520
541 2 2 4 1 665 1632 2343
542 2 2 4 1 23 1044 1326
543 2 2 4 1 1646 1799 1917
544 2 2 4 1 111 1652 2354
545 2 2 4 1 206 208 1463
546 2 2 4 1 1808 375 1846
547 2 2 4 1 275 282 283
548 2 2 4 1 312 311 313
549 2 2 4 1 1716 1368 2173
550 2 2 4 1 1470 170 2389
551 2 2 4 1 722 721 1526
552 2 2 4 1 2037 1249 2181
553 2 2 4 1 1475 1473 2308
554 2 2 4 1 1551 594 1552
555 2 2 4 1 990 1222 2014
556 2 2 4 1 531 1571 1572
557 2 2 4 1 1715 262 2114
558 2 2 4 1 1480 1828 2382
559 2 2 4 1 1086 1109 1976
560 2 2 4 1 1858 1157 1884
561 2 2 4 1 725 724 727
562 2 2 4 1 1171 1053 1688
563 2 2 4 1 814 890 947
564 2 2 4 1 1603 1273 1790
565 2 2 4 1 706 1890 1900
566 2 2 4 1 287 286 288
567 2 2 4 1 483 493 494
568 2 2 4 1 1569 1019 1570
569 2 2 4 1 1366 1048 2063
570 2 2 4 1 1075 1776 1777
571 2 2 4 1 1422 1696 1981
572 2 2 4 1 474 1445 2226
573 2 2 4 1 455 894 1497
574 2 2 4 1 520 1657 1954
575 2 2 4 1 1925 1926 2023
576 2 2 4 1 564 272 1683
577 2 2 4 1 1249 904 1250
578 2 2 4 1 167 170 1470
579 2 2 4 1 723 722 724
580 2 2 4 1 922 1711 1796
581 2 2 4 1 671 657 1488
582 2 2 4 1 894 1024 1197
583 2 2 4 1 1749 1546 2149
584 2 2 4 1 957 2064 2095
585 2 2 4 1 1428 1692 2217
586 2 2 4 1 752 1666 2104
587 2 2 4 1 1102 1104 1105
588 2 2 4 1 1256 1086 1258
589 2 2 4 1 344 1401 1818
590 2 2 4 1 567 463 568
591 2 2 4 1 1740 1139 1802
592 2 2 4 1 289 288 290
593 2 2 4 1 293 292 294
594 2 2 4 1 969 1454 1806
595 2 2 4 1 2036 69 2309
596 2 2 4 1 1430 1032 1697
597 2 2 4 1 1425 1424 1498
598 2 2 4 1 1182 1650 2251
599 2 2 4 1 291 290 292
600 2 2 4 1 1311 1322 1568
601 2 2 4 1 1105 1104 1106
602 2 2 4 1 1567 1029 1602
603 2 2 4 1 1374 1375 2225
604 2 2 4 1 1080 1082 1603
605 2 2 4 1 495 497 498
606 2 2 4 1 1782 1783 1913
607 2 2 4 1 1158 2109 2222
608 2 2 4 1 755 952 1430
609 2 2 4 1 1747 1497 1748
610 2 2 4 1 921 919 1784
611 2 2 4 1 1368 1251 2173
612 2 2 4 1 576 527 577
613 2 2 4 1 738 912 1730
614 2 2 4 1 1326 1593 1978
615 2 2 4 1 1129 1262 1691
616 2 2 4 1 721 883 1113
617 2 2 4 1 1143 1259 2391
618 2 2 4 1 562 2228 2297
619 2 2 4 1 2095 2064 2218
620 2 2 4 1 163 1510 1831
621 2 2 4 1 1522 1521 1624
622 2 2 4 1 1795 1363 1796
623 2 2 4 1 436 408 1606
624 2 2 4 1 1258 1086 2161
625 2 2 4 1 947 890 1067
626 2 2 4 1 139 1475 1664
627 2 2 4 1 1712 1641 2010
628 2 2 4 1 1755 930 1910
629 2 2 4 1 1540 1535 1541
630 2 2 4 1 1227 1562 2123
631 2 2 4 1 1728 1151 1942
632 2 2 4 1 227 229 1471
633 2 2 4 1 2000 697 2159
634 2 2 4 1 1900 1890 1999
635 2 2 4 1 744 1508 1531
636 2 2 4 1 758 511 1918
637 2 2 4 1 524 744 1531
638 2 2 4 1 2109 1336 2222
639 2 2 4 1 1347 1234 1718
640 2 2 4 1 538 761 1550
641 2 2 4 1 1555 1553 1558
642 2 2 4 1 357 1476 1881
643 2 2 4 1 495 498 1685
644 2 2 4 1 556 432 1870
645 2 2 4 1 1573 1631 1698
646 2 2 4 1 1347 1718 2339
647 2 2 4 1 1593 1172 1978
648 2 2 4 1 1585 1038 1863
649 2 2 4 1 1052 1046 1053
650 2 2 4 1 1043 1041 1331
651 2 2 4 1 625 1728 1942
652 2 2 4 1 69 70 2309
653 2 2 4 1 1974 564 2304
654 2 2 4 1 438 441 442
655 2 2 4 1 198 200 1432
656 2 2 4 1 1286 1202 2307
657 2 2 4 1 560 466 1243
658 2 2 4 1 1205 1169 2025
659 2 2 4 1 511 559 1918
660 2 2 4 1 196 198 217
661 2 2 4 1 266 2239 2369
662 2 2 4 1 1113 1114 1317
663 2 2 4 1 1518 789 1869
664 2 2 4 1 313 311 1640
665 2 2 4 1 728 727 729
666 2 2 4 1 1616 209 1617
667 2 2 4 1 529 533 570
668 2 2 4 1 288 286 1726
669 2 2 4 1 952 996 1032
670 2 2 4 1 1492 1807 2054
671 2 2 4 1 973 690 1533
672 2 2 4 1 1439 1532 2318
673 2 2 4 1 1473 139 1656
674 2 2 4 1 1540 1541 1542
675 2 2 4 1 283 1023 1683
676 2 2 4 1 1619 1292 1845
677 2 2 4 1 1565 1499 1620
678 2 2 4 1 947 1245 1472
679 2 2 4 1 221 223 1464
680 2 2 4 1 270 260 271
681 2 2 4 1 254 1944 2133
682 2 2 4 1 535 536 537
683 2 2 4 1 272 271 273
684 2 2 4 1 850 1019 1569
685 2 2 4 1 1463 1277 1997
686 2 2 4 1 1601 1287 2191
687 2 2 4 1 357 354 1476
688 2 2 4 1 659 660 1519
689 2 2 4 1 275 283 1683
690 2 2 4 1 467 466 468
691 2 2 4 1 1519 771 1521
692 2 2 4 1 1611 1195 2175
693 2 2 4 1 1429 1903 2112
694 2 2 4 1 1389 782 1563
695 2 2 4 1 219 221 740
696 2 2 4 1 1359 1360 1836
697 2 2 4 1 765 989 1083
698 2 2 4 1 1852 133 2004
699 2 2 4 1 1296 1469 2067
700 2 2 4 1 1469 326 2067
701 2 2 4 1 1047 1052 2234
702 2 2 4 1 446 449 450
703 2 2 4 1 1594 1255 2159
704 2 2 4 1 533 534 535
705 2 2 4 1 755 840 841
706 2 2 4 1 225 262 1715
707 2 2 4 1 424 1527 1528
708 2 2 4 1 997 998 1020
709 2 2 4 1 1106 1108 1131
710 2 2 4 1 570 533 1356
711 2 2 4 1 172 174 191
712 2 2 4 1 281 427 428
713 2 2 4 1 270 272 564
714 2 2 4 1 1981 848 2376
715 2 2 4 1 1206 1270 1443
716 2 2 4 1 928 269 1812
717 2 2 4 1 268 1389 1501
718 2 2 4 1 1197 1024 2337
719 2 2 4 1 1618 1145 1657
720 2 2 4 1 295 294 1439
721 2 2 4 1 710 1858 1884
722 2 2 4 1 1297 2115 2164
723 2 2 4 1 133 1664 2004
724 2 2 4 1 481 479 1586
725 2 2 4 1 868 1767 2223
726 2 2 4 1 1363 776 1796
727 2 2 4 1 1853 1873 2176
728 2 2 4 1 237 239 2178
729 2 2 4 1 810 814 1472
730 2 2 4 1 28 816 1384
731 2 2 4 1 1402 276 2210
732 2 2 4 1 1069 1328 1632
733 2 2 4 1 1310 1373 1513
734 2 2 4 1 1145 513 1954
735 2 2 4 1 1076 1870 2346
736 2 2 4 1 1131 1299 1530
737 2 2 4 1 213 1925 2023
738 2 2 4 1 499 1825 2137
739 2 2 4 1 370 368 1527
740 2 2 4 1 275 273 276
741 2 2 4 1 212 219 1421
742 2 2 4 1 1706 1705 1919
743 2 2 4 1 1131 1132 1299
744 2 2 4 1 1316 1299 2201
745 2 2 4 1 1504 1278 1714
746 2 2 4 1 784 1549 1563
747 2 2 4 1 973 1535 1540
748 2 2 4 1 351 346 1695
749 2 2 4 1 1238 1237 1241
750 2 2 4 1 738 568 739
751 2 2 4 1 1681 1177 2097
752 2 2 4 1 284 282 1401
753 2 2 4 1 1498 893 2163
754 2 2 4 1 1053 1046 1688
755 2 2 4 1 1521 771 2012
756 2 2 4 1 1857 1270 2129
757 2 2 4 1 1073 401 1608
758 2 2 4 1 235 237 702
759 2 2 4 1 1169 1053 1170
760 2 2 4 1 882 860 1678
761 2 2 4 1 729 874 2093
762 2 2 4 1 838 610 1951
763 2 2 4 1 537 538 539
764 2 2 4 1 262 1471 1987
765 2 2 4 1 530 1425 1512
766 2 2 4 1 531 1572 1573
767 2 2 4 1 223 1715 2256
768 2 2 4 1 1102 1103 1104
769 2 2 4 1 827 791 1518
770 2 2 4 1 1842 1078 2179
771 2 2 4 1 894 1197 1497
772 2 2 4 1 420 2048 2317
773 2 2 4 1 2159 697 2236
774 2 2 4 1 124 1811 1835
775 2 2 4 1 1105 1106 2080
776 2 2 4 1 1041 847 1352
777 2 2 4 1 1950 1508 2341
778 2 2 4 1 241 266 1438
779 2 2 4 1 1279 1715 2114
780 2 2 4 1 1310 1309 1373
781 2 2 4 1 1536 1037 1537
782 2 2 4 1 1667 1801 2139
783 2 2 4 1 1039 1041 1042
784 2 2 4 1 192 194 562
785 2 2 4 1 1102 1101 1103
786 2 2 4 1 459 527 576
787 2 2 4 1 611 1311 1568
788 2 2 4 1 165 167 168
789 2 2 4 1 174 176 1385
790 2 2 4 1 476 472 477
791 2 2 4 1 1141 1264 1265
792 2 2 4 1 595 594 1551
793 2 2 4 1 225 227 262
794 2 2 4 1 352 351 364
795 2 2 4 1 1458 1865 2280
796 2 2 4 1 1319 1318 1320
797 2 2 4 1 327 325 1575
798 2 2 4 1 366 340 1514
799 2 2 4 1 1702 1098 2168
800 2 2 4 1 1810 512 2206
801 2 2 4 1 1461 1855 1856
802 2 2 4 1 1211 1528 2183
803 2 2 4 1 217 1432 1477
804 2 2 4 1 1195 2105 2175
805 2 2 4 1 317 315 1746
806 2 2 4 1 708 1633 1844
807 2 2 4 1 1307 1510 2252
808 2 2 4 1 1038 1585 2034
809 2 2 4 1 643 645 1813
810 2 2 4 1 823 975 1787
811 2 2 4 1 217 198 1432
812 2 2 4 1 337 302 1302
813 2 2 4 1 733 978 2377
814 2 2 4 1 636 2027 2112
815 2 2 4 1 1296 2067 2140
816 2 2 4 1 740 221 1464
817 2 2 4 1 1103 1663 1819
818 2 2 4 1 57 995 1318
819 2 2 4 1 1039 847 1041
820 2 2 4 1 1191 1569 1599
821 2 2 4 1 487 484 1500
822 2 2 4 1 1376 1721 2338
823 2 2 4 1 498 499 1030
824 2 2 4 1 141 1720 1722
825 2 2 4 1 1711 1710 1918
826 2 2 4 1 480 479 481
827 2 2 4 1 1385 176 2372
828 2 2 4 1 21 1040 1365
829 2 2 4 1 1660 106 2203
830 2 2 4 1 574 572 1677
831 2 2 4 1 1358 1177 1681
832 2 2 4 1 1849 945 2207
833 2 2 4 1 1725 705 1920
834 2 2 4 1 204 265 1445
835 2 2 4 1 1588 640 1605
836 2 2 4 1 1220 1808 1846
837 2 2 4 1 1069 1068 1203
838 2 2 4 1 1411 1960 1974
839 2 2 4 1 758 1710 1917
840 2 2 4 1 182 184 253
841 2 2 4 1 1553 1554 1558
842 2 2 4 1 214 1673 1920
843 2 2 4 1 430 1542 1812
844 2 2 4 1 1172 1173 1236
845 2 2 4 1 891 1069 1632
846 2 2 4 1 381 384 1595
847 2 2 4 1 312 313 314
848 2 2 4 1 558 510 1933
849 2 2 4 1 146 1804 1977
850 2 2 4 1 300 301 1372
851 2 2 4 1 782 784 1563
852 2 2 4 1 231 235 1448
853 2 2 4 1 798 799 800
854 2 2 4 1 1433 1781 2039
855 2 2 4 1 1732 1392 2029
856 2 2 4 1 337 1601 2191
857 2 2 4 1 1025 1613 1614
858 2 2 4 1 1533 1037 1536
859 2 2 4 1 191 174 1385
860 2 2 4 1 170 172 1459
861 2 2 4 1 160 162 163
862 2 2 4 1 784 786 1549
863 2 2 4 1 283 284 285
864 2 2 4 1 1596 1154 2333
865 2 2 4 1 1428 637 1903
866 2 2 4 1 562 194 2228
867 2 2 4 1 202 204 1445
868 2 2 4 1 443 447 462
869 2 2 4 1 1507 1950 2341
870 2 2 4 1 1301 1582 2215
871 2 2 4 1 1400 1399 1739
872 2 2 4 1 1433 935 1781
873 2 2 4 1 529 532 533
874 2 2 4 1 1828 1152 2382
875 2 2 4 1 1439 297 1532
876 2 2 4 1 1459 191 2273
877 2 2 4 1 204 206 265
878 2 2 4 1 730 729 2357
879 2 2 4 1 1962 1323 2302
880 2 2 4 1 677 1712 2214
881 2 2 4 1 940 1814 1816
882 2 2 4 1 200 202 474
883 2 2 4 1 1059 1255 1594
884 2 2 4 1 1123 1738 2211
885 2 2 4 1 541 548 1583
886 2 2 4 1 526 686 1542
887 2 2 4 1 150 151 152
888 2 2 4 1 1520 1521 1522
889 2 2 4 1 450 449 451
890 2 2 4 1 389 1217 1622
891 2 2 4 1 452 453 456
892 2 2 4 1 1554 1552 1556
893 2 2 4 1 168 167 1470
894 2 2 4 1 814 947 1472
895 2 2 4 1 540 539 541
896 2 2 4 1 315 331 1746
897 2 2 4 1 1226 1820 2015
898 2 2 4 1 1595 384 1661
899 2 2 4 1 1609 966 1637
900 2 2 4 1 196 217 2228
901 2 2 4 1 973 1534 1535
902 2 2 4 1 1215 1973 2097
903 2 2 4 1 1080 1603 2179
904 2 2 4 1 1178 643 1813
905 2 2 4 1 1176 2030 2032
906 2 2 4 1 543 1583 1653
907 2 2 4 1 1131 1108 1132
908 2 2 4 1 299 337 1532
909 2 2 4 1 1069 1203 1204
910 2 2 4 1 1324 1666 1667
911 2 2 4 1 457 459 1901
912 2 2 4 1 741 1964 1979
913 2 2 4 1 1265 1505 1785
914 2 2 4 1 188 192 1446
915 2 2 4 1 165 166 167
916 2 2 4 1 1483 1484 1485
917 2 2 4 1 800 801 804
918 2 2 4 1 167 169 170
919 2 2 4 1 1376 1416 1721
920 2 2 4 1 1028 1477 2155
921 2 2 4 1 930 1755 1875
922 2 2 4 1 1571 335 1574
923 2 2 4 1 1284 963 1422
924 2 2 4 1 1520 1519 1521
925 2 2 4 1 1832 1281 1930
926 2 2 4 1 873 703 1843
927 2 2 4 1 746 748 913
928 2 2 4 1 947 1159 1245
929 2 2 4 1 163 164 165
930 2 2 4 1 624 1684 2146
931 2 2 4 1 1652 142 2065
932 2 2 4 1 1404 1511 2058
933 2 2 4 1 296 292 2195
934 2 2 4 1 580 579 584
935 2 2 4 1 1482 876 1483
936 2 2 4 1 465 426 466
937 2 2 4 1 1607 1073 1608
938 2 2 4 1 727 724 2169
939 2 2 4 1 1084 1464 2256
940 2 2 4 1 241 243 266
941 2 2 4 1 434 1531 1982
942 2 2 4 1 891 1068 1069
943 2 2 4 1 428 427 437
944 2 2 4 1 537 536 538
945 2 2 4 1 923 1555 1559
946 2 2 4 1 2171 1679 2172
947 2 2 4 1 157 156 158
948 2 2 4 1 891 1026 1068
949 2 2 4 1 804 805 806
950 2 2 4 1 499 1305 1825
951 2 2 4 1 806 807 839
952 2 2 4 1 154 155 156
953 2 2 4 1 368 886 1527
954 2 2 4 1 1243 466 2340
955 2 2 4 1 1555 1558 2375
956 2 2 4 1 1586 479 2172
957 2 2 4 1 559 1125 1918
958 2 2 4 1 1509 943 1650
959 2 2 4 1 1247 1039 1562
960 2 2 4 1 1000 1127 1128
961 2 2 4 1 148 149 150
962 2 2 4 1 1336 1703 2295
963 2 2 4 1 338 327 1575
964 2 2 4 1 479 1206 2172
965 2 2 4 1 348 346 351
966 2 2 4 1 369 368 370
967 2 2 4 1 158 159 160
968 2 2 4 1 90 10 1750
969 2 2 4 1 1304 1777 1778
970 2 2 4 1 476 477 478
971 2 2 4 1 1297 1298 2115
972 2 2 4 1 2239 1409 2369
973 2 2 4 1 1528 1527 2183
974 2 2 4 1 361 530 2147
975 2 2 4 1 299 302 337
976 2 2 4 1 1635 1396 1636
977 2 2 4 1 1454 1263 1868
978 2 2 4 1 923 1551 1553
979 2 2 4 1 153 152 154
980 2 2 4 1 2048 1578 2317
981 2 2 4 1 1106 1107 1108
982 2 2 4 1 1220 1846 1847
983 2 2 4 1 367 366 368
984 2 2 4 1 581 582 583
985 2 2 4 1 1530 1319 2080
986 2 2 4 1 1299 1300 2201
987 2 2 4 1 541 539 548
988 2 2 4 1 560 1452 2035
989 2 2 4 1 129 1826 2086
990 2 2 4 1 444 446 1649
991 2 2 4 1 663 665 771
992 2 2 4 1 862 1586 2172
993 2 2 4 1 456 1497 1747
994 2 2 4 1 2078 1407 2246
995 2 2 4 1 1226 1408 1820
996 2 2 4 1 520 587 1657
997 2 2 4 1 909 1489 1490
998 2 2 4 1 1712 1713 2214
999 2 2 4 1 316 318 1723
1000 2 2 4 1 744 746 1508
1001 2 2 4 1 1616 1964 2385
1002 2 2 4 1 1567 365 2271
1003 2 2 4 1 358 357 359
1004 2 2 4 1 124 80 2077
1005 2 2 4 1 1783 1885 1948
1006 2 2 4 1 537 539 540
1007 2 2 4 1 1191 901 1569
1008 2 2 4 1 969 1263 1454
1009 2 2 4 1 1324 1323 1666
1010 2 2 4 1 2162 1697 2348
1011 2 2 4 1 1131 1530 2080
1012 2 2 4 1 1082 1200 1603
1013 2 2 4 1 1602 1029 1809
1014 2 2 4 1 239 241 1438
1015 2 2 4 1 535 534 536
1016 2 2 4 1 604 602 1560
1017 2 2 4 1 170 171 172
1018 2 2 4 1 1582 1301 2257
1019 2 2 4 1 1599 1570 1600
1020 2 2 4 1 98 99 1769
1021 2 2 4 1 715 1821 1926
1022 2 2 4 1 332 316 1723
1023 2 2 4 1 1453 562 1955
1024 2 2 4 1 569 555 1701
1025 2 2 4 1 1037 694 1538
1026 2 2 4 1 673 671 876
1027 2 2 4 1 2038 2017 2278
1028 2 2 4 1 720 722 723
1029 2 2 4 1 969 1806 2283
1030 2 2 4 1 736 436 1580
1031 2 2 4 1 1105 2080 2098
1032 2 2 4 1 516 528 529
1033 2 2 4 1 1764 1765 1766
1034 2 2 4 1 219 220 221
1035 2 2 4 1 798 797 799
1036 2 2 4 1 422 410 1620
1037 2 2 4 1 660 663 1519
1038 2 2 4 1 140 1782 1913
1039 2 2 4 1 1096 647 1862
1040 2 2 4 1 300 298 301
1041 2 2 4 1 60 59 1316
1042 2 2 4 1 846 1576 1638
1043 2 2 4 1 1290 1969 2011
1044 2 2 4 1 1501 1389 1841
1045 2 2 4 1 1128 1129 1428
1046 2 2 4 1 257 270 1960
1047 2 2 4 1 285 286 287
1048 2 2 4 1 1592 1331 2310
1049 2 2 4 1 294 297 1439
1050 2 2 4 1 1483 1485 1486
1051 2 2 4 1 371 370 372
1052 2 2 4 1 306 308 336
1053 2 2 4 1 818 821 1848
1054 2 2 4 1 667 756 891
1055 2 2 4 1 1391 1258 1392
1056 2 2 4 1 397 396 398
1057 2 2 4 1 1525 630 2320
1058 2 2 4 1 469 468 470
1059 2 2 4 1 505 515 516
1060 2 2 4 1 145 1704 2148
1061 2 2 4 1 336 308 1584
1062 2 2 4 1 1465 1060 1466
1063 2 2 4 1 307 335 1571
1064 2 2 4 1 1534 1533 1536
1065 2 2 4 1 1601 1302 2254
1066 2 2 4 1 493 481 1586
1067 2 2 4 1 281 1511 2205
1068 2 2 4 1 399 398 404
1069 2 2 4 1 447 444 1649
1070 2 2 4 1 293 294 295
1071 2 2 4 1 438 437 441
1072 2 2 4 1 1365 1958 2025
1073 2 2 4 1 1508 913 2341
1074 2 2 4 1 368 366 886
1075 2 2 4 1 1401 1403 1818
1076 2 2 4 1 154 157 1561
1077 2 2 4 1 192 193 194
1078 2 2 4 1 1777 1304 2265
1079 2 2 4 1 342 340 366
1080 2 2 4 1 235 702 1448
1081 2 2 4 1 1730 1729 1818
1082 2 2 4 1 1326 1044 1593
1083 2 2 4 1 194 195 196
1084 2 2 4 1 1545 153 1546
1085 2 2 4 1 859 863 2130
1086 2 2 4 1 720 723 1502
1087 2 2 4 1 600 598 923
1088 2 2 4 1 1391 937 2188
1089 2 2 4 1 893 718 1502
1090 2 2 4 1 686 1540 1542
1091 2 2 4 1 779 628 1355
1092 2 2 4 1 291 292 293
1093 2 2 4 1 369 370 371
1094 2 2 4 1 218 1821 2079
1095 2 2 4 1 2039 473 2187
1096 2 2 4 1 1446 562 1453
1097 2 2 4 1 607 608 609
1098 2 2 4 1 1754 1753 1755
1099 2 2 4 1 1804 1805 1977
1100 2 2 4 1 302 304 1302
1101 2 2 4 1 1020 1022 1152
1102 2 2 4 1 750 753 755
1103 2 2 4 1 1762 1763 1764
1104 2 2 4 1 1701 1794 2353
1105 2 2 4 1 307 305 335
1106 2 2 4 1 680 675 909
1107 2 2 4 1 920 1182 2251
1108 2 2 4 1 1679 862 2172
1109 2 2 4 1 800 799 801
1110 2 2 4 1 172 173 174
1111 2 2 4 1 1580 436 1606
1112 2 2 4 1 598 595 1551
1113 2 2 4 1 1630 1074 1788
1114 2 2 4 1 901 850 1569
1115 2 2 4 1 554 797 798
1116 2 2 4 1 289 290 291
1117 2 2 4 1 150 153 1545
1118 2 2 4 1 1543 1269 1544
1119 2 2 4 1 287 288 289
1120 2 2 4 1 1274 1495 1791
1121 2 2 4 1 1758 1816 2174
1122 2 2 4 1 724 726 2169
1123 2 2 4 1 303 300 1372
1124 2 2 4 1 923 1553 1555
1125 2 2 4 1 2140 505 2331
1126 2 2 4 1 1048 1505 2063
1127 2 2 4 1 364 893 1476
1128 2 2 4 1 100 126 1770
1129 2 2 4 1 1206 477 1270
1130 2 2 4 1 718 720 1502
1131 2 2 4 1 1514 338 1575
1132 2 2 4 1 340 338 1514
1133 2 2 4 1 797 549 1653
1134 2 2 4 1 1509 1030 1611
1135 2 2 4 1 609 610 838
1136 2 2 4 1 841 910 2144
1137 2 2 4 1 703 695 1843
1138 2 2 4 1 1268 1055 1269
1139 2 2 4 1 1172 1170 1173
1140 2 2 4 1 602 1559 1560
1141 2 2 4 1 640 1588 1671
1142 2 2 4 1 653 659 1590
1143 2 2 4 1 836 905 1427
1144 2 2 4 1 1483 876 1484
1145 2 2 4 1 196 197 198
1146 2 2 4 1 356 354 357
1147 2 2 4 1 1552 594 1557
1148 2 2 4 1 665 667 1632
1149 2 2 4 1 373 375 376
1150 2 2 4 1 1187 2043 2110
1151 2 2 4 1 376 377 378
1152 2 2 4 1 176 1654 2372
1153 2 2 4 1 692 1037 1533
1154 2 2 4 1 1490 1493 1494
1155 2 2 4 1 371 372 373
1156 2 2 4 1 478 479 480
1157 2 2 4 1 367 368 369
1158 2 2 4 1 1030 499 2137
1159 2 2 4 1 1224 2119 2185
1160 2 2 4 1 680 909 1494
1161 2 2 4 1 1251 1649 2173
1162 2 2 4 1 405 404 605
1163 2 2 4 1 2030 1219 2032
1164 2 2 4 1 688 690 973
1165 2 2 4 1 554 549 797
1166 2 2 4 1 373 372 375
1167 2 2 4 1 1485 1484 1487
1168 2 2 4 1 353 355 1849
1169 2 2 4 1 1338 1648 2396
1170 2 2 4 1 675 673 1482
1171 2 2 4 1 1269 1055 1517
1172 2 2 4 1 786 836 1549
1173 2 2 4 1 1389 1563 2346
1174 2 2 4 1 673 876 1482
1175 2 2 4 1 1558 1554 1838
1176 2 2 4 1 154 152 155
1177 2 2 4 1 560 1243 1694
1178 2 2 4 1 663 771 1519
1179 2 2 4 1 1113 883 1114
1180 2 2 4 1 272 275 1683
1181 2 2 4 1 627 584 628
1182 2 2 4 1 1562 1227 2101
1183 2 2 4 1 686 688 1540
1184 2 2 4 1 247 252 255
1185 2 2 4 1 145 1779 2365
1186 2 2 4 1 1200 1272 1273
1187 2 2 4 1 1575 325 1793
1188 2 2 4 1 1244 1726 1956
1189 2 2 4 1 219 740 1421
1190 2 2 4 1 882 1678 1679
1191 2 2 4 1 602 600 1559
1192 2 2 4 1 1074 1630 1724
1193 2 2 4 1 1969 941 2011
1194 2 2 4 1 154 156 157
1195 2 2 4 1 2027 1225 2112
1196 2 2 4 1 1299 1132 1300
1197 2 2 4 1 1636 1396 2330
1198 2 2 4 1 505 516 2331
1199 2 2 4 1 255 256 257
1200 2 2 4 1 533 532 534
1201 2 2 4 1 1535 1633 1876
1202 2 2 4 1 605 606 607
1203 2 2 4 1 990 991 992
1204 2 2 4 1 180 182 1718
1205 2 2 4 1 584 579 2082
1206 2 2 4 1 150 152 153
1207 2 2 4 1 1401 1402 1403
1208 2 2 4 1 1726 286 2324
1209 2 2 4 1 1865 1458 2078
1210 2 2 4 1 1249 1250 1686
1211 2 2 4 1 1330 1461 1857
1212 2 2 4 1 1200 1273 1603
1213 2 2 4 1 482 481 483
1214 2 2 4 1 607 612 1565
1215 2 2 4 1 905 1060 1465
1216 2 2 4 1 1622 1217 1623
1217 2 2 4 1 150 149 151
1218 2 2 4 1 688 973 1540
1219 2 2 4 1 395 392 396
1220 2 2 4 1 1535 1534 1633
1221 2 2 4 1 690 692 1533
1222 2 2 4 1 351 1695 2230
1223 2 2 4 1 379 381 1595
1224 2 2 4 1 1300 1426 1626
1225 2 2 4 1 731 730 2357
1226 2 2 4 1 198 199 200
1227 2 2 4 1 600 923 1559
1228 2 2 4 1 473 2016 2187
1229 2 2 4 1 158 156 159
1230 2 2 4 1 209 1616 1983
1231 2 2 4 1 378 379 987
1232 2 2 4 1 850 701 1019
1233 2 2 4 1 363 274 1786
1234 2 2 4 1 1491 1821 2272
1235 2 2 4 1 581 578 582
1236 2 2 4 1 1805 1400 1914
1237 2 2 4 1 1816 1758 1910
1238 2 2 4 1 395 396 397
1239 2 2 4 1 721 719 883
1240 2 2 4 1 1631 966 1698
1241 2 2 4 1 987 1595 1596
1242 2 2 4 1 376 375 377
1243 2 2 4 1 398 400 1615
1244 2 2 4 1 397 398 399
1245 2 2 4 1 888 574 1677
1246 2 2 4 1 158 160 161
1247 2 2 4 1 765 1083 1943
1248 2 2 4 1 1106 1104 1107
1249 2 2 4 1 1979 1964 2041
1250 2 2 4 1 830 966 1631
1251 2 2 4 1 923 598 1551
1252 2 2 4 1 1095 797 1653
1253 2 2 4 1 1236 1291 1292
1254 2 2 4 1 740 1464 2229
1255 2 2 4 1 412 422 1639
1256 2 2 4 1 804 801 805
1257 2 2 4 1 1292 1619 1743
1258 2 2 4 1 1694 1243 2147
1259 2 2 4 1 148 150 1545
1260 2 2 4 1 836 1427 1549
1261 2 2 4 1 386 392 395
1262 2 2 4 1 1762 1764 1767
1263 2 2 4 1 1152 1229 2382
1264 2 2 4 1 460 461 1177
1265 2 2 4 1 148 132 149
1266 2 2 4 1 839 1472 2291
1267 2 2 4 1 607 609 612
1268 2 2 4 1 1323 575 2302
1269 2 2 4 1 386 395 1661
1270 2 2 4 1 1035 827 1055
1271 2 2 4 1 1569 1570 1599
1272 2 2 4 1 163 165 1510
1273 2 2 4 1 1750 10 1751
1274 2 2 4 1 1427 905 1465
1275 2 2 4 1 188 190 192
1276 2 2 4 1 1205 1958 2234
1277 2 2 4 1 174 175 176
1278 2 2 4 1 372 370 424
1279 2 2 4 1 968 1059 1594
1280 2 2 4 1 446 450 2262
1281 2 2 4 1 235 236 237
1282 2 2 4 1 297 299 1532
1283 2 2 4 1 1764 1763 1765
1284 2 2 4 1 1865 2078 2246
1285 2 2 4 1 692 694 1037
1286 2 2 4 1 160 159 162
1287 2 2 4 1 987 379 1595
1288 2 2 4 1 1274 1276 1495
1289 2 2 4 1 221 222 223
1290 2 2 4 1 122 1610 1853
1291 2 2 4 1 1785 1415 2042
1292 2 2 4 1 364 718 893
1293 2 2 4 1 1748 1215 2097
1294 2 2 4 1 587 774 1657
1295 2 2 4 1 52 767 1397
1296 2 2 4 1 311 309 531
1297 2 2 4 1 1821 1486 1926
1298 2 2 4 1 378 377 379
1299 2 2 4 1 1124 1888 2278
1300 2 2 4 1 342 366 367
1301 2 2 4 1 247 255 2194
1302 2 2 4 1 1755 1753 1756
1303 2 2 4 1 1148 1150 2018
1304 2 2 4 1 444 445 446
1305 2 2 4 1 547 545 549
1306 2 2 4 1 1155 2243 2363
1307 2 2 4 1 145 1455 2203
1308 2 2 4 1 19 1048 1366
1309 2 2 4 1 412 410 422
1310 2 2 4 1 1255 1347 1348
1311 2 2 4 1 1520 1522 1523
1312 2 2 4 1 286 344 2324
1313 2 2 4 1 1721 128 2338
1314 2 2 4 1 1975 1404 2058
1315 2 2 4 1 1543 1539 2398
1316 2 2 4 1 438 443 2390
1317 2 2 4 1 1877 234 1936
1318 2 2 4 1 1067 1142 1143
1319 2 2 4 1 103 104 1778
1320 2 2 4 1 1684 1266 2146
1321 2 2 4 1 638 1568 2294
1322 2 2 4 1 1649 446 2262
1323 2 2 4 1 452 451 453
1324 2 2 4 1 1403 1730 1818
1325 2 2 4 1 89 90 132
1326 2 2 4 1 119 120 131
1327 2 2 4 1 1059 1234 1255
1328 2 2 4 1 65 66 129
1329 2 2 4 1 95 96 130
1330 2 2 4 1 212 216 219
1331 2 2 4 1 1329 1204 1616
1332 2 2 4 1 886 1514 2199
1333 2 2 4 1 24 23 1326
1334 2 2 4 1 114 115 127
1335 2 2 4 1 84 85 128
1336 2 2 4 1 1400 1739 1914
1337 2 2 4 1 319 640 1671
1338 2 2 4 1 147 132 148
1339 2 2 4 1 116 117 1757
1340 2 2 4 1 893 1502 2163
1341 2 2 4 1 1222 2013 2014
1342 2 2 4 1 981 901 1191
1343 2 2 4 1 70 71 125
1344 2 2 4 1 100 101 126
1345 2 2 4 1 734 2046 2163
1346 2 2 4 1 79 80 124
1347 2 2 4 1 109 110 123
1348 2 2 4 1 1839 980 1883
1349 2 2 4 1 891 756 1026
1350 2 2 4 1 1856 1443 1857
1351 2 2 4 1 257 259 260
1352 2 2 4 1 808 1619 1648
1353 2 2 4 1 75 11 122
1354 2 2 4 1 105 12 121
1355 2 2 4 1 466 426 2340
1356 2 2 4 1 804 806 811
1357 2 2 4 1 399 404 405
1358 2 2 4 1 331 1675 1746
1359 2 2 4 1 726 2101 2169
1360 2 2 4 1 1112 1609 1637
1361 2 2 4 1 1433 2039 2187
1362 2 2 4 1 1524 588 1874
1363 2 2 4 1 1703 1336 2109
1364 2 2 4 1 806 805 807
1365 2 2 4 1 280 430 1812
1366 2 2 4 1 379 380 381
1367 2 2 4 1 1686 1250 2180
1368 2 2 4 1 161 160 1831
1369 2 2 4 1 894 926 1024
1370 2 2 4 1 543 541 1583
1371 2 2 4 1 939 604 1025
1372 2 2 4 1 570 1356 1788
1373 2 2 4 1 893 1498 1881
1374 2 2 4 1 163 162 164
1375 2 2 4 1 1215 1748 1984
1376 2 2 4 1 996 1000 2006
1377 2 2 4 1 780 1686 2180
1378 2 2 4 1 136 1753 1754
1379 2 2 4 1 992 993 994
1380 2 2 4 1 153 154 1561
1381 2 2 4 1 1100 1102 2303
1382 2 2 4 1 455 563 894
1383 2 2 4 1 1725 1624 2270
1384 2 2 4 1 387 389 1622
1385 2 2 4 1 779 1355 2071
1386 2 2 4 1 833 832 916
1387 2 2 4 1 1798 265 1997
1388 2 2 4 1 696 704 895
1389 2 2 4 1 1762 138 1763
1390 2 2 4 1 142 1945 2065
1391 2 2 4 1 1426 1132 1771
1392 2 2 4 1 811 806 1674
1393 2 2 4 1 1331 1352 1612
1394 2 2 4 1 1078 1842 2022
1395 2 2 4 1 1625 474 2083
1396 2 2 4 1 1684 624 1822
1397 2 2 4 1 605 607 1565
1398 2 2 4 1 462 463 567
1399 2 2 4 1 1712 1133 1713
1400 2 2 4 1 942 1112 1637
1401 2 2 4 1 191 1924 2273
1402 2 2 4 1 605 404 606
1403 2 2 4 1 667 891 1632
1404 2 2 4 1 164 1600 2124
1405 2 2 4 1 605 1565 1620
1406 2 2 4 1 1328 1204 1329
1407 2 2 4 1 1112 1588 1605
1408 2 2 4 1 1035 1055 1268
1409 2 2 4 1 640 317 1746
1410 2 2 4 1 384 385 386
1411 2 2 4 1 756 668 1740
1412 2 2 4 1 607 606 608
1413 2 2 4 1 830 831 966
1414 2 2 4 1 1754 1755 1910
1415 2 2 4 1 1548 569 1823
1416 2 2 4 1 966 831 1637
1417 2 2 4 1 381 383 384
1418 2 2 4 1 395 1154 1661
1419 2 2 4 1 949 1016 1668
1420 2 2 4 1 956 935 1433
1421 2 2 4 1 1268 1269 1543
1422 2 2 4 1 1590 1523 2367
1423 2 2 4 1 531 1573 1640
1424 2 2 4 1 994 1097 1099
1425 2 2 4 1 314 313 315
1426 2 2 4 1 192 562 1446
1427 2 2 4 1 127 1815 2132
1428 2 2 4 1 831 832 833
1429 2 2 4 1 1616 1204 1964
1430 2 2 4 1 1955 562 2297
1431 2 2 4 1 460 1177 2170
1432 2 2 4 1 611 1309 1310
1433 2 2 4 1 165 164 166
1434 2 2 4 1 1091 1512 1985
1435 2 2 4 1 167 166 169
1436 2 2 4 1 137 1468 1826
1437 2 2 4 1 1455 145 2148
1438 2 2 4 1 386 387 392
1439 2 2 4 1 916 832 1176
1440 2 2 4 1 494 495 1685
1441 2 2 4 1 138 98 1769
1442 2 2 4 1 117 118 136
1443 2 2 4 1 87 88 135
1444 2 2 4 1 1046 1043 1688
1445 2 2 4 1 874 727 2008
1446 2 2 4 1 67 68 137
1447 2 2 4 1 97 98 138
1448 2 2 4 1 726 722 1526
1449 2 2 4 1 112 113 142
1450 2 2 4 1 82 83 141
1451 2 2 4 1 5 406 1309
1452 2 2 4 1 321 319 1671
1453 2 2 4 1 310 312 624
1454 2 2 4 1 1570 1019 2081
1455 2 2 4 1 72 73 143
1456 2 2 4 1 102 103 144
1457 2 2 4 1 77 78 146
1458 2 2 4 1 107 108 145
1459 2 2 4 1 159 156 1733
1460 2 2 4 1 1250 1251 1368
1461 2 2 4 1 1986 491 2005
1462 2 2 4 1 2017 1213 2278
1463 2 2 4 1 1816 1815 2174
1464 2 2 4 1 1514 1575 2088
1465 2 2 4 1 29 28 1384
1466 2 2 4 1 535 537 2323
1467 2 2 4 1 1832 571 2106
1468 2 2 4 1 1425 1498 2046
1469 2 2 4 1 814 815 890
1470 2 2 4 1 1782 130 1783
1471 2 2 4 1 1055 827 1518
1472 2 2 4 1 1617 209 1922
1473 2 2 4 1 1417 1434 1566
1474 2 2 4 1 1529 1526 2263
1475 2 2 4 1 649 653 1590
1476 2 2 4 1 142 1772 1945
1477 2 2 4 1 1650 1182 2221
1478 2 2 4 1 810 813 814
1479 2 2 4 1 540 541 542
1480 2 2 4 1 1769 99 1770
1481 2 2 4 1 58 57 1318
1482 2 2 4 1 1749 1378 1961
1483 2 2 4 1 1826 1468 2086
1484 2 2 4 1 609 608 610
1485 2 2 4 1 1293 1136 1834
1486 2 2 4 1 2104 1666 2241
1487 2 2 4 1 63 64 139
1488 2 2 4 1 93 94 140
1489 2 2 4 1 1522 1624 1725
1490 2 2 4 1 1633 1534 1844
1491 2 2 4 1 22 21 1365
1492 2 2 4 1 176 178 1654
1493 2 2 4 1 1401 282 1402
1494 2 2 4 1 997 953 998
1495 2 2 4 1 452 457 1716
1496 2 2 4 1 231 234 235
1497 2 2 4 1 223 224 225
1498 2 2 4 1 132 90 1750
1499 2 2 4 1 1318 995 1320
1500 2 2 4 1 1786 980 2266
1501 2 2 4 1 653 655 659
1502 2 2 4 1 876 671 1488
1503 2 2 4 1 794 1390 1867
1504 2 2 4 1 266 243 2239
1505 2 2 4 1 176 177 178
1506 2 2 4 1 384 386 1661
1507 2 2 4 1 131 1850 1851
1508 2 2 4 1 1778 104 1840
1509 2 2 4 1 1246 834 1965
1510 2 2 4 1 1354 1116 1589
1511 2 2 4 1 375 372 1846
1512 2 2 4 1 318 613 1723
1513 2 2 4 1 1546 153 1561
1514 2 2 4 1 1619 1325 1743
1515 2 2 4 1 1143 1144 1259
1516 2 2 4 1 549 545 1653
1517 2 2 4 1 61 62 133
1518 2 2 4 1 91 92 134
1519 2 2 4 1 1550 761 2204
1520 2 2 4 1 545 543 1653
1521 2 2 4 1 539 538 1550
1522 2 2 4 1 1612 1352 1906
1523 2 2 4 1 1172 1236 1978
1524 2 2 4 1 117 136 1757
1525 2 2 4 1 405 605 1620
1526 2 2 4 1 516 515 528
1527 2 2 4 1 1123 849 1739
1528 2 2 4 1 1648 1619 1845
1529 2 2 4 1 586 440 594
1530 2 2 4 1 611 37 1309
1531 2 2 4 1 1309 406 1373
1532 2 2 4 1 1491 1486 1821
1533 2 2 4 1 702 1797 1880
1534 2 2 4 1 403 401 1073
1535 2 2 4 1 1701 1033 1794
1536 2 2 4 1 1016 951 1749
1537 2 2 4 1 91 134 1751
1538 2 2 4 1 1405 1065 1406
1539 2 2 4 1 831 736 832
1540 2 2 4 1 1384 816 1745
1541 2 2 4 1 1348 1349 1350
1542 2 2 4 1 1776 144 1777
1543 2 2 4 1 1356 1629 1630
1544 2 2 4 1 735 736 830
1545 2 2 4 1 1338 1332 1648
1546 2 2 4 1 828 1035 1738
1547 2 2 4 1 144 103 1778
1548 2 2 4 1 1819 1663 1998
1549 2 2 4 1 2005 489 2028
1550 2 2 4 1 311 531 1640
1551 2 2 4 1 550 549 554
1552 2 2 4 1 1761 138 1762
1553 2 2 4 1 542 541 543
1554 2 2 4 1 663 664 665
1555 2 2 4 1 465 466 467
1556 2 2 4 1 581 765 1943
1557 2 2 4 1 136 1752 1753
1558 2 2 4 1 569 1701 1823
1559 2 2 4 1 170 169 171
1560 2 2 4 1 1352 847 2334
1561 2 2 4 1 424 1528 1847
1562 2 2 4 1 1024 1160 1281
1563 2 2 4 1 1775 144 1776
1564 2 2 4 1 1467 1668 1669
1565 2 2 4 1 1033 1034 1307
1566 2 2 4 1 672 671 673
1567 2 2 4 1 757 504 1916
1568 2 2 4 1 984 1225 2027
1569 2 2 4 1 1677 572 2033
1570 2 2 4 1 1666 752 2293
1571 2 2 4 1 806 839 1674
1572 2 2 4 1 1668 1016 1669
1573 2 2 4 1 487 1500 2321
1574 2 2 4 1 1460 438 2390
1575 2 2 4 1 942 1110 1112
1576 2 2 4 1 1236 1173 1291
1577 2 2 4 1 1602 888 1677
1578 2 2 4 1 774 1618 1657
1579 2 2 4 1 555 565 1701
1580 2 2 4 1 237 238 239
1581 2 2 4 1 315 313 331
1582 2 2 4 1 1387 1337 2362
1583 2 2 4 1 1116 1118 1589
1584 2 2 4 1 599 598 600
1585 2 2 4 1 1305 1223 2095
1586 2 2 4 1 651 647 1096
1587 2 2 4 1 178 179 180
1588 2 2 4 1 1132 1108 1771
1589 2 2 4 1 1687 254 2133
1590 2 2 4 1 898 1730 1975
1591 2 2 4 1 1657 1145 1954
1592 2 2 4 1 276 277 278
1593 2 2 4 1 1849 1339 2047
1594 2 2 4 1 579 1943 2082
1595 2 2 4 1 1652 1564 2354
1596 2 2 4 1 2075 460 2170
1597 2 2 4 1 614 159 1733
1598 2 2 4 1 1523 1522 1673
1599 2 2 4 1 1202 1286 2152
1600 2 2 4 1 1112 1110 1588
1601 2 2 4 1 830 736 831
1602 2 2 4 1 940 1816 2150
1603 2 2 4 1 567 568 738
1604 2 2 4 1 349 1727 1806
1605 2 2 4 1 1614 1327 2277
1606 2 2 4 1 1306 1100 2303
1607 2 2 4 1 1542 1541 2366
1608 2 2 4 1 1229 1230 2382
1609 2 2 4 1 1304 1778 1840
1610 2 2 4 1 200 201 202
1611 2 2 4 1 1461 1330 2035
1612 2 2 4 1 1490 1492 1493
1613 2 2 4 1 1083 1086 1256
1614 2 2 4 1 529 528 532
1615 2 2 4 1 526 685 686
1616 2 2 4 1 686 687 688
1617 2 2 4 1 723 724 725
1618 2 2 4 1 1443 1856 2158
1619 2 2 4 1 1472 1245 2291
1620 2 2 4 1 381 380 382
1621 2 2 4 1 1461 1856 1857
1622 2 2 4 1 914 915 1116
1623 2 2 4 1 333 321 1671
1624 2 2 4 1 1461 1092 1855
1625 2 2 4 1 180 181 182
1626 2 2 4 1 1214 2017 2037
1627 2 2 4 1 398 396 400
1628 2 2 4 1 1805 1882 1977
1629 2 2 4 1 1885 1767 1948
1630 2 2 4 1 360 359 361
1631 2 2 4 1 1062 1030 1509
1632 2 2 4 1 268 782 1389
1633 2 2 4 1 987 1596 1597
1634 2 2 4 1 379 377 380
1635 2 2 4 1 660 662 663
1636 2 2 4 1 1208 2106 2373
1637 2 2 4 1 1671 1588 1680
1638 2 2 4 1 589 985 1860
1639 2 2 4 1 1282 1500 2113
1640 2 2 4 1 1811 124 2077
1641 2 2 4 1 892 1607 2045
1642 2 2 4 1 1392 1946 2029
1643 2 2 4 1 1757 1754 1758
1644 2 2 4 1 985 1029 1567
1645 2 2 4 1 1761 1762 1885
1646 2 2 4 1 428 1460 1511
1647 2 2 4 1 1882 76 1977
1648 2 2 4 1 225 226 227
1649 2 2 4 1 1138 1689 1724
1650 2 2 4 1 612 609 2100
1651 2 2 4 1 1689 907 1724
1652 2 2 4 1 811 1674 2347
1653 2 2 4 1 1670 333 1680
1654 2 2 4 1 597 595 598
1655 2 2 4 1 577 580 1516
1656 2 2 4 1 1773 811 2347
1657 2 2 4 1 435 408 436
1658 2 2 4 1 219 216 220
1659 2 2 4 1 344 284 1401
1660 2 2 4 1 172 171 173
1661 2 2 4 1 99 100 1770
1662 2 2 4 1 152 151 1582
1663 2 2 4 1 554 1612 1906
1664 2 2 4 1 334 1628 2371
1665 2 2 4 1 1096 1862 1952
1666 2 2 4 1 1049 1047 1050
1667 2 2 4 1 182 253 1718
1668 2 2 4 1 1358 1681 1934
1669 2 2 4 1 645 649 1813
1670 2 2 4 1 1176 1580 1581
1671 2 2 4 1 182 183 184
1672 2 2 4 1 725 727 728
1673 2 2 4 1 1605 640 1746
1674 2 2 4 1 1108 1107 1156
1675 2 2 4 1 1117 1116 1354
1676 2 2 4 1 721 1113 2263
1677 2 2 4 1 1587 1285 2154
1678 2 2 4 1 1515 1377 1717
1679 2 2 4 1 1624 1521 2012
1680 2 2 4 1 601 600 602
1681 2 2 4 1 821 822 823
1682 2 2 4 1 1753 1752 1897
1683 2 2 4 1 1710 758 1918
1684 2 2 4 1 1561 157 2244
1685 2 2 4 1 1112 1605 1609
1686 2 2 4 1 833 942 1637
1687 2 2 4 1 1877 1936 2227
1688 2 2 4 1 1273 1272 1274
1689 2 2 4 1 670 657 671
1690 2 2 4 1 147 148 1889
1691 2 2 4 1 674 673 675
1692 2 2 4 1 762 1038 1854
1693 2 2 4 1 939 1025 1139
1694 2 2 4 1 1331 1041 1352
1695 2 2 4 1 1007 1719 2314
1696 2 2 4 1 1416 1720 1721
1697 2 2 4 1 1691 1322 2216
1698 2 2 4 1 1206 1443 2171
1699 2 2 4 1 1329 1616 1617
1700 2 2 4 1 832 736 1580
1701 2 2 4 1 565 879 1033
1702 2 2 4 1 232 1837 1839
1703 2 2 4 1 381 382 383
1704 2 2 4 1 1568 1322 2294
1705 2 2 4 1 1026 1614 2277
1706 2 2 4 1 348 351 352
1707 2 2 4 1 1252 884 2074
1708 2 2 4 1 688 689 690
1709 2 2 4 1 800 804 1591
1710 2 2 4 1 127 115 1759
1711 2 2 4 1 1220 1847 2232
1712 2 2 4 1 1687 1539 2233
1713 2 2 4 1 67 137 1826
1714 2 2 4 1 444 442 445
1715 2 2 4 1 982 834 1246
1716 2 2 4 1 1250 2019 2180
1717 2 2 4 1 1645 1643 1647
1718 2 2 4 1 1103 1662 1663
1719 2 2 4 1 2 802 1325
1720 2 2 4 1 836 837 905
1721 2 2 4 1 1334 1457 1458
1722 2 2 4 1 1488 1096 2301
1723 2 2 4 1 1642 1597 1731
1724 2 2 4 1 1487 1894 2023
1725 2 2 4 1 1624 1617 2270
1726 2 2 4 1 488 487 489
1727 2 2 4 1 486 484 487
1728 2 2 4 1 53 52 1397
1729 2 2 4 1 588 521 1874
1730 2 2 4 1 1094 888 1602
1731 2 2 4 1 1492 1491 2272
1732 2 2 4 1 1647 1643 1731
1733 2 2 4 1 1006 944 1431
1734 2 2 4 1 384 383 385
1735 2 2 4 1 1255 1234 1347
1736 2 2 4 1 1195 1611 2137
1737 2 2 4 1 1804 146 2381
1738 2 2 4 1 914 1116 1117
1739 2 2 4 1 774 1028 1618
1740 2 2 4 1 192 190 193
1741 2 2 4 1 202 203 204
1742 2 2 4 1 339 338 340
1743 2 2 4 1 665 666 667
1744 2 2 4 1 389 391 1217
1745 2 2 4 1 2018 1150 2145
1746 2 2 4 1 1111 1670 1680
1747 2 2 4 1 331 1640 2118
1748 2 2 4 1 804 811 1591
1749 2 2 4 1 914 712 915
1750 2 2 4 1 1298 1174 1904
1751 2 2 4 1 735 436 736
1752 2 2 4 1 1709 1706 1919
1753 2 2 4 1 713 712 914
1754 2 2 4 1 1069 1204 1328
1755 2 2 4 1 314 316 332
1756 2 2 4 1 1815 127 2174
1757 2 2 4 1 849 1063 1739
1758 2 2 4 1 966 1609 1698
1759 2 2 4 1 1478 999 1480
1760 2 2 4 1 1544 1269 2084
1761 2 2 4 1 174 173 175
1762 2 2 4 1 157 158 1741
1763 2 2 4 1 333 1671 1680
1764 2 2 4 1 194 193 195
1765 2 2 4 1 378 987 1642
1766 2 2 4 1 786 788 836
1767 2 2 4 1 577 579 580
1768 2 2 4 1 2038 1202 2152
1769 2 2 4 1 20 19 1366
1770 2 2 4 1 565 1033 1701
1771 2 2 4 1 538 760 761
1772 2 2 4 1 1356 1630 1788
1773 2 2 4 1 1931 1427 2306
1774 2 2 4 1 732 731 733
1775 2 2 4 1 1191 1665 2257
1776 2 2 4 1 1945 1772 2132
1777 2 2 4 1 450 1716 2173
1778 2 2 4 1 196 195 197
1779 2 2 4 1 128 1721 2076
1780 2 2 4 1 676 675 680
1781 2 2 4 1 1319 1320 2098
1782 2 2 4 1 808 25 1325
1783 2 2 4 1 1164 699 1957
1784 2 2 4 1 135 1515 2299
1785 2 2 4 1 773 1655 1940
1786 2 2 4 1 392 387 1622
1787 2 2 4 1 1114 1287 2335
1788 2 2 4 1 1583 548 1820
1789 2 2 4 1 38 611 1568
1790 2 2 4 1 738 739 912
1791 2 2 4 1 1757 1758 1759
1792 2 2 4 1 1405 1406 1407
1793 2 2 4 1 410 405 1620
1794 2 2 4 1 1718 253 2339
1795 2 2 4 1 490 489 491
1796 2 2 4 1 2243 1851 2363
1797 2 2 4 1 1194 1244 1956
1798 2 2 4 1 492 491 571
1799 2 2 4 1 987 1597 1642
1800 2 2 4 1 603 602 604
1801 2 2 4 1 905 906 1060
1802 2 2 4 1 404 398 1615
1803 2 2 4 1 119 131 1752
1804 2 2 4 1 89 132 147
1805 2 2 4 1 690 691 692
1806 2 2 4 1 65 129 1656
1807 2 2 4 1 250 1980 2054
1808 2 2 4 1 1065 873 1843
1809 2 2 4 1 168 1470 1744
1810 2 2 4 1 352 364 1476
1811 2 2 4 1 1208 1832 2106
1812 2 2 4 1 1528 1211 2055
1813 2 2 4 1 632 634 637
1814 2 2 4 1 336 1584 1585
1815 2 2 4 1 799 797 1095
1816 2 2 4 1 114 127 1772
1817 2 2 4 1 247 2194 2260
1818 2 2 4 1 831 833 1637
1819 2 2 4 1 298 296 1579
1820 2 2 4 1 1651 1509 2285
1821 2 2 4 1 1523 1673 2143
1822 2 2 4 1 544 543 545
1823 2 2 4 1 131 120 1850
1824 2 2 4 1 1567 1602 2255
1825 2 2 4 1 480 481 482
1826 2 2 4 1 621 907 1689
1827 2 2 4 1 1627 613 1628
1828 2 2 4 1 130 96 1761
1829 2 2 4 1 184 185 186
1830 2 2 4 1 467 468 469
1831 2 2 4 1 255 252 256
1832 2 2 4 1 1614 1026 1802
1833 2 2 4 1 1495 1276 1504
1834 2 2 4 1 624 312 1822
1835 2 2 4 1 816 1338 1745
1836 2 2 4 1 95 130 1782
1837 2 2 4 1 1006 1431 1703
1838 2 2 4 1 116 1757 1759
1839 2 2 4 1 223 225 1715
1840 2 2 4 1 1289 1695 2318
1841 2 2 4 1 376 378 590
1842 2 2 4 1 917 916 1146
1843 2 2 4 1 109 123 1779
1844 2 2 4 1 79 124 1780
1845 2 2 4 1 667 668 756
1846 2 2 4 1 895 704 1672
1847 2 2 4 1 564 1868 2304
1848 2 2 4 1 471 470 472
1849 2 2 4 1 305 303 1587
1850 2 2 4 1 125 71 1774
1851 2 2 4 1 126 101 1775
1852 2 2 4 1 1322 1691 2294
1853 2 2 4 1 323 321 333
1854 2 2 4 1 198 197 199
1855 2 2 4 1 1517 1055 1518
1856 2 2 4 1 304 306 1547
1857 2 2 4 1 942 955 1110
1858 2 2 4 1 1589 1118 1684
1859 2 2 4 1 719 717 2051
1860 2 2 4 1 1437 1436 2153
1861 2 2 4 1 504 508 1916
1862 2 2 4 1 906 949 1668
1863 2 2 4 1 356 357 358
1864 2 2 4 1 828 827 1035
1865 2 2 4 1 1236 1292 1743
1866 2 2 4 1 1273 1274 1791
1867 2 2 4 1 859 861 863
1868 2 2 4 1 1337 1262 2362
1869 2 2 4 1 1379 824 1444
1870 2 2 4 1 1185 1750 1751
1871 2 2 4 1 1876 248 1877
1872 2 2 4 1 1486 1485 1926
1873 2 2 4 1 1372 301 1801
1874 2 2 4 1 2160 1293 2253
1875 2 2 4 1 221 220 222
1876 2 2 4 1 239 240 241
1877 2 2 4 1 1136 908 1693
1878 2 2 4 1 1431 944 1899
1879 2 2 4 1 1151 899 1942
1880 2 2 4 1 833 916 917
1881 2 2 4 1 895 1543 2398
1882 2 2 4 1 1263 970 1974
1883 2 2 4 1 1500 494 2113
1884 2 2 4 1 414 412 1639
1885 2 2 4 1 794 796 1390
1886 2 2 4 1 922 1796 2332
1887 2 2 4 1 517 943 2003
1888 2 2 4 1 437 427 1872
1889 2 2 4 1 668 679 1740
1890 2 2 4 1 1304 1303 2265
1891 2 2 4 1 756 1740 1802
1892 2 2 4 1 1894 1487 1952
1893 2 2 4 1 1609 1605 1675
1894 2 2 4 1 1166 437 1872
1895 2 2 4 1 932 1267 1863
1896 2 2 4 1 235 234 236
1897 2 2 4 1 618 620 621
1898 2 2 4 1 1675 1605 1746
1899 2 2 4 1 278 279 281
1900 2 2 4 1 1157 1334 1884
1901 2 2 4 1 355 573 1849
1902 2 2 4 1 1537 1538 1539
1903 2 2 4 1 1303 929 2010
1904 2 2 4 1 1682 874 1991
1905 2 2 4 1 1641 1303 2010
1906 2 2 4 1 679 881 1359
1907 2 2 4 1 2046 734 2200
1908 2 2 4 1 319 317 640
1909 2 2 4 1 26 808 1332
1910 2 2 4 1 160 163 1831
1911 2 2 4 1 165 168 1510
1912 2 2 4 1 1936 928 2227
1913 2 2 4 1 204 205 206
1914 2 2 4 1 1116 915 1118
1915 2 2 4 1 1505 1264 2063
1916 2 2 4 1 621 620 712
1917 2 2 4 1 586 594 595
1918 2 2 4 1 848 830 1631
1919 2 2 4 1 3 18 1415
1920 2 2 4 1 616 618 1689
1921 2 2 4 1 1137 1136 1293
1922 2 2 4 1 322 324 334
1923 2 2 4 1 237 236 238
1924 2 2 4 1 818 820 821
1925 2 2 4 1 949 951 1016
1926 2 2 4 1 386 385 387
1927 2 2 4 1 1686 780 2181
1928 2 2 4 1 1350 1655 1939
1929 2 2 4 1 1667 1666 2293
1930 2 2 4 1 2054 1980 2081
1931 2 2 4 1 446 448 449
1932 2 2 4 1 618 619 620
1933 2 2 4 1 396 392 1621
1934 2 2 4 1 409 405 410
1935 2 2 4 1 833 917 942
1936 2 2 4 1 546 545 547
1937 2 2 4 1 1148 1149 1150
1938 2 2 4 1 823 825 826
1939 2 2 4 1 1027 871 1399
1940 2 2 4 1 659 655 660
1941 2 2 4 1 135 88 147
1942 2 2 4 1 136 118 1752
1943 2 2 4 1 1176 832 1580
1944 2 2 4 1 916 1176 2032
1945 2 2 4 1 155 1582 1665
1946 2 2 4 1 1537 1539 1687
1947 2 2 4 1 1281 1874 1930
1948 2 2 4 1 186 187 188
1949 2 2 4 1 1582 151 2215
1950 2 2 4 1 871 828 1738
1951 2 2 4 1 793 791 827
1952 2 2 4 1 583 593 1736
1953 2 2 4 1 1398 1397 1604
1954 2 2 4 1 142 113 1772
1955 2 2 4 1 841 840 910
1956 2 2 4 1 128 85 1717
1957 2 2 4 1 43 7 1440
1958 2 2 4 1 435 436 735
1959 2 2 4 1 692 693 694
1960 2 2 4 1 1348 1347 1349
1961 2 2 4 1 395 397 1154
1962 2 2 4 1 97 138 1761
1963 2 2 4 1 1626 838 1896
1964 2 2 4 1 470 1330 2129
1965 2 2 4 1 1675 331 2118
1966 2 2 4 1 867 1641 1712
1967 2 2 4 1 271 1501 2044
1968 2 2 4 1 1588 1110 1680
1969 2 2 4 1 1214 2037 2181
1970 2 2 4 1 548 539 1550
1971 2 2 4 1 686 685 687
1972 2 2 4 1 761 924 1187
1973 2 2 4 1 1648 1159 2396
1974 2 2 4 1 260 268 1501
1975 2 2 4 1 145 108 1779
1976 2 2 4 1 146 78 1780
1977 2 2 4 1 1558 1838 2111
1978 2 2 4 1 318 320 613
1979 2 2 4 1 1874 521 1930
1980 2 2 4 1 638 39 1568
1981 2 2 4 1 1113 1317 2135
1982 2 2 4 1 1008 1503 2358
1983 2 2 4 1 896 1147 1148
1984 2 2 4 1 72 143 1774
1985 2 2 4 1 102 144 1775
1986 2 2 4 1 281 350 427
1987 2 2 4 1 977 558 1933
1988 2 2 4 1 915 712 1734
1989 2 2 4 1 704 1123 1672
1990 2 2 4 1 1014 950 1719
1991 2 2 4 1 155 1665 1733
1992 2 2 4 1 616 617 618
1993 2 2 4 1 1350 1351 1655
1994 2 2 4 1 1135 908 1136
1995 2 2 4 1 1117 1354 1627
1996 2 2 4 1 1537 1037 1538
1997 2 2 4 1 1226 961 1408
1998 2 2 4 1 1526 721 2263
1999 2 2 4 1 139 64 1656
2000 2 2 4 1 1765 1763 1768
2001 2 2 4 1 1082 1199 1200
2002 2 2 4 1 156 155 1733
2003 2 2 4 1 1051 1050 1141
2004 2 2 4 1 681 680 701
2005 2 2 4 1 7 954 1440
2006 2 2 4 1 762 872 1038
2007 2 2 4 1 755 753 840
2008 2 2 4 1 798 800 803
2009 2 2 4 1 130 1761 1885
2010 2 2 4 1 1839 1837 2266
2011 2 2 4 1 1363 1795 2373
2012 2 2 4 1 1584 624 2146
2013 2 2 4 1 418 416 421
2014 2 2 4 1 136 1754 1757
2015 2 2 4 1 1159 1067 2396
2016 2 2 4 1 694 695 696
2017 2 2 4 1 2096 2341 2348
2018 2 2 4 1 411 410 412
2019 2 2 4 1 714 604 939
2020 2 2 4 1 1629 535 2323
2021 2 2 4 1 1434 1435 1566
2022 2 2 4 1 590 378 1642
2023 2 2 4 1 341 340 342
2024 2 2 4 1 663 662 664
2025 2 2 4 1 1752 131 1897
2026 2 2 4 1 1581 1580 1606
2027 2 2 4 1 1796 1711 2268
2028 2 2 4 1 365 1567 2255
2029 2 2 4 1 621 713 907
2030 2 2 4 1 140 94 1782
2031 2 2 4 1 371 373 374
2032 2 2 4 1 1669 1561 2244
2033 2 2 4 1 867 1075 1641
2034 2 2 4 1 176 175 177
2035 2 2 4 1 1554 1556 1837
2036 2 2 4 1 942 917 955
2037 2 2 4 1 10 91 1751
2038 2 2 4 1 2016 1495 2187
2039 2 2 4 1 241 242 243
2040 2 2 4 1 712 620 1734
2041 2 2 4 1 1541 1535 1876
2042 2 2 4 1 1111 1345 1670
2043 2 2 4 1 1479 1732 2284
2044 2 2 4 1 597 598 599
2045 2 2 4 1 553 616 1138
2046 2 2 4 1 1783 130 1885
2047 2 2 4 1 1191 1599 2066
2048 2 2 4 1 618 621 1689
2049 2 2 4 1 696 703 704
2050 2 2 4 1 670 671 672
2051 2 2 4 1 314 315 316
2052 2 2 4 1 1012 1658 2165
2053 2 2 4 1 1213 1124 2278
2054 2 2 4 1 431 555 569
2055 2 2 4 1 1114 1115 1287
2056 2 2 4 1 143 73 1873
2057 2 2 4 1 894 563 926
2058 2 2 4 1 223 222 224
2059 2 2 4 1 1466 1060 1467
2060 2 2 4 1 1484 876 1488
2061 2 2 4 1 180 1718 2116
2062 2 2 4 1 621 712 713
2063 2 2 4 1 547 549 550
2064 2 2 4 1 1134 899 1151
2065 2 2 4 1 2106 1364 2373
2066 2 2 4 1 575 288 1726
2067 2 2 4 1 1060 906 1668
2068 2 2 4 1 1078 1080 2179
2069 2 2 4 1 764 701 850
2070 2 2 4 1 932 1119 1267
2071 2 2 4 1 808 1325 1619
2072 2 2 4 1 896 1148 1760
2073 2 2 4 1 529 570 2383
2074 2 2 4 1 544 546 553
2075 2 2 4 1 576 577 1516
2076 2 2 4 1 1814 1815 1816
2077 2 2 4 1 599 600 601
2078 2 2 4 1 1720 1007 2117
2079 2 2 4 1 735 830 848
2080 2 2 4 1 1324 1579 2195
2081 2 2 4 1 542 543 544
2082 2 2 4 1 1110 955 1111
2083 2 2 4 1 951 1015 1749
2084 2 2 4 1 1633 708 1902
2085 2 2 4 1 1250 904 1251
2086 2 2 4 1 995 1635 1636
2087 2 2 4 1 271 260 1501
2088 2 2 4 1 717 351 2230
2089 2 2 4 1 672 673 674
2090 2 2 4 1 1332 808 1648
2091 2 2 4 1 1713 1133 2007
2092 2 2 4 1 1423 1804 2381
2093 2 2 4 1 1067 1143 2182
2094 2 2 4 1 1145 1618 1921
2095 2 2 4 1 1083 1257 1943
2096 2 2 4 1 1986 1364 2106
2097 2 2 4 1 1599 614 2066
2098 2 2 4 1 1805 1914 2107
2099 2 2 4 1 1292 1291 1690
2100 2 2 4 1 1560 1559 2156
2101 2 2 4 1 422 1499 2292
2102 2 2 4 1 1110 1111 1680
2103 2 2 4 1 688 687 689
2104 2 2 4 1 1325 802 1743
2105 2 2 4 1 1556 1552 1557
2106 2 2 4 1 1820 548 2015
2107 2 2 4 1 131 1851 1897
2108 2 2 4 1 1515 135 2193
2109 2 2 4 1 1848 821 2134
2110 2 2 4 1 816 27 1332
2111 2 2 4 1 374 373 1827
2112 2 2 4 1 122 1853 2176
2113 2 2 4 1 938 847 1039
2114 2 2 4 1 1534 1536 1844
2115 2 2 4 1 1296 1294 1469
2116 2 2 4 1 49 6 1414
2117 2 2 4 1 964 963 1284
2118 2 2 4 1 1200 1271 1272
2119 2 2 4 1 200 199 201
2120 2 2 4 1 1307 1034 1308
2121 2 2 4 1 1206 2171 2172
2122 2 2 4 1 965 1894 1952
2123 2 2 4 1 981 1191 2257
2124 2 2 4 1 329 327 338
2125 2 2 4 1 1300 1132 1426
2126 2 2 4 1 573 829 945
2127 2 2 4 1 1504 1433 2187
2128 2 2 4 1 1498 1424 1881
2129 2 2 4 1 900 850 901
2130 2 2 4 1 1094 1602 1809
2131 2 2 4 1 1898 591 2053
2132 2 2 4 1 16 15 1417
2133 2 2 4 1 679 1359 1740
2134 2 2 4 1 909 1490 1494
2135 2 2 4 1 61 133 1852
2136 2 2 4 1 93 140 1817
2137 2 2 4 1 553 615 616
2138 2 2 4 1 704 849 1123
2139 2 2 4 1 690 689 691
2140 2 2 4 1 1399 871 1738
2141 2 2 4 1 1015 1377 1378
2142 2 2 4 1 421 416 1833
2143 2 2 4 1 1455 1660 2203
2144 2 2 4 1 1891 1240 2208
2145 2 2 4 1 358 359 360
2146 2 2 4 1 442 441 1598
2147 2 2 4 1 1254 1151 1388
2148 2 2 4 1 2090 734 2163
2149 2 2 4 1 402 401 403
2150 2 2 4 1 1448 702 1880
2151 2 2 4 1 1416 1014 1719
2152 2 2 4 1 1156 1242 1499
2153 2 2 4 1 544 545 546
2154 2 2 4 1 713 914 1693
2155 2 2 4 1 1033 879 1034
2156 2 2 4 1 1512 1425 1985
2157 2 2 4 1 836 788 837
2158 2 2 4 1 407 403 408
2159 2 2 4 1 382 854 892
2160 2 2 4 1 134 92 1817
2161 2 2 4 1 1321 1324 2195
2162 2 2 4 1 1777 144 1778
2163 2 2 4 1 431 569 1872
2164 2 2 4 1 1493 1492 2054
2165 2 2 4 1 178 177 179
2166 2 2 4 1 1067 890 1142
2167 2 2 4 1 1104 1103 1819
2168 2 2 4 1 372 424 1846
2169 2 2 4 1 907 713 908
2170 2 2 4 1 1353 1194 1956
2171 2 2 4 1 377 375 1808
2172 2 2 4 1 630 632 2320
2173 2 2 4 1 249 1140 1938
2174 2 2 4 1 1033 1307 1794
2175 2 2 4 1 649 1590 1813
2176 2 2 4 1 399 405 409
2177 2 2 4 1 382 380 854
2178 2 2 4 1 227 228 229
2179 2 2 4 1 1499 1565 2085
2180 2 2 4 1 1101 1099 1181
2181 2 2 4 1 1026 756 1802
2182 2 2 4 1 1262 1337 2040
2183 2 2 4 1 1638 1190 1966
2184 2 2 4 1 1603 514 2179
2185 2 2 4 1 1376 1014 1416
2186 2 2 4 1 1133 658 2007
2187 2 2 4 1 1609 1675 1698
2188 2 2 4 1 674 675 676
2189 2 2 4 1 1503 2021 2358
2190 2 2 4 1 433 408 435
2191 2 2 4 1 665 664 666
2192 2 2 4 1 967 901 981
2193 2 2 4 1 601 602 603
2194 2 2 4 1 151 149 1185
2195 2 2 4 1 316 315 317
2196 2 2 4 1 1612 803 2310
2197 2 2 4 1 683 658 1133
2198 2 2 4 1 180 179 181
2199 2 2 4 1 645 648 649
2200 2 2 4 1 641 643 1178
2201 2 2 4 1 1350 1349 1351
2202 2 2 4 1 821 823 2279
2203 2 2 4 1 907 908 1074
2204 2 2 4 1 225 224 226
2205 2 2 4 1 1260 1065 1405
2206 2 2 4 1 1256 1258 1391
2207 2 2 4 1 610 629 630
2208 2 2 4 1 943 1651 2003
2209 2 2 4 1 2043 1187 2281
2210 2 2 4 1 1248 929 1303
2211 2 2 4 1 68 69 2259
2212 2 2 4 1 2144 910 2237
2213 2 2 4 1 1564 123 2354
2214 2 2 4 1 793 827 828
2215 2 2 4 1 985 1567 1860
2216 2 2 4 1 1027 1399 1400
2217 2 2 4 1 1791 1495 2016
2218 2 2 4 1 182 181 183
2219 2 2 4 1 856 699 1164
2220 2 2 4 1 1189 981 1301
2221 2 2 4 1 649 652 653
2222 2 2 4 1 267 263 980
2223 2 2 4 1 346 295 1695
2224 2 2 4 1 1064 873 1065
2225 2 2 4 1 1138 616 1689
2226 2 2 4 1 509 496 862
2227 2 2 4 1 553 546 615
2228 2 2 4 1 702 237 2024
2229 2 2 4 1 239 238 240
2230 2 2 4 1 1407 1406 2246
2231 2 2 4 1 373 376 1827
2232 2 2 4 1 1311 1313 1322
2233 2 2 4 1 1250 1368 2019
2234 2 2 4 1 1468 1134 2086
2235 2 2 4 1 1359 881 1360
2236 2 2 4 1 1708 1706 1709
2237 2 2 4 1 907 1074 1724
2238 2 2 4 1 280 429 430
2239 2 2 4 1 1415 18 2042
2240 2 2 4 1 1388 1151 1728
2241 2 2 4 1 921 1784 2091
2242 2 2 4 1 692 691 693
2243 2 2 4 1 1245 1159 1845
2244 2 2 4 1 914 1117 1693
2245 2 2 4 1 1108 1156 1771
2246 2 2 4 1 413 412 414
2247 2 2 4 1 184 183 185
2248 2 2 4 1 1111 955 1211
2249 2 2 4 1 603 604 714
2250 2 2 4 1 155 152 1582
2251 2 2 4 1 677 867 1712
2252 2 2 4 1 666 664 1899
2253 2 2 4 1 1429 1829 2006
2254 2 2 4 1 227 226 228
2255 2 2 4 1 908 713 1693
2256 2 2 4 1 1514 2088 2199
2257 2 2 4 1 1438 266 2235
2258 2 2 4 1 257 256 259
2259 2 2 4 1 188 189 190
2260 2 2 4 1 1015 1378 1749
2261 2 2 4 1 816 1332 1338
2262 2 2 4 1 1722 1720 2117
2263 2 2 4 1 1204 1203 1964
2264 2 2 4 1 1430 1697 2162
2265 2 2 4 1 129 66 1826
2266 2 2 4 1 1509 1611 2285
2267 2 2 4 1 1610 122 2107
2268 2 2 4 1 606 404 1615
2269 2 2 4 1 1673 1522 1725
2270 2 2 4 1 2158 882 2171
2271 2 2 4 1 141 1722 2069
2272 2 2 4 1 945 946 958
2273 2 2 4 1 968 1058 1059
2274 2 2 4 1 1246 1623 2350
2275 2 2 4 1 863 865 1237
2276 2 2 4 1 1429 1428 1903
2277 2 2 4 1 1406 1065 1843
2278 2 2 4 1 1574 1422 1981
2279 2 2 4 1 463 1249 2359
2280 2 2 4 1 1572 1571 1574
2281 2 2 4 1 469 470 471
2282 2 2 4 1 1087 1071 1548
2283 2 2 4 1 1024 926 1160
2284 2 2 4 1 1711 1918 2268
2285 2 2 4 1 460 458 461
2286 2 2 4 1 491 489 2005
2287 2 2 4 1 5 60 406
2288 2 2 4 1 807 809 810
2289 2 2 4 1 553 1138 1866
2290 2 2 4 1 84 128 2076
2291 2 2 4 1 880 1120 1121
2292 2 2 4 1 393 390 401
2293 2 2 4 1 905 837 906
2294 2 2 4 1 769 1396 1635
2295 2 2 4 1 1838 737 2111
2296 2 2 4 1 2012 771 2343
2297 2 2 4 1 1365 1040 1958
2298 2 2 4 1 105 121 1840
2299 2 2 4 1 1561 1669 2149
2300 2 2 4 1 1111 1211 1345
2301 2 2 4 1 639 903 968
2302 2 2 4 1 206 207 208
2303 2 2 4 1 483 494 1500
2304 2 2 4 1 540 542 709
2305 2 2 4 1 276 278 2210
2306 2 2 4 1 694 693 695
2307 2 2 4 1 1683 1023 1868
2308 2 2 4 1 328 330 500
2309 2 2 4 1 260 259 268
2310 2 2 4 1 696 695 703
2311 2 2 4 1 1306 1636 2330
2312 2 2 4 1 316 317 318
2313 2 2 4 1 1371 1006 1703
2314 2 2 4 1 509 862 1678
2315 2 2 4 1 162 159 614
2316 2 2 4 1 676 680 681
2317 2 2 4 1 667 666 668
2318 2 2 4 1 421 1662 2224
2319 2 2 4 1 475 472 476
2320 2 2 4 1 135 147 1889
2321 2 2 4 1 990 768 991
2322 2 2 4 1 430 525 526
2323 2 2 4 1 241 240 242
2324 2 2 4 1 1135 1136 1137
2325 2 2 4 1 1219 854 1220
2326 2 2 4 1 653 654 655
2327 2 2 4 1 1121 1122 1158
2328 2 2 4 1 571 491 1986
2329 2 2 4 1 704 703 849
2330 2 2 4 1 1258 1496 1946
2331 2 2 4 1 1724 1630 1990
2332 2 2 4 1 1148 1147 1149
2333 2 2 4 1 1801 301 2139
2334 2 2 4 1 318 317 319
2335 2 2 4 1 845 843 847
2336 2 2 4 1 1443 2158 2171
2337 2 2 4 1 1816 1910 2150
2338 2 2 4 1 367 369 557
2339 2 2 4 1 243 244 245
2340 2 2 4 1 1016 1749 2149
2341 2 2 4 1 59 58 423
2342 2 2 4 1 508 758 1916
2343 2 2 4 1 1150 1149 1475
2344 2 2 4 1 115 116 1759
2345 2 2 4 1 630 631 632
2346 2 2 4 1 1298 1768 2115
2347 2 2 4 1 264 269 928
2348 2 2 4 1 1334 1456 1457
2349 2 2 4 1 1276 1278 1504
2350 2 2 4 1 582 578 2075
2351 2 2 4 1 439 363 440
2352 2 2 4 1 919 884 1252
2353 2 2 4 1 2061 1544 2084
2354 2 2 4 1 526 684 685
2355 2 2 4 1 1867 1390 1968
2356 2 2 4 1 1137 1293 1294
2357 2 2 4 1 1157 1333 1334
2358 2 2 4 1 990 2014 2386
2359 2 2 4 1 362 274 363
2360 2 2 4 1 446 445 448
2361 2 2 4 1 742 523 963
2362 2 2 4 1 1408 961 1905
2363 2 2 4 1 1559 1555 2156
2364 2 2 4 1 1168 1167 1212
2365 2 2 4 1 790 792 794
2366 2 2 4 1 585 440 586
2367 2 2 4 1 1844 1536 2133
2368 2 2 4 1 1121 1158 2222
2369 2 2 4 1 2008 727 2169
2370 2 2 4 1 807 805 809
2371 2 2 4 1 64 65 1656
2372 2 2 4 1 1059 1233 1234
2373 2 2 4 1 1004 866 1174
2374 2 2 4 1 573 945 1849
2375 2 2 4 1 1156 1107 1242
2376 2 2 4 1 489 487 2028
2377 2 2 4 1 409 410 411
2378 2 2 4 1 333 1670 1793
2379 2 2 4 1 589 902 985
2380 2 2 4 1 642 261 965
2381 2 2 4 1 1763 138 1769
2382 2 2 4 1 934 869 1155
2383 2 2 4 1 186 185 187
2384 2 2 4 1 1074 908 1135
2385 2 2 4 1 387 388 389
2386 2 2 4 1 803 800 1591
2387 2 2 4 1 38 37 611
2388 2 2 4 1 761 1187 2110
2389 2 2 4 1 1513 1626 1896
2390 2 2 4 1 1329 1617 1624
2391 2 2 4 1 759 678 944
2392 2 2 4 1 380 377 1808
2393 2 2 4 1 1118 1266 1684
2394 2 2 4 1 1281 1160 1874
2395 2 2 4 1 814 813 815
2396 2 2 4 1 889 1077 1157
2397 2 2 4 1 618 617 619
2398 2 2 4 1 1710 1709 1917
2399 2 2 4 1 559 775 1125
2400 2 2 4 1 423 1319 1530
2401 2 2 4 1 590 1642 1643
2402 2 2 4 1 239 1438 2178
2403 2 2 4 1 1045 1047 1049
2404 2 2 4 1 202 201 203
2405 2 2 4 1 1166 1548 2165
2406 2 2 4 1 2145 1728 2248
2407 2 2 4 1 1410 2239 2260
2408 2 2 4 1 892 854 1219
2409 2 2 4 1 88 89 147
2410 2 2 4 1 118 119 1752
2411 2 2 4 1 620 622 1734
2412 2 2 4 1 1154 397 1878
2413 2 2 4 1 844 846 1638
2414 2 2 4 1 314 332 1822
2415 2 2 4 1 1005 944 1006
2416 2 2 4 1 1681 977 1934
2417 2 2 4 1 113 114 1772
2418 2 2 4 1 1631 1573 2376
2419 2 2 4 1 854 380 1808
2420 2 2 4 1 1101 1181 1662
2421 2 2 4 1 1378 1377 1515
2422 2 2 4 1 1216 1898 2053
2423 2 2 4 1 596 595 597
2424 2 2 4 1 411 412 413
2425 2 2 4 1 78 79 1780
2426 2 2 4 1 108 109 1779
2427 2 2 4 1 708 1844 1944
2428 2 2 4 1 96 97 1761
2429 2 2 4 1 188 187 189
2430 2 2 4 1 1134 1151 1254
2431 2 2 4 1 204 203 205
2432 2 2 4 1 345 295 346
2433 2 2 4 1 40 638 1337
2434 2 2 4 1 120 9 1850
2435 2 2 4 1 918 795 1167
2436 2 2 4 1 247 251 252
2437 2 2 4 1 1170 1053 1171
2438 2 2 4 1 538 536 760
2439 2 2 4 1 427 350 431
2440 2 2 4 1 245 246 247
2441 2 2 4 1 94 95 1782
2442 2 2 4 1 646 644 647
2443 2 2 4 1 1852 1186 2345
2444 2 2 4 1 505 506 515
2445 2 2 4 1 71 72 1774
2446 2 2 4 1 101 102 1775
2447 2 2 4 1 318 319 320
2448 2 2 4 1 2 24 802
2449 2 2 4 1 122 11 1882
2450 2 2 4 1 616 615 617
2451 2 2 4 1 500 501 505
2452 2 2 4 1 1768 1769 1770
2453 2 2 4 1 320 319 321
2454 2 2 4 1 578 527 2075
2455 2 2 4 1 889 1157 1858
2456 2 2 4 1 1369 1006 1371
2457 2 2 4 1 587 772 774
2458 2 2 4 1 329 338 339
2459 2 2 4 1 782 783 784
2460 2 2 4 1 268 781 782
2461 2 2 4 1 1297 1174 1298
2462 2 2 4 1 1190 623 1886
2463 2 2 4 1 1403 1402 1404
2464 2 2 4 1 141 83 2076
2465 2 2 4 1 1621 1622 1623
2466 2 2 4 1 1846 424 1847
2467 2 2 4 1 82 141 2069
2468 2 2 4 1 37 5 1309
2469 2 2 4 1 276 273 277
2470 2 2 4 1 794 795 796
2471 2 2 4 1 249 855 1140
2472 2 2 4 1 870 828 871
2473 2 2 4 1 414 1639 1833
2474 2 2 4 1 1813 1590 2367
2475 2 2 4 1 1639 422 2292
2476 2 2 4 1 2135 1529 2263
2477 2 2 4 1 698 1784 2021
2478 2 2 4 1 714 939 940
2479 2 2 4 1 1762 1767 1885
2480 2 2 4 1 1348 1350 1941
2481 2 2 4 1 660 661 662
2482 2 2 4 1 783 781 1201
2483 2 2 4 1 1005 1369 1370
2484 2 2 4 1 1109 989 2386
2485 2 2 4 1 610 608 629
2486 2 2 4 1 75 122 2176
2487 2 2 4 1 158 161 1741
2488 2 2 4 1 1074 1135 1788
2489 2 2 4 1 1537 1687 2133
2490 2 2 4 1 1895 1492 2272
2491 2 2 4 1 650 647 651
2492 2 2 4 1 792 791 793
2493 2 2 4 1 255 257 2397
2494 2 2 4 1 1600 1570 1980
2495 2 2 4 1 243 242 244
2496 2 2 4 1 1246 1965 2198
2497 2 2 4 1 425 361 426
2498 2 2 4 1 1659 1301 2215
2499 2 2 4 1 681 701 764
2500 2 2 4 1 1280 1970 2114
2501 2 2 4 1 1259 1444 2151
2502 2 2 4 1 1155 869 1861
2503 2 2 4 1 524 743 744
2504 2 2 4 1 1103 1101 1662
2505 2 2 4 1 656 651 657
2506 2 2 4 1 620 619 622
2507 2 2 4 1 958 959 969
2508 2 2 4 1 1009 871 1027
2509 2 2 4 1 764 850 900
2510 2 2 4 1 2077 2069 2315
2511 2 2 4 1 1203 1068 1988
2512 2 2 4 1 482 483 484
2513 2 2 4 1 796 918 1007
2514 2 2 4 1 1970 1279 2114
2515 2 2 4 1 1232 915 1734
2516 2 2 4 1 790 789 791
2517 2 2 4 1 1200 1199 1271
2518 2 2 4 1 484 483 1500
2519 2 2 4 1 1159 1648 1845
2520 2 2 4 1 1064 1065 1260
2521 2 2 4 1 786 787 788
2522 2 2 4 1 793 828 870
2523 2 2 4 1 784 785 786
2524 2 2 4 1 369 371 1705
2525 2 2 4 1 1476 893 1881
2526 2 2 4 1 435 735 1696
2527 2 2 4 1 73 74 1873
2528 2 2 4 1 811 1773 2020
2529 2 2 4 1 389 390 391
2530 2 2 4 1 799 1095 2126
2531 2 2 4 1 803 1591 1592
2532 2 2 4 1 1063 1064 1610
2533 2 2 4 1 1621 392 1622
2534 2 2 4 1 774 974 1028
2535 2 2 4 1 9 61 1852
2536 2 2 4 1 1744 1163 1794
2537 2 2 4 1 763 623 1190
2538 2 2 4 1 920 1066 1182
2539 2 2 4 1 1969 1667 2293
2540 2 2 4 1 498 1030 1062
2541 2 2 4 1 787 785 789
2542 2 2 4 1 1254 1388 1473
2543 2 2 4 1 1360 1361 1362
2544 2 2 4 1 965 1893 1894
2545 2 2 4 1 2061 251 2233
2546 2 2 4 1 278 281 2205
2547 2 2 4 1 1889 1545 1961
2548 2 2 4 1 1659 134 1928
2549 2 2 4 1 669 657 670
2550 2 2 4 1 1417 15 1434
2551 2 2 4 1 678 666 1899
2552 2 2 4 1 26 25 808
2553 2 2 4 1 1900 1596 2333
2554 2 2 4 1 2115 126 2164
2555 2 2 4 1 1274 1275 1276
2556 2 2 4 1 844 1638 1966
2557 2 2 4 1 1494 1493 2267
2558 2 2 4 1 544 553 1866
2559 2 2 4 1 1780 124 1835
2560 2 2 4 1 320 321 322
2561 2 2 4 1 322 321 323
2562 2 2 4 1 85 86 1717
2563 2 2 4 1 1515 1717 2299
2564 2 2 4 1 1334 1458 1884
2565 2 2 4 1 1756 1753 1897
2566 2 2 4 1 123 110 2354
2567 2 2 4 1 169 166 250
2568 2 2 4 1 1371 1703 1704
2569 2 2 4 1 969 970 1263
2570 2 2 4 1 849 873 1063
2571 2 2 4 1 1015 1014 1376
2572 2 2 4 1 1790 1273 1791
2573 2 2 4 1 1758 1754 1910
2574 2 2 4 1 92 93 1817
2575 2 2 4 1 1184 1410 1411
2576 2 2 4 1 206 205 207
2577 2 2 4 1 229 230 231
2578 2 2 4 1 149 132 1750
2579 2 2 4 1 1608 388 2059
2580 2 2 4 1 1370 1564 1652
2581 2 2 4 1 400 396 1621
2582 2 2 4 1 679 759 881
2583 2 2 4 1 278 277 279
2584 2 2 4 1 208 210 212
2585 2 2 4 1 1018 1340 1727
2586 2 2 4 1 790 791 792
2587 2 2 4 1 698 1013 1784
2588 2 2 4 1 933 931 1576
2589 2 2 4 1 148 1545 1889
2590 2 2 4 1 922 503 2070
2591 2 2 4 1 1333 1468 2393
2592 2 2 4 1 870 871 1009
2593 2 2 4 1 1643 1642 1731
2594 2 2 4 1 689 687 710
2595 2 2 4 1 519 503 922
2596 2 2 4 1 596 869 896
2597 2 2 4 1 1156 1499 2085
2598 2 2 4 1 1118 1232 1266
2599 2 2 4 1 709 1629 2323
2600 2 2 4 1 1474 1803 2153
2601 2 2 4 1 1906 1352 2334
2602 2 2 4 1 849 703 873
2603 2 2 4 1 387 385 388
2604 2 2 4 1 1168 1212 1811
2605 2 2 4 1 668 678 679
2606 2 2 4 1 1009 1027 1423
2607 2 2 4 1 1220 854 1808
2608 2 2 4 1 918 1167 1168
2609 2 2 4 1 1958 1205 2025
2610 2 2 4 1 847 843 2334
2611 2 2 4 1 889 684 899
2612 2 2 4 1 900 901 967
2613 2 2 4 1 951 1014 1015
2614 2 2 4 1 546 547 1789
2615 2 2 4 1 782 781 783
2616 2 2 4 1 322 334 2371
2617 2 2 4 1 580 584 627
2618 2 2 4 1 1005 1006 1369
2619 2 2 4 1 794 792 795
2620 2 2 4 1 1248 1303 1304
2621 2 2 4 1 281 279 350
2622 2 2 4 1 649 648 652
2623 2 2 4 1 1768 1763 1769
2624 2 2 4 1 851 561 935
2625 2 2 4 1 599 601 878
2626 2 2 4 1 1412 766 1496
2627 2 2 4 1 231 233 234
2628 2 2 4 1 178 180 2219
2629 2 2 4 1 397 399 1878
2630 2 2 4 1 963 523 1963
2631 2 2 4 1 1063 873 1064
2632 2 2 4 1 857 592 1010
2633 2 2 4 1 40 39 638
2634 2 2 4 1 1077 899 1134
2635 2 2 4 1 1455 1122 1660
2636 2 2 4 1 1626 1426 2100
2637 2 2 4 1 1345 2183 2199
2638 2 2 4 1 47 46 1478
2639 2 2 4 1 1532 337 2191
2640 2 2 4 1 1575 1793 2088
2641 2 2 4 1 951 950 1014
2642 2 2 4 1 1295 1296 2331
2643 2 2 4 1 1767 1764 2223
2644 2 2 4 1 1118 915 1232
2645 2 2 4 1 1360 881 1361
2646 2 2 4 1 339 340 341
2647 2 2 4 1 759 944 1005
2648 2 2 4 1 796 795 918
2649 2 2 4 1 707 661 1335
2650 2 2 4 1 1015 1376 1377
2651 2 2 4 1 693 691 711
2652 2 2 4 1 670 672 700
2653 2 2 4 1 967 981 1189
2654 2 2 4 1 1283 1737 2142
2655 2 2 4 1 517 885 943
2656 2 2 4 1 744 745 746
2657 2 2 4 1 970 1184 1974
2658 2 2 4 1 212 215 216
2659 2 2 4 1 324 323 325
2660 2 2 4 1 322 323 324
2661 2 2 4 1 617 615 1162
2662 2 2 4 1 1011 1070 1221
2663 2 2 4 1 1137 1294 1295
2664 2 2 4 1 586 595 596
2665 2 2 4 1 246 244 254
2666 2 2 4 1 406 60 1316
2667 2 2 4 1 389 388 390
2668 2 2 4 1 25 2 1325
2669 2 2 4 1 653 652 654
2670 2 2 4 1 430 429 525
2671 2 2 4 1 542 544 1866
2672 2 2 4 1 1276 1277 1278
2673 2 2 4 1 1348 1941 2159
2674 2 2 4 1 786 785 787
2675 2 2 4 1 1866 1138 1990
2676 2 2 4 1 1054 776 1363
2677 2 2 4 1 247 246 251
2678 2 2 4 1 312 314 1822
2679 2 2 4 1 409 411 706
2680 2 2 4 1 66 67 1826
2681 2 2 4 1 1189 1301 1659
2682 2 2 4 1 1121 1120 1122
2683 2 2 4 1 896 934 1147
2684 2 2 4 1 478 480 1842
2685 2 2 4 1 1804 1400 1805
2686 2 2 4 1 1158 1122 1455
2687 2 2 4 1 1384 1745 2391
2688 2 2 4 1 787 789 790
2689 2 2 4 1 104 105 1840
2690 2 2 4 1 784 783 785
2691 2 2 4 1 107 145 2203
2692 2 2 4 1 1062 1509 1650
2693 2 2 4 1 1926 1485 2023
2694 2 2 4 1 949 950 951
2695 2 2 4 1 323 333 1793
2696 2 2 4 1 660 655 661
2697 2 2 4 1 1004 1174 1297
2698 2 2 4 1 1193 1286 2307
2699 2 2 4 1 1334 1333 1456
2700 2 2 4 1 906 948 949
2701 2 2 4 1 283 285 1023
2702 2 2 4 1 526 525 684
2703 2 2 4 1 360 361 425
2704 2 2 4 1 1469 1294 2160
2705 2 2 4 1 465 467 1781
2706 2 2 4 1 1445 265 2290
2707 2 2 4 1 596 597 869
2708 2 2 4 1 685 684 889
2709 2 2 4 1 936 935 956
2710 2 2 4 1 486 487 488
2711 2 2 4 1 570 1788 1995
2712 2 2 4 1 1850 9 1852
2713 2 2 4 1 1295 1294 1296
2714 2 2 4 1 439 440 585
2715 2 2 4 1 1098 1702 1932
2716 2 2 4 1 245 244 246
2717 2 2 4 1 393 401 402
2718 2 2 4 1 656 669 677
2719 2 2 4 1 1198 1081 1218
2720 2 2 4 1 728 729 730
2721 2 2 4 1 1615 400 2060
2722 2 2 4 1 980 1839 2266
2723 2 2 4 1 1038 872 1863
2724 2 2 4 1 1370 1369 1564
2725 2 2 4 1 1157 1077 1333
2726 2 2 4 1 1597 1596 1900
2727 2 2 4 1 980 263 1883
2728 2 2 4 1 603 714 930
2729 2 2 4 1 1876 1877 2227
2730 2 2 4 1 1129 1691 1692
2731 2 2 4 1 1739 1063 1914
2732 2 2 4 1 764 900 1001
2733 2 2 4 1 679 678 759
2734 2 2 4 1 1792 1647 2031
2735 2 2 4 1 441 1166 1658
2736 2 2 4 1 1106 1131 2080
2737 2 2 4 1 641 1178 1929
2738 2 2 4 1 1779 123 2365
2739 2 2 4 1 962 961 1226
2740 2 2 4 1 1485 1487 2023
2741 2 2 4 1 399 409 1878
2742 2 2 4 1 867 1004 1075
2743 2 2 4 1 175 173 218
2744 2 2 4 1 585 586 1760
2745 2 2 4 1 812 809 961
2746 2 2 4 1 87 135 2299
2747 2 2 4 1 1117 1627 1834
2748 2 2 4 1 449 448 591
2749 2 2 4 1 614 1733 2066
2750 2 2 4 1 949 948 950
2751 2 2 4 1 362 363 439
2752 2 2 4 1 1437 2141 2349
2753 2 2 4 1 939 1139 1836
2754 2 2 4 1 326 325 327
2755 2 2 4 1 502 518 1503
2756 2 2 4 1 880 683 929
2757 2 2 4 1 324 325 326
2758 2 2 4 1 677 866 867
2759 2 2 4 1 639 968 2053
2760 2 2 4 1 171 169 1807
2761 2 2 4 1 1787 1144 2279
2762 2 2 4 1 1638 1576 2322
2763 2 2 4 1 36 35 1449
2764 2 2 4 1 1634 1382 2327
2765 2 2 4 1 193 190 214
2766 2 2 4 1 1268 1672 2211
2767 2 2 4 1 1036 983 1506
2768 2 2 4 1 1120 929 1248
2769 2 2 4 1 1003 777 1215
2770 2 2 4 1 1506 983 1907
2771 2 2 4 1 11 76 1882
2772 2 2 4 1 402 403 407
2773 2 2 4 1 650 651 656
2774 2 2 4 1 1554 1837 1838
2775 2 2 4 1 238 236 248
2776 2 2 4 1 656 657 669
2777 2 2 4 1 967 1189 1367
2778 2 2 4 1 1312 1310 1513
2779 2 2 4 1 249 215 699
2780 2 2 4 1 439 585 1192
2781 2 2 4 1 984 1089 1225
2782 2 2 4 1 347 346 348
2783 2 2 4 1 453 454 455
2784 2 2 4 1 28 27 816
2785 2 2 4 1 1024 1281 2337
2786 2 2 4 1 630 629 631
2787 2 2 4 1 280 362 429
2788 2 2 4 1 1360 1362 1814
2789 2 2 4 1 896 869 934
2790 2 2 4 1 906 837 948
2791 2 2 4 1 1173 1170 1773
2792 2 2 4 1 927 1841 1870
2793 2 2 4 1 982 1246 2350
2794 2 2 4 1 371 374 1705
2795 2 2 4 1 992 991 993
2796 2 2 4 1 880 929 1120
2797 2 2 4 1 668 666 678
2798 2 2 4 1 889 899 1077
2799 2 2 4 1 1072 1087 1088
2800 2 2 4 1 534 532 716
2801 2 2 4 1 662 661 707
2802 2 2 4 1 229 228 230
2803 2 2 4 1 968 903 1058
2804 2 2 4 1 391 390 393
2805 2 2 4 1 1136 1693 1834
2806 2 2 4 1 1147 934 1186
2807 2 2 4 1 1421 740 1953
2808 2 2 4 1 455 522 563
2809 2 2 4 1 1518 1869 2379
2810 2 2 4 1 1185 149 1750
2811 2 2 4 1 492 571 1930
2812 2 2 4 1 735 848 1696
2813 2 2 4 1 413 415 877
2814 2 2 4 1 1027 1400 1804
2815 2 2 4 1 39 38 1568
2816 2 2 4 1 778 628 779
2817 2 2 4 1 709 542 1866
2818 2 2 4 1 1523 2143 2367
2819 2 2 4 1 27 26 1332
2820 2 2 4 1 645 646 648
2821 2 2 4 1 471 472 475
2822 2 2 4 1 676 681 868
2823 2 2 4 1 835 834 982
2824 2 2 4 1 1143 1142 1144
2825 2 2 4 1 1035 1268 2211
2826 2 2 4 1 643 644 645
2827 2 2 4 1 682 683 880
2828 2 2 4 1 1034 879 1061
2829 2 2 4 1 867 866 1004
2830 2 2 4 1 1585 1863 2136
2831 2 2 4 1 856 1164 1327
2832 2 2 4 1 1896 838 1951
2833 2 2 4 1 682 658 683
2834 2 2 4 1 194 196 2228
2835 2 2 4 1 1467 1060 1668
2836 2 2 4 1 1397 767 1604
2837 2 2 4 1 746 747 748
2838 2 2 4 1 70 125 2309
2839 2 2 4 1 646 647 650
2840 2 2 4 1 508 511 758
2841 2 2 4 1 748 750 2162
2842 2 2 4 1 654 652 658
2843 2 2 4 1 335 305 1587
2844 2 2 4 1 983 982 1907
2845 2 2 4 1 1837 1556 2266
2846 2 2 4 1 935 561 1781
2847 2 2 4 1 293 295 345
2848 2 2 4 1 269 274 280
2849 2 2 4 1 326 327 328
2850 2 2 4 1 985 986 1029
2851 2 2 4 1 2051 717 2230
2852 2 2 4 1 940 939 1836
2853 2 2 4 1 1672 1123 2211
2854 2 2 4 1 280 274 362
2855 2 2 4 1 306 336 1547
2856 2 2 4 1 1274 1272 1275
2857 2 2 4 1 208 207 210
2858 2 2 4 1 183 181 213
2859 2 2 4 1 231 230 233
2860 2 2 4 1 1079 1145 1921
2861 2 2 4 1 1320 1636 2099
2862 2 2 4 1 994 993 1097
2863 2 2 4 1 1695 1289 2230
2864 2 2 4 1 566 556 1076
2865 2 2 4 1 1623 1246 2121
2866 2 2 4 1 525 429 625
2867 2 2 4 1 887 574 888
2868 2 2 4 1 1329 1624 2012
2869 2 2 4 1 1088 1087 1163
2870 2 2 4 1 1793 1670 2088
2871 2 2 4 1 565 566 879
2872 2 2 4 1 2365 123 2387
2873 2 2 4 1 326 328 2067
2874 2 2 4 1 1511 1404 2205
2875 2 2 4 1 376 590 1827
2876 2 2 4 1 1196 1094 1797
2877 2 2 4 1 1368 1901 2019
2878 2 2 4 1 631 629 1180
2879 2 2 4 1 76 77 1977
2880 2 2 4 1 810 812 813
2881 2 2 4 1 707 1335 1336
2882 2 2 4 1 677 669 866
2883 2 2 4 1 821 820 822
2884 2 2 4 1 256 252 258
2885 2 2 4 1 1394 770 2013
2886 2 2 4 1 1814 1362 1815
2887 2 2 4 1 1071 1012 2165
2888 2 2 4 1 189 187 261
2889 2 2 4 1 1414 6 1481
2890 2 2 4 1 1084 956 1714
2891 2 2 4 1 1174 866 1892
2892 2 2 4 1 197 195 705
2893 2 2 4 1 212 210 215
2894 2 2 4 1 645 644 646
2895 2 2 4 1 790 794 1867
2896 2 2 4 1 641 642 643
2897 2 2 4 1 647 644 1862
2898 2 2 4 1 1341 974 1342
2899 2 2 4 1 608 606 1923
2900 2 2 4 1 407 408 433
2901 2 2 4 1 1693 1117 1834
2902 2 2 4 1 643 642 644
2903 2 2 4 1 1730 1403 1975
2904 2 2 4 1 490 491 492
2905 2 2 4 1 216 215 249
2906 2 2 4 1 1238 1803 1830
2907 2 2 4 1 1160 1161 1524
2908 2 2 4 1 1592 1591 2020
2909 2 2 4 1 632 631 633
2910 2 2 4 1 464 426 465
2911 2 2 4 1 1102 1105 2303
2912 2 2 4 1 1511 1460 2058
2913 2 2 4 1 226 224 232
2914 2 2 4 1 1923 1615 2060
2915 2 2 4 1 1576 846 2177
2916 2 2 4 1 1018 1727 2068
2917 2 2 4 1 936 1084 1279
2918 2 2 4 1 1059 1058 1233
2919 2 2 4 1 1597 1900 1999
2920 2 2 4 1 269 267 274
2921 2 2 4 1 233 230 263
2922 2 2 4 1 1576 931 2322
2923 2 2 4 1 779 2071 2072
2924 2 2 4 1 77 146 1977
2925 2 2 4 1 805 801 1905
2926 2 2 4 1 1939 1161 1941
2927 2 2 4 1 1719 950 2220
2928 2 2 4 1 1063 1610 1914
2929 2 2 4 1 441 437 1166
2930 2 2 4 1 2341 913 2348
2931 2 2 4 1 913 2162 2348
2932 2 2 4 1 488 489 490
2933 2 2 4 1 1715 1279 2256
2934 2 2 4 1 264 928 1936
2935 2 2 4 1 287 289 349
2936 2 2 4 1 965 261 1893
2937 2 2 4 1 774 772 974
2938 2 2 4 1 864 1699 1700
2939 2 2 4 1 1114 883 1115
2940 2 2 4 1 464 561 589
2941 2 2 4 1 1058 903 1085
2942 2 2 4 1 1776 1297 2164
2943 2 2 4 1 639 592 857
2944 2 2 4 1 406 1316 2201
2945 2 2 4 1 637 634 1903
2946 2 2 4 1 1526 1247 2316
2947 2 2 4 1 1272 1271 1798
2948 2 2 4 1 761 760 924
2949 2 2 4 1 583 582 593
2950 2 2 4 1 547 550 551
2951 2 2 4 1 1167 795 1859
2952 2 2 4 1 1028 974 1341
2953 2 2 4 1 612 1771 2085
2954 2 2 4 1 502 1503 1967
2955 2 2 4 1 413 414 415
2956 2 2 4 1 1431 1899 1992
2957 2 2 4 1 1473 1388 2308
2958 2 2 4 1 2259 1456 2393
2959 2 2 4 1 382 892 2045
2960 2 2 4 1 391 393 394
2961 2 2 4 1 910 1175 1888
2962 2 2 4 1 557 369 1705
2963 2 2 4 1 1087 1548 1823
2964 2 2 4 1 998 953 2144
2965 2 2 4 1 917 1146 2055
2966 2 2 4 1 510 507 512
2967 2 2 4 1 591 448 592
2968 2 2 4 1 654 658 682
2969 2 2 4 1 1335 661 1911
2970 2 2 4 1 586 596 1760
2971 2 2 4 1 1423 1027 1804
2972 2 2 4 1 242 240 708
2973 2 2 4 1 626 558 977
2974 2 2 4 1 341 342 343
2975 2 2 4 1 179 177 715
2976 2 2 4 1 201 199 209
2977 2 2 4 1 622 623 762
2978 2 2 4 1 264 267 269
2979 2 2 4 1 1017 888 1094
2980 2 2 4 1 823 822 825
2981 2 2 4 1 353 352 354
2982 2 2 4 1 1737 978 2141
2983 2 2 4 1 1469 2160 2289
2984 2 2 4 1 516 529 2127
2985 2 2 4 1 210 207 211
2986 2 2 4 1 615 546 1789
2987 2 2 4 1 2069 1722 2315
2988 2 2 4 1 1324 1667 2139
2989 2 2 4 1 189 261 641
2990 2 2 4 1 1201 781 2002
2991 2 2 4 1 622 619 623
2992 2 2 4 1 342 367 1735
2993 2 2 4 1 1742 1308 2328
2994 2 2 4 1 1988 1068 2277
2995 2 2 4 1 632 633 634
2996 2 2 4 1 1444 824 2151
2997 2 2 4 1 1252 2074 2358
2998 2 2 4 1 1315 1314 1525
2999 2 2 4 1 1079 513 1145
3000 2 2 4 1 1484 1488 2301
3001 2 2 4 1 1029 1130 1809
3002 2 2 4 1 1545 1546 1961
3003 2 2 4 1 964 1284 1285
3004 2 2 4 1 857 1010 1011
3005 2 2 4 1 772 588 773
3006 2 2 4 1 945 829 946
3007 2 2 4 1 547 551 1789
3008 2 2 4 1 249 699 855
3009 2 2 4 1 566 1076 1093
3010 2 2 4 1 1082 1198 1199
3011 2 2 4 1 1170 1171 1773
3012 2 2 4 1 1211 955 2055
3013 2 2 4 1 325 323 1793
3014 2 2 4 1 551 550 552
3015 2 2 4 1 222 220 737
3016 2 2 4 1 880 1121 2103
3017 2 2 4 1 264 263 267
3018 2 2 4 1 1283 1241 1737
3019 2 2 4 1 2046 2200 2360
3020 2 2 4 1 687 685 1858
3021 2 2 4 1 597 599 1861
3022 2 2 4 1 328 327 329
3023 2 2 4 1 737 1838 1937
3024 2 2 4 1 591 592 639
3025 2 2 4 1 641 261 642
3026 2 2 4 1 793 870 1859
3027 2 2 4 1 1692 1691 2216
3028 2 2 4 1 1598 441 1658
3029 2 2 4 1 1011 1010 1012
3030 2 2 4 1 80 81 2077
3031 2 2 4 1 268 259 781
3032 2 2 4 1 353 1849 2047
3033 2 2 4 1 1080 1081 1082
3034 2 2 4 1 257 1960 2397
3035 2 2 4 1 944 678 1899
3036 2 2 4 1 589 851 902
3037 2 2 4 1 409 706 1878
3038 2 2 4 1 1536 1537 2133
3039 2 2 4 1 1748 1197 1984
3040 2 2 4 1 642 965 1862
3041 2 2 4 1 1419 1785 2042
3042 2 2 4 1 1181 1578 2224
3043 2 2 4 1 1829 1429 2112
3044 2 2 4 1 1020 998 1022
3045 2 2 4 1 2361 1085 2372
3046 2 2 4 1 2021 1252 2358
3047 2 2 4 1 134 1817 1928
3048 2 2 4 1 301 298 1579
3049 2 2 4 1 792 793 1859
3050 2 2 4 1 1405 2125 2313
3051 2 2 4 1 354 352 1476
3052 2 2 4 1 587 521 588
3053 2 2 4 1 1884 1458 2280
3054 2 2 4 1 639 857 903
3055 2 2 4 1 988 779 1124
3056 2 2 4 1 855 699 856
3057 2 2 4 1 635 633 834
3058 2 2 4 1 1005 1370 1871
3059 2 2 4 1 191 1385 2305
3060 2 2 4 1 1364 1363 2373
3061 2 2 4 1 810 809 812
3062 2 2 4 1 1242 1107 1819
3063 2 2 4 1 1198 1218 1625
3064 2 2 4 1 512 507 2317
3065 2 2 4 1 230 228 1883
3066 2 2 4 1 1610 1064 1853
3067 2 2 4 1 1187 1188 2281
3068 2 2 4 1 1510 168 2252
3069 2 2 4 1 121 1660 1879
3070 2 2 4 1 1946 1414 2029
3071 2 2 4 1 851 935 936
3072 2 2 4 1 23 22 1044
3073 2 2 4 1 563 522 697
3074 2 2 4 1 427 431 1872
3075 2 2 4 1 869 597 1861
3076 2 2 4 1 691 689 1864
3077 2 2 4 1 855 856 1031
3078 2 2 4 1 555 556 565
3079 2 2 4 1 938 1039 1247
3080 2 2 4 1 1187 924 1188
3081 2 2 4 1 419 504 757
3082 2 2 4 1 419 757 1792
3083 2 2 4 1 685 889 1858
3084 2 2 4 1 596 896 1760
3085 2 2 4 1 879 566 1931
3086 2 2 4 1 21 20 1040
3087 2 2 4 1 1313 1312 1314
3088 2 2 4 1 1011 1012 1070
3089 2 2 4 1 1623 1217 2350
3090 2 2 4 1 1293 1834 2253
3091 2 2 4 1 1546 1561 2149
3092 2 2 4 1 2109 1158 2148
3093 2 2 4 1 1870 1841 2346
3094 2 2 4 1 69 2036 2259
3095 2 2 4 1 1312 1513 1896
3096 2 2 4 1 1644 1643 1645
3097 2 2 4 1 789 785 1869
3098 2 2 4 1 476 478 514
3099 2 2 4 1 520 492 521
3100 2 2 4 1 2190 1440 2225
3101 2 2 4 1 1176 1581 2030
3102 2 2 4 1 458 456 1747
3103 2 2 4 1 1276 1275 1277
3104 2 2 4 1 709 1866 1990
3105 2 2 4 1 890 815 1848
3106 2 2 4 1 742 963 964
3107 2 2 4 1 611 1310 1311
3108 2 2 4 1 328 329 330
3109 2 2 4 1 1269 1517 2084
3110 2 2 4 1 475 476 1790
3111 2 2 4 1 1287 1115 1288
3112 2 2 4 1 2102 780 2180
3113 2 2 4 1 2127 1295 2331
3114 2 2 4 1 415 414 416
3115 2 2 4 1 169 250 1807
3116 2 2 4 1 606 1615 1923
3117 2 2 4 1 233 263 264
3118 2 2 4 1 361 2147 2340
3119 2 2 4 1 2060 2121 2198
3120 2 2 4 1 1341 1342 1343
3121 2 2 4 1 788 787 1867
3122 2 2 4 1 1731 1597 1999
3123 2 2 4 1 802 24 1326
3124 2 2 4 1 1860 1567 2271
3125 2 2 4 1 587 588 772
3126 2 2 4 1 1565 612 2085
3127 2 2 4 1 593 1358 1702
3128 2 2 4 1 1107 1104 1819
3129 2 2 4 1 590 1643 1644
3130 2 2 4 1 1362 1361 1945
3131 2 2 4 1 1480 999 1828
3132 2 2 4 1 1313 1314 1315
3133 2 2 4 1 1064 1260 1853
3134 2 2 4 1 1572 1574 1981
3135 2 2 4 1 1184 1411 1974
3136 2 2 4 1 1502 723 2090
3137 2 2 4 1 1288 1532 2191
3138 2 2 4 1 500 330 501
3139 2 2 4 1 431 432 555
3140 2 2 4 1 1081 1079 1921
3141 2 2 4 1 795 792 1859
3142 2 2 4 1 845 847 938
3143 2 2 4 1 953 841 2144
3144 2 2 4 1 455 454 522
3145 2 2 4 1 1082 1081 1198
3146 2 2 4 1 1361 881 1871
3147 2 2 4 1 1267 1547 2136
3148 2 2 4 1 1797 1094 1809
3149 2 2 4 1 433 435 1963
3150 2 2 4 1 205 203 741
3151 2 2 4 1 1467 1669 2244
3152 2 2 4 1 2151 1384 2391
3153 2 2 4 1 1162 615 1789
3154 2 2 4 1 453 451 454
3155 2 2 4 1 1636 1306 2099
3156 2 2 4 1 1215 777 1973
3157 2 2 4 1 629 608 1923
3158 2 2 4 1 2228 1343 2297
3159 2 2 4 1 1070 1012 1071
3160 2 2 4 1 355 354 356
3161 2 2 4 1 783 1201 1869
3162 2 2 4 1 609 838 2100
3163 2 2 4 1 985 902 986
3164 2 2 4 1 1070 1071 1072
3165 2 2 4 1 1160 1524 1874
3166 2 2 4 1 520 521 587
3167 2 2 4 1 812 961 962
3168 2 2 4 1 936 956 1084
3169 2 2 4 1 1788 1135 1995
3170 2 2 4 1 1278 1277 1953
3171 2 2 4 1 332 1589 2388
3172 2 2 4 1 881 759 1871
3173 2 2 4 1 627 628 778
3174 2 2 4 1 1632 1328 2343
3175 2 2 4 1 1217 391 2120
3176 2 2 4 1 601 603 1875
3177 2 2 4 1 1072 1071 1087
3178 2 2 4 1 1303 1641 2265
3179 2 2 4 1 2033 365 2255
3180 2 2 4 1 123 1564 2387
3181 2 2 4 1 355 572 573
3182 2 2 4 1 1314 1312 1896
3183 2 2 4 1 425 426 464
3184 2 2 4 1 1180 1923 2060
3185 2 2 4 1 1124 779 2072
3186 2 2 4 1 670 700 1892
3187 2 2 4 1 661 655 1911
3188 2 2 4 1 599 878 1861
3189 2 2 4 1 787 790 1867
3190 2 2 4 1 125 1774 1989
3191 2 2 4 1 1890 877 1999
3192 2 2 4 1 1183 1972 2369
3193 2 2 4 1 187 185 1893
3194 2 2 4 1 1275 1272 1798
3195 2 2 4 1 650 2214 2238
3196 2 2 4 1 710 687 1858
3197 2 2 4 1 2081 1019 2267
3198 2 2 4 1 1665 1582 2257
3199 2 2 4 1 1907 1217 2120
3200 2 2 4 1 962 1226 1235
3201 2 2 4 1 1160 926 1161
3202 2 2 4 1 1912 1367 1913
3203 2 2 4 1 252 251 2061
3204 2 2 4 1 655 654 1911
3205 2 2 4 1 1242 1819 1998
3206 2 2 4 1 1337 638 2040
3207 2 2 4 1 1496 1258 2161
3208 2 2 4 1 748 749 750
3209 2 2 4 1 1495 1504 2187
3210 2 2 4 1 1660 1122 1879
3211 2 2 4 1 2060 400 2121
3212 2 2 4 1 986 902 1280
3213 2 2 4 1 809 805 1905
3214 2 2 4 1 589 561 851
3215 2 2 4 1 417 419 1792
3216 2 2 4 1 1138 1724 1990
3217 2 2 4 1 626 977 1973
3218 2 2 4 1 1144 2134 2279
3219 2 2 4 1 669 670 1892
3220 2 2 4 1 1772 127 2132
3221 2 2 4 1 536 534 1800
3222 2 2 4 1 958 946 959
3223 2 2 4 1 1766 1765 2392
3224 2 2 4 1 431 350 432
3225 2 2 4 1 1972 1183 2212
3226 2 2 4 1 1524 1161 1939
3227 2 2 4 1 754 1057 1193
3228 2 2 4 1 30 29 824
3229 2 2 4 1 190 189 1929
3230 2 2 4 1 464 465 561
3231 2 2 4 1 30 824 1379
3232 2 2 4 1 1255 1348 2159
3233 2 2 4 1 270 564 1960
3234 2 2 4 1 863 861 865
3235 2 2 4 1 689 710 1864
3236 2 2 4 1 1029 986 1130
3237 2 2 4 1 1743 802 1978
3238 2 2 4 1 1910 930 2150
3239 2 2 4 1 1987 1280 2114
3240 2 2 4 1 711 691 1864
3241 2 2 4 1 1146 916 2032
3242 2 2 4 1 962 1235 1253
3243 2 2 4 1 1078 1079 1080
3244 2 2 4 1 551 552 842
3245 2 2 4 1 1203 1988 2041
3246 2 2 4 1 1708 1709 1710
3247 2 2 4 1 423 58 1318
3248 2 2 4 1 343 1735 2070
3249 2 2 4 1 522 454 1216
3250 2 2 4 1 887 1017 1261
3251 2 2 4 1 711 1864 1865
3252 2 2 4 1 1080 1079 1081
3253 2 2 4 1 566 1093 1931
3254 2 2 4 1 961 809 1905
3255 2 2 4 1 254 1687 2368
3256 2 2 4 1 1010 592 2026
3257 2 2 4 1 343 342 1735
3258 2 2 4 1 759 1005 1871
3259 2 2 4 1 1764 1766 2223
3260 2 2 4 1 837 788 1968
3261 2 2 4 1 977 1681 1973
3262 2 2 4 1 1734 622 1854
3263 2 2 4 1 1328 1329 2012
3264 2 2 4 1 2160 334 2289
3265 2 2 4 1 52 51 767
3266 2 2 4 1 1128 1428 1429
3267 2 2 4 1 1465 1466 2157
3268 2 2 4 1 445 442 1598
3269 2 2 4 1 550 554 1906
3270 2 2 4 1 1628 613 2371
3271 2 2 4 1 461 1747 1748
3272 2 2 4 1 613 320 2371
3273 2 2 4 1 762 763 872
3274 2 2 4 1 505 501 506
3275 2 2 4 1 785 783 1869
3276 2 2 4 1 1406 1843 2073
3277 2 2 4 1 1579 1324 2139
3278 2 2 4 1 1673 214 2143
3279 2 2 4 1 835 982 983
3280 2 2 4 1 534 716 1800
3281 2 2 4 1 1099 1097 1577
3282 2 2 4 1 899 684 1942
3283 2 2 4 1 41 40 1337
3284 2 2 4 1 1410 1409 2239
3285 2 2 4 1 561 465 1781
3286 2 2 4 1 762 623 763
3287 2 2 4 1 1703 1431 2295
3288 2 2 4 1 449 591 1898
3289 2 2 4 1 632 637 2320
3290 2 2 4 1 367 557 1735
3291 2 2 4 1 2117 1168 2315
3292 2 2 4 1 1140 855 1959
3293 2 2 4 1 838 1626 2100
3294 2 2 4 1 573 574 829
3295 2 2 4 1 1697 1089 2348
3296 2 2 4 1 1120 1248 1879
3297 2 2 4 1 744 743 745
3298 2 2 4 1 878 601 1875
3299 2 2 4 1 1221 1070 1924
3300 2 2 4 1 469 471 473
3301 2 2 4 1 565 556 566
3302 2 2 4 1 1212 1167 2052
3303 2 2 4 1 1859 870 2052
3304 2 2 4 1 1468 137 2393
3305 2 2 4 1 872 931 932
3306 2 2 4 1 1232 1734 1854
3307 2 2 4 1 622 762 1854
3308 2 2 4 1 969 959 970
3309 2 2 4 1 485 513 1078
3310 2 2 4 1 413 877 1890
3311 2 2 4 1 644 642 1862
3312 2 2 4 1 475 1790 1791
3313 2 2 4 1 796 1007 2314
3314 2 2 4 1 1289 2051 2230
3315 2 2 4 1 416 414 1833
3316 2 2 4 1 1011 1221 1915
3317 2 2 4 1 1678 860 2185
3318 2 2 4 1 929 683 2010
3319 2 2 4 1 1122 1120 1879
3320 2 2 4 1 926 563 2000
3321 2 2 4 1 1674 1291 2347
3322 2 2 4 1 1391 1392 1462
3323 2 2 4 1 976 4 1379
3324 2 2 4 1 214 190 1929
3325 2 2 4 1 557 1705 1706
3326 2 2 4 1 435 1696 1963
3327 2 2 4 1 31 4 976
3328 2 2 4 1 887 888 1017
3329 2 2 4 1 348 352 353
3330 2 2 4 1 358 360 365
3331 2 2 4 1 897 733 971
3332 2 2 4 1 1137 1295 1995
3333 2 2 4 1 826 825 852
3334 2 2 4 1 1770 126 2115
3335 2 2 4 1 1665 1191 2066
3336 2 2 4 1 1235 1226 2015
3337 2 2 4 1 1727 1340 1806
3338 2 2 4 1 823 1787 2279
3339 2 2 4 1 1193 1194 1286
3340 2 2 4 1 815 818 1848
3341 2 2 4 1 1061 879 1931
3342 2 2 4 1 490 492 520
3343 2 2 4 1 1141 1265 1682
3344 2 2 4 1 634 635 636
3345 2 2 4 1 1218 1081 1921
3346 2 2 4 1 603 930 1875
3347 2 2 4 1 1604 1976 2356
3348 2 2 4 1 1182 1066 1282
3349 2 2 4 1 137 2259 2393
3350 2 2 4 1 1956 1726 2324
3351 2 2 4 1 515 506 517
3352 2 2 4 1 1057 1056 1962
3353 2 2 4 1 345 346 347
3354 2 2 4 1 1266 2034 2146
3355 2 2 4 1 1342 1940 1955
3356 2 2 4 1 1760 1148 2018
3357 2 2 4 1 2067 500 2140
3358 2 2 4 1 1408 1905 2126
3359 2 2 4 1 407 433 434
3360 2 2 4 1 948 837 1968
3361 2 2 4 1 240 238 1902
3362 2 2 4 1 1442 2190 2288
3363 2 2 4 1 1744 1794 2252
3364 2 2 4 1 1184 1183 1409
3365 2 2 4 1 181 179 1925
3366 2 2 4 1 234 233 1936
3367 2 2 4 1 1768 1770 2115
3368 2 2 4 1 1163 1087 1823
3369 2 2 4 1 2083 474 2226
3370 2 2 4 1 635 834 835
3371 2 2 4 1 590 1644 1827
3372 2 2 4 1 1147 1186 2004
3373 2 2 4 1 866 669 1892
3374 2 2 4 1 788 1867 1968
3375 2 2 4 1 754 751 1056
3376 2 2 4 1 485 484 486
3377 2 2 4 1 1311 1312 1313
3378 2 2 4 1 872 763 931
3379 2 2 4 1 2183 886 2199
3380 2 2 4 1 975 826 2197
3381 2 2 4 1 2141 1210 2349
3382 2 2 4 1 1194 1057 1244
3383 2 2 4 1 910 911 1175
3384 2 2 4 1 1783 1948 2196
3385 2 2 4 1 842 552 843
3386 2 2 4 1 767 51 1412
3387 2 2 4 1 411 413 1890
3388 2 2 4 1 2173 1649 2262
3389 2 2 4 1 1075 1777 2265
3390 2 2 4 1 41 1337 1387
3391 2 2 4 1 976 1381 1699
3392 2 2 4 1 1361 1871 2065
3393 2 2 4 1 1152 1022 1229
3394 2 2 4 1 439 1192 1887
3395 2 2 4 1 1320 995 1636
3396 2 2 4 1 173 171 1895
3397 2 2 4 1 216 249 1938
3398 2 2 4 1 1180 629 1923
3399 2 2 4 1 1405 1407 2125
3400 2 2 4 1 1017 1094 1196
3401 2 2 4 1 253 2009 2339
3402 2 2 4 1 1621 1623 2121
3403 2 2 4 1 548 1550 2015
3404 2 2 4 1 2142 1437 2153
3405 2 2 4 1 1317 1114 2335
3406 2 2 4 1 967 1367 1912
3407 2 2 4 1 716 2242 2285
3408 2 2 4 1 1182 2113 2221
3409 2 2 4 1 764 1001 1947
3410 2 2 4 1 459 576 1901
3411 2 2 4 1 625 429 1887
3412 2 2 4 1 1181 1577 1578
3413 2 2 4 1 1090 971 1092
3414 2 2 4 1 383 382 2045
3415 2 2 4 1 970 959 1183
3416 2 2 4 1 706 411 1890
3417 2 2 4 1 1602 1677 2255
3418 2 2 4 1 662 707 1992
3419 2 2 4 1 429 362 1887
3420 2 2 4 1 634 633 635
3421 2 2 4 1 619 617 1886
3422 2 2 4 1 1167 1859 2052
3423 2 2 4 1 1940 1655 2138
3424 2 2 4 1 1843 695 2073
3425 2 2 4 1 1525 1314 1951
3426 2 2 4 1 1593 1044 2025
3427 2 2 4 1 54 53 770
3428 2 2 4 1 617 1162 1886
3429 2 2 4 1 750 751 753
3430 2 2 4 1 417 416 418
3431 2 2 4 1 1863 1267 2136
3432 2 2 4 1 555 432 556
3433 2 2 4 1 842 844 1966
3434 2 2 4 1 1049 1050 1051
3435 2 2 4 1 1149 1147 2004
3436 2 2 4 1 434 433 523
3437 2 2 4 1 1677 2033 2255
3438 2 2 4 1 970 1183 1184
3439 2 2 4 1 957 2095 2355
3440 2 2 4 1 355 356 572
3441 2 2 4 1 932 933 1119
3442 2 2 4 1 1527 886 2183
3443 2 2 4 1 254 244 1944
3444 2 2 4 1 180 2116 2219
3445 2 2 4 1 220 216 1938
3446 2 2 4 1 1119 1386 1601
3447 2 2 4 1 1286 1353 1729
3448 2 2 4 1 1125 775 1795
3449 2 2 4 1 1541 1876 2227
3450 2 2 4 1 195 193 1920
3451 2 2 4 1 2127 529 2383
3452 2 2 4 1 1190 1638 2322
3453 2 2 4 1 726 1562 2101
3454 2 2 4 1 730 731 732
3455 2 2 4 1 419 418 420
3456 2 2 4 1 1001 900 1912
3457 2 2 4 1 699 215 1957
3458 2 2 4 1 2122 1442 2288
3459 2 2 4 1 540 709 2323
3460 2 2 4 1 1184 1409 1410
3461 2 2 4 1 1370 1652 2065
3462 2 2 4 1 1311 1310 1312
3463 2 2 4 1 4 30 1379
3464 2 2 4 1 1854 1038 2352
3465 2 2 4 1 362 439 1887
3466 2 2 4 1 695 693 2073
3467 2 2 4 1 835 983 984
3468 2 2 4 1 388 385 2059
3469 2 2 4 1 1989 1407 2078
3470 2 2 4 1 872 932 1863
3471 2 2 4 1 50 49 766
3472 2 2 4 1 19 3 1048
3473 2 2 4 1 945 958 2207
3474 2 2 4 1 193 214 1920
3475 2 2 4 1 199 197 1922
3476 2 2 4 1 1871 1370 2065
3477 2 2 4 1 261 187 1893
3478 2 2 4 1 273 271 2044
3479 2 2 4 1 328 500 2067
3480 2 2 4 1 2108 957 2355
3481 2 2 4 1 263 230 1883
3482 2 2 4 1 768 583 1736
3483 2 2 4 1 1351 1349 2009
3484 2 2 4 1 1070 1072 1924
3485 2 2 4 1 7 42 954
3486 2 2 4 1 654 682 1911
3487 2 2 4 1 855 1031 1959
3488 2 2 4 1 501 330 1008
3489 2 2 4 1 844 845 846
3490 2 2 4 1 57 56 995
3491 2 2 4 1 1873 74 2176
3492 2 2 4 1 1427 1465 2306
3493 2 2 4 1 244 242 1944
3494 2 2 4 1 1862 965 1952
3495 2 2 4 1 573 572 574
3496 2 2 4 1 1165 921 2091
3497 2 2 4 1 189 641 1929
3498 2 2 4 1 1733 1665 2066
3499 2 2 4 1 900 967 1912
3500 2 2 4 1 1821 715 2079
3501 2 2 4 1 732 733 897
3502 2 2 4 1 681 764 1947
3503 2 2 4 1 1367 1189 1928
3504 2 2 4 1 726 1526 2316
3505 2 2 4 1 892 1219 2030
3506 2 2 4 1 748 747 749
3507 2 2 4 1 1357 582 2075
3508 2 2 4 1 829 574 887
3509 2 2 4 1 1209 731 2357
3510 2 2 4 1 826 853 2197
3511 2 2 4 1 815 813 817
3512 2 2 4 1 129 2086 2247
3513 2 2 4 1 1573 1698 2118
3514 2 2 4 1 171 1807 1895
3515 2 2 4 1 35 1239 1449
3516 2 2 4 1 975 1634 1787
3517 2 2 4 1 521 492 1930
3518 2 2 4 1 1591 811 2020
3519 2 2 4 1 415 416 417
3520 2 2 4 1 1315 1692 2216
3521 2 2 4 1 684 525 1942
3522 2 2 4 1 482 484 485
3523 2 2 4 1 224 222 1937
3524 2 2 4 1 476 514 1790
3525 2 2 4 1 1290 1801 1969
3526 2 2 4 1 218 173 1895
3527 2 2 4 1 1036 1506 1507
3528 2 2 4 1 238 248 1902
3529 2 2 4 1 1164 1957 2192
3530 2 2 4 1 1500 1282 2321
3531 2 2 4 1 485 486 513
3532 2 2 4 1 1044 22 1365
3533 2 2 4 1 17 16 875
3534 2 2 4 1 932 931 933
3535 2 2 4 1 353 354 355
3536 2 2 4 1 1728 2145 2374
3537 2 2 4 1 213 181 1925
3538 2 2 4 1 1135 1137 1995
3539 2 2 4 1 842 843 844
3540 2 2 4 1 1189 1659 1928
3541 2 2 4 1 425 1860 2271
3542 2 2 4 1 524 523 742
3543 2 2 4 1 976 1379 1380
3544 2 2 4 1 1003 1215 1984
3545 2 2 4 1 1331 1612 2310
3546 2 2 4 1 918 1168 2117
3547 2 2 4 1 1085 903 1915
3548 2 2 4 1 745 743 941
3549 2 2 4 1 746 745 747
3550 2 2 4 1 1452 1092 1461
3551 2 2 4 1 964 1285 1290
3552 2 2 4 1 1921 1618 2155
3553 2 2 4 1 857 1011 1915
3554 2 2 4 1 815 817 818
3555 2 2 4 1 683 1133 2010
3556 2 2 4 1 844 843 845
3557 2 2 4 1 56 55 1635
3558 2 2 4 1 1054 1363 1364
3559 2 2 4 1 995 56 1635
3560 2 2 4 1 1644 1645 1646
3561 2 2 4 1 567 738 898
3562 2 2 4 1 451 449 1898
3563 2 2 4 1 1941 1161 2000
3564 2 2 4 1 434 523 524
3565 2 2 4 1 279 277 927
3566 2 2 4 1 658 652 2007
3567 2 2 4 1 1732 1230 2311
3568 2 2 4 1 1457 1456 2036
3569 2 2 4 1 1201 2002 2298
3570 2 2 4 1 1646 1645 1799
3571 2 2 4 1 1925 715 1926
3572 2 2 4 1 1161 926 2000
3573 2 2 4 1 1113 2135 2263
3574 2 2 4 1 585 1760 2018
3575 2 2 4 1 954 42 1387
3576 2 2 4 1 824 29 1384
3577 2 2 4 1 1287 1288 2191
3578 2 2 4 1 1544 2061 2233
3579 2 2 4 1 1042 1045 2123
3580 2 2 4 1 749 747 752
3581 2 2 4 1 760 536 1800
3582 2 2 4 1 42 41 1387
3583 2 2 4 1 525 625 1942
3584 2 2 4 1 1078 513 1079
3585 2 2 4 1 50 766 1412
3586 2 2 4 1 122 1882 2107
3587 2 2 4 1 1717 86 2299
3588 2 2 4 1 233 264 1936
3589 2 2 4 1 868 681 1947
3590 2 2 4 1 1023 285 1935
3591 2 2 4 1 912 1729 1730
3592 2 2 4 1 623 619 1886
3593 2 2 4 1 1345 1211 2183
3594 2 2 4 1 1193 1057 1194
3595 2 2 4 1 1905 801 2126
3596 2 2 4 1 417 418 419
3597 2 2 4 1 1735 1707 2070
3598 2 2 4 1 81 82 2069
3599 2 2 4 1 1991 874 2008
3600 2 2 4 1 1685 1062 2221
3601 2 2 4 1 418 421 2048
3602 2 2 4 1 51 50 1412
3603 2 2 4 1 1682 1265 1824
3604 2 2 4 1 664 662 1992
3605 2 2 4 1 197 705 1922
3606 2 2 4 1 1119 933 1386
3607 2 2 4 1 528 515 2003
3608 2 2 4 1 1717 1377 2338
3609 2 2 4 1 903 857 1915
3610 2 2 4 1 55 8 769
3611 2 2 4 1 1188 1195 1825
3612 2 2 4 1 913 748 2162
3613 2 2 4 1 1462 1392 1732
3614 2 2 4 1 1192 585 2018
3615 2 2 4 1 938 1247 1529
3616 2 2 4 1 676 868 2050
3617 2 2 4 1 1894 1893 2056
3618 2 2 4 1 209 199 1922
3619 2 2 4 1 958 969 2283
3620 2 2 4 1 1286 1194 1353
3621 2 2 4 1 1992 707 2295
3622 2 2 4 1 179 715 1925
3623 2 2 4 1 705 195 1920
3624 2 2 4 1 1473 1656 2247
3625 2 2 4 1 1219 1220 2232
3626 2 2 4 1 1755 1756 2300
3627 2 2 4 1 705 1725 2270
3628 2 2 4 1 936 1279 1970
3629 2 2 4 1 988 1213 1214
3630 2 2 4 1 754 1056 1057
3631 2 2 4 1 232 1839 2274
3632 2 2 4 1 83 84 2076
3633 2 2 4 1 834 633 1965
3634 2 2 4 1 1403 1404 1975
3635 2 2 4 1 385 383 2059
3636 2 2 4 1 2041 1988 2192
3637 2 2 4 1 417 1792 2031
3638 2 2 4 1 1947 1001 1948
3639 2 2 4 1 842 1966 2094
3640 2 2 4 1 54 770 1394
3641 2 2 4 1 737 220 1938
3642 2 2 4 1 1462 1732 2311
3643 2 2 4 1 656 677 2214
3644 2 2 4 1 708 240 1902
3645 2 2 4 1 341 343 502
3646 2 2 4 1 345 347 1018
3647 2 2 4 1 1702 1358 1934
3648 2 2 4 1 1916 758 1917
3649 2 2 4 1 955 917 2055
3650 2 2 4 1 175 218 2079
3651 2 2 4 1 55 769 1635
3652 2 2 4 1 517 506 884
3653 2 2 4 1 1288 1115 1289
3654 2 2 4 1 1611 1030 2137
3655 2 2 4 1 846 1993 2177
3656 2 2 4 1 514 478 1842
3657 2 2 4 1 285 287 1935
3658 2 2 4 1 2113 1685 2221
3659 2 2 4 1 753 751 754
3660 2 2 4 1 1305 2095 2218
3661 2 2 4 1 232 224 1937
3662 2 2 4 1 1072 1088 2273
3663 2 2 4 1 652 648 2007
3664 2 2 4 1 1291 1173 2347
3665 2 2 4 1 524 742 743
3666 2 2 4 1 1999 877 2282
3667 2 2 4 1 515 517 2003
3668 2 2 4 1 1188 924 1195
3669 2 2 4 1 1641 1075 2265
3670 2 2 4 1 215 210 1957
3671 2 2 4 1 454 451 1898
3672 2 2 4 1 500 505 2140
3673 2 2 4 1 802 1326 1978
3674 2 2 4 1 46 999 1478
3675 2 2 4 1 1068 1026 2277
3676 2 2 4 1 1499 1242 2292
3677 2 2 4 1 988 1124 1213
3678 2 2 4 1 714 940 2150
3679 2 2 4 1 1899 664 1992
3680 2 2 4 1 1493 2054 2081
3681 2 2 4 1 1704 2109 2148
3682 2 2 4 1 1658 1012 2378
3683 2 2 4 1 31 976 1699
3684 2 2 4 1 250 166 2124
3685 2 2 4 1 1503 518 2021
3686 2 2 4 1 242 708 1944
3687 2 2 4 1 1775 1776 2164
3688 2 2 4 1 183 213 2056
3689 2 2 4 1 1265 1785 2240
3690 2 2 4 1 1913 1783 2196
3691 2 2 4 1 324 326 2289
3692 2 2 4 1 1380 1379 1444
3693 2 2 4 1 754 1193 2087
3694 2 2 4 1 1237 865 1855
3695 2 2 4 1 8 54 1394
3696 2 2 4 1 137 68 2259
3697 2 2 4 1 329 339 1927
3698 2 2 4 1 883 719 2051
3699 2 2 4 1 818 819 820
3700 2 2 4 1 1052 1205 2234
3701 2 2 4 1 1335 1911 2103
3702 2 2 4 1 461 1748 2097
3703 2 2 4 1 1208 1346 1832
3704 2 2 4 1 761 2110 2204
3705 2 2 4 1 1692 1315 2217
3706 2 2 4 1 563 697 2000
3707 2 2 4 1 825 822 957
3708 2 2 4 1 127 1759 2174
3709 2 2 4 1 637 2217 2320
3710 2 2 4 1 14 13 979
3711 2 2 4 1 1654 2361 2372
3712 2 2 4 1 1727 349 2395
3713 2 2 4 1 423 1318 1319
3714 2 2 4 1 781 259 2002
3715 2 2 4 1 1051 1141 1991
3716 2 2 4 1 2275 733 2377
3717 2 2 4 1 2111 1140 2375
3718 2 2 4 1 1678 862 1679
3719 2 2 4 1 1271 2226 2290
3720 2 2 4 1 185 183 2056
3721 2 2 4 1 1217 1907 2350
3722 2 2 4 1 291 293 2068
3723 2 2 4 1 1343 1342 2297
3724 2 2 4 1 383 2045 2059
3725 2 2 4 1 1056 2104 2241
3726 2 2 4 1 1350 1939 1941
3727 2 2 4 1 210 211 1957
3728 2 2 4 1 1573 1572 2376
3729 2 2 4 1 1691 1262 2040
3730 2 2 4 1 256 258 2002
3731 2 2 4 1 934 1155 2363
3732 2 2 4 1 1090 1092 1452
3733 2 2 4 1 1789 551 2094
3734 2 2 4 1 1794 1307 2252
3735 2 2 4 1 1707 1706 1708
3736 2 2 4 1 1362 1945 2132
3737 2 2 4 1 1244 1057 1962
3738 2 2 4 1 1654 178 2219
3739 2 2 4 1 1971 1261 1972
3740 2 2 4 1 1933 1932 1934
3741 2 2 4 1 1045 1049 2123
3742 2 2 4 1 1880 1130 2128
3743 2 2 4 1 502 343 503
3744 2 2 4 1 674 676 2050
3745 2 2 4 1 1627 1628 2253
3746 2 2 4 1 634 636 1903
3747 2 2 4 1 222 737 1937
3748 2 2 4 1 1230 1732 2062
3749 2 2 4 1 1018 1339 1340
3750 2 2 4 1 700 672 2202
3751 2 2 4 1 1729 1353 1818
3752 2 2 4 1 207 205 1979
3753 2 2 4 1 557 1706 1707
3754 2 2 4 1 1286 1729 2152
3755 2 2 4 1 211 207 1979
3756 2 2 4 1 1824 1420 2092
3757 2 2 4 1 885 884 919
3758 2 2 4 1 1919 374 2167
3759 2 2 4 1 1040 20 1366
3760 2 2 4 1 2125 143 2313
3761 2 2 4 1 1799 1916 1917
3762 2 2 4 1 1548 1071 2165
3763 2 2 4 1 920 919 921
3764 2 2 4 1 870 1009 2052
3765 2 2 4 1 203 201 1983
3766 2 2 4 1 128 1717 2338
3767 2 2 4 1 920 921 1066
3768 2 2 4 1 393 402 1949
3769 2 2 4 1 419 420 504
3770 2 2 4 1 517 884 885
3771 2 2 4 1 801 799 2126
3772 2 2 4 1 826 852 853
3773 2 2 4 1 818 817 819
3774 2 2 4 1 1406 2073 2246
3775 2 2 4 1 1564 1369 2387
3776 2 2 4 1 1018 347 1339
3777 2 2 4 1 1547 336 2136
3778 2 2 4 1 767 1412 1413
3779 2 2 4 1 840 753 2087
3780 2 2 4 1 1718 1234 2116
3781 2 2 4 1 750 749 751
3782 2 2 4 1 769 8 1394
3783 2 2 4 1 523 433 1963
3784 2 2 4 1 1745 1338 2182
3785 2 2 4 1 1280 902 1970
3786 2 2 4 1 1142 890 1848
3787 2 2 4 1 631 1180 1965
3788 2 2 4 1 44 43 1021
3789 2 2 4 1 1342 1955 2297
3790 2 2 4 1 349 289 2395
3791 2 2 4 1 2031 1647 2282
3792 2 2 4 1 739 2017 2038
3793 2 2 4 1 1781 467 2039
3794 2 2 4 1 259 256 2002
3795 2 2 4 1 461 458 1747
3796 2 2 4 1 820 819 925
3797 2 2 4 1 1460 2057 2058
3798 2 2 4 1 258 252 2061
3799 2 2 4 1 885 919 920
3800 2 2 4 1 1066 921 1165
3801 2 2 4 1 767 1413 1604
3802 2 2 4 1 1670 1345 2088
3803 2 2 4 1 1759 1758 2174
3804 2 2 4 1 984 983 1036
3805 2 2 4 1 1728 625 2248
3806 2 2 4 1 928 1812 2366
3807 2 2 4 1 552 550 1906
3808 2 2 4 1 1208 1003 1346
3809 2 2 4 1 1002 1003 1208
3810 2 2 4 1 1308 1034 2328
3811 2 2 4 1 1645 1647 2296
3812 2 2 4 1 394 1949 1950
3813 2 2 4 1 1955 1940 2138
3814 2 2 4 1 1342 974 2380
3815 2 2 4 1 1773 1171 2020
3816 2 2 4 1 262 1987 2114
3817 2 2 4 1 1656 129 2247
3818 2 2 4 1 1989 2078 2166
3819 2 2 4 1 1516 580 2102
3820 2 2 4 1 1279 1084 2256
3821 2 2 4 1 1799 757 1916
3822 2 2 4 1 593 1357 1358
3823 2 2 4 1 394 393 1949
3824 2 2 4 1 201 209 1983
3825 2 2 4 1 1708 1710 1711
3826 2 2 4 1 769 1395 1396
3827 2 2 4 1 1558 2111 2375
3828 2 2 4 1 1044 1365 2025
3829 2 2 4 1 1893 185 2056
3830 2 2 4 1 32 31 1699
3831 2 2 4 1 1175 1202 2038
3832 2 2 4 1 887 1261 1971
3833 2 2 4 1 715 177 2079
3834 2 2 4 1 1698 1675 2118
3835 2 2 4 1 1980 250 2124
3836 2 2 4 1 962 1253 1996
3837 2 2 4 1 1375 1126 2186
3838 2 2 4 1 592 448 2026
3839 2 2 4 1 177 175 2079
3840 2 2 4 1 1214 1213 2017
3841 2 2 4 1 518 503 519
3842 2 2 4 1 1722 2117 2315
3843 2 2 4 1 1198 1625 2083
3844 2 2 4 1 902 851 1970
3845 2 2 4 1 770 53 1397
3846 2 2 4 1 502 503 518
3847 2 2 4 1 1850 1852 2345
3848 2 2 4 1 1948 1001 2196
3849 2 2 4 1 1938 1140 2111
3850 2 2 4 1 910 840 911
3851 2 2 4 1 741 203 1983
3852 2 2 4 1 633 631 1965
3853 2 2 4 1 448 445 2026
3854 2 2 4 1 1911 682 2103
3855 2 2 4 1 1218 1921 2155
3856 2 2 4 1 1998 1639 2292
3857 2 2 4 1 1314 1896 1951
3858 2 2 4 1 1719 2220 2314
3859 2 2 4 1 330 329 1927
3860 2 2 4 1 287 349 1935
3861 2 2 4 1 1177 461 2097
3862 2 2 4 1 518 519 698
3863 2 2 4 1 897 1090 1091
3864 2 2 4 1 374 1827 2167
3865 2 2 4 1 1013 1054 1207
3866 2 2 4 1 126 1775 2164
3867 2 2 4 1 693 711 2073
3868 2 2 4 1 1002 777 1003
3869 2 2 4 1 1929 1178 2143
3870 2 2 4 1 1640 1573 2118
3871 2 2 4 1 778 779 988
3872 2 2 4 1 948 1968 2220
3873 2 2 4 1 1 36 972
3874 2 2 4 1 347 348 2047
3875 2 2 4 1 1393 975 2197
3876 2 2 4 1 1738 1035 2211
3877 2 2 4 1 1181 1099 1577
3878 2 2 4 1 348 353 2047
3879 2 2 4 1 1451 1239 2001
3880 2 2 4 1 925 819 2043
3881 2 2 4 1 1162 1789 2094
3882 2 2 4 1 725 728 734
3883 2 2 4 1 813 812 1996
3884 2 2 4 1 1741 1467 2244
3885 2 2 4 1 1012 1010 2378
3886 2 2 4 1 1431 1992 2295
3887 2 2 4 1 1179 998 2144
3888 2 2 4 1 572 356 2033
3889 2 2 4 1 2239 245 2260
3890 2 2 4 1 775 777 1002
3891 2 2 4 1 1013 776 1054
3892 2 2 4 1 205 741 1979
3893 2 2 4 1 557 1707 1735
3894 2 2 4 1 1875 1755 2300
3895 2 2 4 1 1008 330 1927
3896 2 2 4 1 1235 2015 2204
3897 2 2 4 1 1175 911 1202
3898 2 2 4 1 1196 1797 2024
3899 2 2 4 1 1119 1601 2254
3900 2 2 4 1 698 519 776
3901 2 2 4 1 485 1078 2022
3902 2 2 4 1 1704 1703 2109
3903 2 2 4 1 18 17 2042
3904 2 2 4 1 971 733 2275
3905 2 2 4 1 1897 1851 2243
3906 2 2 4 1 877 415 2031
3907 2 2 4 1 773 1940 2380
3908 2 2 4 1 74 75 2176
3909 2 2 4 1 946 829 1971
3910 2 2 4 1 17 875 2042
3911 2 2 4 1 1577 1097 1810
3912 2 2 4 1 698 776 1013
3913 2 2 4 1 214 1929 2143
3914 2 2 4 1 646 650 2238
3915 2 2 4 1 627 778 780
3916 2 2 4 1 1271 1199 2226
3917 2 2 4 1 1889 1961 2193
3918 2 2 4 1 246 254 2368
3919 2 2 4 1 851 936 1970
3920 2 2 4 1 420 418 2048
3921 2 2 4 1 33 32 864
3922 2 2 4 1 770 1398 2013
3923 2 2 4 1 1834 1627 2253
3924 2 2 4 1 507 420 2317
3925 2 2 4 1 875 1419 2042
3926 2 2 4 1 402 407 1982
3927 2 2 4 1 591 639 2053
3928 2 2 4 1 1774 143 2125
3929 2 2 4 1 1227 1051 1228
3930 2 2 4 1 1578 2048 2224
3931 2 2 4 1 1092 971 1994
3932 2 2 4 1 166 164 2124
3933 2 2 4 1 1699 1381 1700
3934 2 2 4 1 15 14 1434
3935 2 2 4 1 984 1036 1089
3936 2 2 4 1 1285 1284 2154
3937 2 2 4 1 1888 1124 2131
3938 2 2 4 1 1375 2190 2225
3939 2 2 4 1 2001 864 2184
3940 2 2 4 1 1175 2038 2278
3941 2 2 4 1 1236 1743 1978
3942 2 2 4 1 1423 1835 2269
3943 2 2 4 1 1083 1256 1257
3944 2 2 4 1 1125 1796 2268
3945 2 2 4 1 1199 1198 2083
3946 2 2 4 1 559 626 775
3947 2 2 4 1 1647 1792 2296
3948 2 2 4 1 2092 1420 2264
3949 2 2 4 1 769 1394 1395
3950 2 2 4 1 763 1190 2322
3951 2 2 4 1 1216 454 1898
3952 2 2 4 1 1275 1798 1997
3953 2 2 4 1 2032 1219 2232
3954 2 2 4 1 1797 702 2024
3955 2 2 4 1 339 341 1967
3956 2 2 4 1 1983 1616 2385
3957 2 2 4 1 2200 960 2360
3958 2 2 4 1 858 852 1224
3959 2 2 4 1 2214 1713 2238
3960 2 2 4 1 1823 1701 2353
3961 2 2 4 1 1669 1016 2149
3962 2 2 4 1 1048 3 1415
3963 2 2 4 1 1323 1962 2241
3964 2 2 4 1 1913 1367 2336
3965 2 2 4 1 1458 1457 2166
3966 2 2 4 1 471 475 2016
3967 2 2 4 1 776 519 2332
3968 2 2 4 1 898 1975 2058
3969 2 2 4 1 1847 1146 2232
3970 2 2 4 1 1241 1237 1994
3971 2 2 4 1 1313 1315 2216
3972 2 2 4 1 336 1585 2136
3973 2 2 4 1 817 813 1996
3974 2 2 4 1 1105 2099 2303
3975 2 2 4 1 1517 1518 2379
3976 2 2 4 1 1007 918 2117
3977 2 2 4 1 1807 250 2054
3978 2 2 4 1 1617 1922 2270
3979 2 2 4 1 1737 2141 2142
3980 2 2 4 1 897 971 1090
3981 2 2 4 1 1225 1829 2112
3982 2 2 4 1 494 1685 2113
3983 2 2 4 1 1842 480 2022
3984 2 2 4 1 46 45 999
3985 2 2 4 1 1277 1275 1997
3986 2 2 4 1 1134 1254 2086
3987 2 2 4 1 1398 1604 2356
3988 2 2 4 1 2103 1121 2222
3989 2 2 4 1 1115 883 2051
3990 2 2 4 1 1824 1265 2240
3991 2 2 4 1 1855 865 1856
3992 2 2 4 1 2157 1061 2306
3993 2 2 4 1 426 361 2340
3994 2 2 4 1 475 1791 2016
3995 2 2 4 1 1993 2135 2177
3996 2 2 4 1 1049 1051 1227
3997 2 2 4 1 480 482 2022
3998 2 2 4 1 106 107 2203
3999 2 2 4 1 1945 1361 2065
4000 2 2 4 1 1301 981 2257
4001 2 2 4 1 1555 1959 2156
4002 2 2 4 1 2208 1240 2209
4003 2 2 4 1 1964 1203 2041
4004 2 2 4 1 1729 912 2152
4005 2 2 4 1 1414 1481 2029
4006 2 2 4 1 682 880 2103
4007 2 2 4 1 1572 1981 2376
4008 2 2 4 1 1851 1850 2345
4009 2 2 4 1 1883 228 2274
4010 2 2 4 1 226 232 2274
4011 2 2 4 1 829 887 1971
4012 2 2 4 1 2080 1319 2098
4013 2 2 4 1 1056 751 2104
4014 2 2 4 1 835 984 2027
4015 2 2 4 1 35 34 1239
4016 2 2 4 1 400 1621 2121
4017 2 2 4 1 391 394 2120
4018 2 2 4 1 1647 1731 2282
4019 2 2 4 1 1436 979 1908
4020 2 2 4 1 1237 1855 1994
4021 2 2 4 1 775 626 777
4022 2 2 4 1 1771 1156 2085
4023 2 2 4 1 552 1906 2334
4024 2 2 4 1 293 345 2068
4025 2 2 4 1 1413 1412 1496
4026 2 2 4 1 211 1979 2041
4027 2 2 4 1 1658 1166 2165
4028 2 2 4 1 356 358 2033
4029 2 2 4 1 1801 1290 2312
4030 2 2 4 1 243 245 2239
4031 2 2 4 1 407 434 1982
4032 2 2 4 1 1294 1293 2160
4033 2 2 4 1 1618 1028 2155
4034 2 2 4 1 2019 1516 2180
4035 2 2 4 1 504 420 507
4036 2 2 4 1 218 1895 2272
4037 2 2 4 1 1009 1423 2269
4038 2 2 4 1 882 1679 2171
4039 2 2 4 1 812 962 1996
4040 2 2 4 1 277 273 2044
4041 2 2 4 1 1496 766 1946
4042 2 2 4 1 1589 1684 2388
4043 2 2 4 1 2043 819 2326
4044 2 2 4 1 1835 1423 2381
4045 2 2 4 1 1409 1183 2369
4046 2 2 4 1 1968 1390 2220
4047 2 2 4 1 766 49 1414
4048 2 2 4 1 445 1598 2026
4049 2 2 4 1 1440 954 2225
4050 2 2 4 1 511 558 559
4051 2 2 4 1 125 2166 2309
4052 2 2 4 1 1346 1003 1984
4053 2 2 4 1 777 626 1973
4054 2 2 4 1 1266 1232 2352
4055 2 2 4 1 1932 1702 1934
4056 2 2 4 1 14 979 1434
4057 2 2 4 1 1452 1461 2035
4058 2 2 4 1 1655 1351 2138
4059 2 2 4 1 1210 1566 2349
4060 2 2 4 1 775 1002 1795
4061 2 2 4 1 1824 2092 2351
4062 2 2 4 1 859 860 861
4063 2 2 4 1 1253 1235 2110
4064 2 2 4 1 45 44 1441
4065 2 2 4 1 1141 1682 1991
4066 2 2 4 1 1378 1515 2193
4067 2 2 4 1 593 582 1357
4068 2 2 4 1 1940 1342 2380
4069 2 2 4 1 941 743 2011
4070 2 2 4 1 473 471 2016
4071 2 2 4 1 991 768 1736
4072 2 2 4 1 911 840 2087
4073 2 2 4 1 1815 1362 2132
4074 2 2 4 1 1466 1742 2157
4075 2 2 4 1 875 16 1417
4076 2 2 4 1 710 1884 2280
4077 2 2 4 1 1646 1919 2167
4078 2 2 4 1 1097 993 1098
4079 2 2 4 1 1021 43 1440
4080 2 2 4 1 1196 2178 2258
4081 2 2 4 1 1882 1805 2107
4082 2 2 4 1 467 469 2039
4083 2 2 4 1 2273 1088 2389
4084 2 2 4 1 772 773 2380
4085 2 2 4 1 910 1888 2237
4086 2 2 4 1 1873 1260 2313
4087 2 2 4 1 508 510 511
4088 2 2 4 1 930 714 2150
4089 2 2 4 1 1604 1413 1976
4090 2 2 4 1 1178 1813 2367
4091 2 2 4 1 742 964 2011
4092 2 2 4 1 1450 1451 1830
4093 2 2 4 1 716 532 2242
4094 2 2 4 1 1676 1366 2063
4095 2 2 4 1 13 1 1908
4096 2 2 4 1 530 1512 2147
4097 2 2 4 1 1228 1051 1991
4098 2 2 4 1 1407 1989 2125
4099 2 2 4 1 845 938 1993
4100 2 2 4 1 34 33 2001
4101 2 2 4 1 1784 1013 2091
4102 2 2 4 1 846 845 1993
4103 2 2 4 1 1711 922 2213
4104 2 2 4 1 559 558 626
4105 2 2 4 1 125 1989 2166
4106 2 2 4 1 730 732 960
4107 2 2 4 1 551 842 2094
4108 2 2 4 1 151 1185 2215
4109 2 2 4 1 514 1842 2179
4110 2 2 4 1 1058 1085 2361
4111 2 2 4 1 1000 1128 2006
4112 2 2 4 1 504 507 508
4113 2 2 4 1 86 87 2299
4114 2 2 4 1 140 1913 2336
4115 2 2 4 1 245 247 2260
4116 2 2 4 1 822 820 2064
4117 2 2 4 1 469 473 2039
4118 2 2 4 1 864 32 1699
4119 2 2 4 1 1985 960 2189
4120 2 2 4 1 110 111 2354
4121 2 2 4 1 1943 1257 2082
4122 2 2 4 1 358 365 2033
4123 2 2 4 1 1158 1455 2148
4124 2 2 4 1 1418 1566 2264
4125 2 2 4 1 2007 648 2238
4126 2 2 4 1 537 540 2323
4127 2 2 4 1 861 860 882
4128 2 2 4 1 1183 959 2212
4129 2 2 4 1 1690 839 2291
4130 2 2 4 1 1234 1233 2116
4131 2 2 4 1 1918 1125 2268
4132 2 2 4 1 511 510 558
4133 2 2 4 1 2098 1320 2099
4134 2 2 4 1 6 48 1481
4135 2 2 4 1 211 2041 2192
4136 2 2 4 1 1726 1244 2302
4137 2 2 4 1 1449 1450 1474
4138 2 2 4 1 48 47 1153
4139 2 2 4 1 135 1889 2193
4140 2 2 4 1 1155 1861 2261
4141 2 2 4 1 636 635 2027
4142 2 2 4 1 2002 258 2298
4143 2 2 4 1 1192 2145 2248
4144 2 2 4 1 508 507 510
4145 2 2 4 1 415 417 2031
4146 2 2 4 1 922 2070 2213
4147 2 2 4 1 874 1682 2351
4148 2 2 4 1 964 1290 2011
4149 2 2 4 1 360 425 2271
4150 2 2 4 1 635 835 2027
4151 2 2 4 1 1227 1228 2101
4152 2 2 4 1 1373 406 2201
4153 2 2 4 1 938 1529 1993
4154 2 2 4 1 2242 1651 2285
4155 2 2 4 1 1927 339 1967
4156 2 2 4 1 157 1741 2244
4157 2 2 4 1 1732 1479 2062
4158 2 2 4 1 1962 1056 2241
4159 2 2 4 1 1396 1395 2049
4160 2 2 4 1 1949 402 1982
4161 2 2 4 1 1924 191 2305
4162 2 2 4 1 335 1587 2154
4163 2 2 4 1 853 858 859
4164 2 2 4 1 518 698 2021
4165 2 2 4 1 752 747 2089
4166 2 2 4 1 1456 1333 2393
4167 2 2 4 1 462 567 2057
4168 2 2 4 1 575 1726 2302
4169 2 2 4 1 1879 1248 2287
4170 2 2 4 1 1765 1904 2392
4171 2 2 4 1 503 343 2070
4172 2 2 4 1 522 1216 2236
4173 2 2 4 1 1049 1227 2123
4174 2 2 4 1 2009 1349 2339
4175 2 2 4 1 979 13 1908
4176 2 2 4 1 1835 1212 2269
4177 2 2 4 1 976 1380 1381
4178 2 2 4 1 432 350 2286
4179 2 2 4 1 1579 296 2195
4180 2 2 4 1 1487 1484 2301
4181 2 2 4 1 2305 1385 2325
4182 2 2 4 1 1907 982 2350
4183 2 2 4 1 1040 1366 1676
4184 2 2 4 1 528 2003 2242
4185 2 2 4 1 674 2050 2202
4186 2 2 4 1 706 1900 2333
4187 2 2 4 1 1339 347 2047
4188 2 2 4 1 44 1021 1441
4189 2 2 4 1 1825 1195 2137
4190 2 2 4 1 2057 898 2058
4191 2 2 4 1 2120 394 2364
4192 2 2 4 1 1304 1840 2287
4193 2 2 4 1 1811 2077 2315
4194 2 2 4 1 301 1579 2139
4195 2 2 4 1 1231 2049 2276
4196 2 2 4 1 1506 2120 2364
4197 2 2 4 1 988 1214 2370
4198 2 2 4 1 743 742 2011
4199 2 2 4 1 766 1414 1946
4200 2 2 4 1 1089 2096 2348
4201 2 2 4 1 824 1384 2151
4202 2 2 4 1 2078 1458 2166
4203 2 2 4 1 2073 711 2246
4204 2 2 4 1 1700 1891 2184
4205 2 2 4 1 1002 1208 2373
4206 2 2 4 1 482 485 2022
4207 2 2 4 1 1322 1313 2216
4208 2 2 4 1 2068 1727 2395
4209 2 2 4 1 875 1418 1419
4210 2 2 4 1 1644 1646 2167
4211 2 2 4 1 1839 1883 2274
4212 2 2 4 1 753 754 2087
4213 2 2 4 1 1855 1092 1994
4214 2 2 4 1 1247 1562 2316
4215 2 2 4 1 859 858 860
4216 2 2 4 1 1395 1394 2013
4217 2 2 4 1 1128 1429 2006
4218 2 2 4 1 2034 1266 2352
4219 2 2 4 1 258 2061 2084
4220 2 2 4 1 1013 1207 2091
4221 2 2 4 1 1450 1239 1451
4222 2 2 4 1 1289 1115 2051
4223 2 2 4 1 977 1933 1934
4224 2 2 4 1 1420 1824 2240
4225 2 2 4 1 884 506 2074
4226 2 2 4 1 820 925 2064
4227 2 2 4 1 1870 432 2286
4228 2 2 4 1 1914 1610 2107
4229 2 2 4 1 1230 1229 2071
4230 2 2 4 1 1912 1913 2196
4231 2 2 4 1 2015 1550 2204
4232 2 2 4 1 672 674 2202
4233 2 2 4 1 1040 1676 1958
4234 2 2 4 1 1190 1886 2245
4235 2 2 4 1 146 1780 2381
4236 2 2 4 1 1386 933 2231
4237 2 2 4 1 1130 986 2319
4238 2 2 4 1 143 1873 2313
4239 2 2 4 1 265 1798 2290
4240 2 2 4 1 532 528 2242
4241 2 2 4 1 2166 1457 2309
4242 2 2 4 1 341 502 1967
4243 2 2 4 1 1328 2012 2343
4244 2 2 4 1 927 277 2044
4245 2 2 4 1 1372 1801 2312
4246 2 2 4 1 1182 1282 2113
4247 2 2 4 1 817 1996 2326
4248 2 2 4 1 345 1018 2068
4249 2 2 4 1 2141 1437 2142
4250 2 2 4 1 927 1870 2286
4251 2 2 4 1 1 972 1908
4252 2 2 4 1 1097 1098 1810
4253 2 2 4 1 1976 1109 2356
4254 2 2 4 1 334 324 2289
4255 2 2 4 1 1022 998 1179
4256 2 2 4 1 1248 1304 2287
4257 2 2 4 1 1812 1542 2366
4258 2 2 4 1 853 852 858
4259 2 2 4 1 1714 1278 2229
4260 2 2 4 1 1731 1999 2282
4261 2 2 4 1 1810 1098 1932
4262 2 2 4 1 950 948 2220
4263 2 2 4 1 1654 2219 2361
4264 2 2 4 1 1799 1645 2296
4265 2 2 4 1 885 920 2251
4266 2 2 4 1 1390 796 2314
4267 2 2 4 1 1201 2298 2379
4268 2 2 4 1 1192 2018 2145
4269 2 2 4 1 1766 2050 2223
4270 2 2 4 1 291 2068 2395
4271 2 2 4 1 957 822 2064
4272 2 2 4 1 2086 1254 2247
4273 2 2 4 1 1263 1974 2304
4274 2 2 4 1 1212 2052 2269
4275 2 2 4 1 1150 1475 2308
4276 2 2 4 1 1817 140 2336
4277 2 2 4 1 1566 1210 2264
4278 2 2 4 1 770 1397 1398
4279 2 2 4 1 1240 1909 2130
4280 2 2 4 1 1465 2157 2306
4281 2 2 4 1 737 1938 2111
4282 2 2 4 1 1411 1410 2194
4283 2 2 4 1 1952 1487 2301
4284 2 2 4 1 33 864 2001
4285 2 2 4 1 1017 1196 2258
4286 2 2 4 1 2094 1966 2245
4287 2 2 4 1 1086 1976 2161
4288 2 2 4 1 1434 979 1435
4289 2 2 4 1 999 45 1441
4290 2 2 4 1 1827 1644 2167
4291 2 2 4 1 1980 1570 2081
4292 2 2 4 1 1780 1835 2381
4293 2 2 4 1 1964 741 2385
4294 2 2 4 1 2046 1498 2163
4295 2 2 4 1 723 725 2090
4296 2 2 4 1 1972 2235 2369
4297 2 2 4 1 1048 1415 1505
4298 2 2 4 1 1195 924 2105
4299 2 2 4 1 1221 1924 2305
4300 2 2 4 1 1989 1774 2125
4301 2 2 4 1 2235 1261 2258
4302 2 2 4 1 1756 1897 2243
4303 2 2 4 1 1684 1822 2388
4304 2 2 4 1 1562 726 2316
4305 2 2 4 1 168 1744 2252
4306 2 2 4 1 697 522 2236
4307 2 2 4 1 567 898 2057
4308 2 2 4 1 1336 1335 2222
4309 2 2 4 1 650 656 2214
4310 2 2 4 1 1267 1119 2254
4311 2 2 4 1 506 501 2074
4312 2 2 4 1 1154 1878 2333
4313 2 2 4 1 1449 1239 1450
4314 2 2 4 1 1961 1378 2193
4315 2 2 4 1 1505 1415 1785
4316 2 2 4 1 1239 34 2001
4317 2 2 4 1 1254 1473 2247
4318 2 2 4 1 1278 1953 2229
4319 2 2 4 1 2092 2093 2351
4320 2 2 4 1 2243 1155 2261
4321 2 2 4 1 1708 1711 2213
4322 2 2 4 1 501 1008 2074
4323 2 2 4 1 1864 710 2280
4324 2 2 4 1 279 927 2286
4325 2 2 4 1 745 941 2089
4326 2 2 4 1 924 760 2105
4327 2 2 4 1 1996 1253 2326
4328 2 2 4 1 648 646 2238
4329 2 2 4 1 1224 852 2108
4330 2 2 4 1 1010 2026 2378
4331 2 2 4 1 81 2069 2077
4332 2 2 4 1 1840 121 2287
4333 2 2 4 1 1335 2103 2222
4334 2 2 4 1 1959 1031 2156
4335 2 2 4 1 1971 1972 2212
4336 2 2 4 1 1474 1450 1803
4337 2 2 4 1 2048 421 2224
4338 2 2 4 1 1506 1907 2120
4339 2 2 4 1 1987 1471 2128
4340 2 2 4 1 1282 2028 2321
4341 2 2 4 1 972 36 1449
4342 2 2 4 1 1146 2032 2232
4343 2 2 4 1 1600 1980 2124
4344 2 2 4 1 1904 700 2392
4345 2 2 4 1 1878 706 2333
4346 2 2 4 1 2121 1246 2198
4347 2 2 4 1 1803 1283 2153
4348 2 2 4 1 2101 1228 2169
4349 2 2 4 1 1383 1382 1393
4350 2 2 4 1 1420 1418 2264
4351 2 2 4 1 1260 1405 2313
4352 2 2 4 1 749 752 2104
4353 2 2 4 1 580 627 2102
4354 2 2 4 1 1381 1380 1382
4355 2 2 4 1 700 2202 2392
4356 2 2 4 1 1091 1985 2189
4357 2 2 4 1 320 322 2371
4358 2 2 4 1 2226 1445 2290
4359 2 2 4 1 121 1879 2287
4360 2 2 4 1 864 1700 2184
4361 2 2 4 1 228 226 2274
4362 2 2 4 1 2197 853 2394
4363 2 2 4 1 1832 1346 2337
4364 2 2 4 1 1700 1383 1891
4365 2 2 4 1 1173 1773 2347
4366 2 2 4 1 1245 1690 2291
4367 2 2 4 1 933 1576 2231
4368 2 2 4 1 711 1865 2246
4369 2 2 4 1 1242 1998 2292
4370 2 2 4 1 1020 2122 2288
4371 2 2 4 1 1330 1857 2129
4372 2 2 4 1 747 745 2089
4373 2 2 4 1 1950 1507 2364
4374 2 2 4 1 1713 2007 2238
4375 2 2 4 1 1865 1864 2280
4376 2 2 4 1 1650 943 2251
4377 2 2 4 1 1153 47 1478
4378 2 2 4 1 1539 1538 2398
4379 2 2 4 1 1168 1811 2315
4380 2 2 4 1 2092 1209 2093
4381 2 2 4 1 1453 1955 2138
4382 2 2 4 1 1036 1507 2096
4383 2 2 4 1 1794 1163 2353
4384 2 2 4 1 1340 1339 2207
4385 2 2 4 1 707 1336 2295
4386 2 2 4 1 1096 1952 2301
4387 2 2 4 1 1435 979 1436
4388 2 2 4 1 1418 1417 1566
4389 2 2 4 1 1441 1021 1442
4390 2 2 4 1 760 1800 2105
4391 2 2 4 1 959 946 2212
4392 2 2 4 1 1576 2177 2231
4393 2 2 4 1 1666 1323 2241
4394 2 2 4 1 1578 1577 2206
4395 2 2 4 1 1001 1912 2196
4396 2 2 4 1 1381 1382 1383
4397 2 2 4 1 1144 1142 2134
4398 2 2 4 1 2227 928 2366
4399 2 2 4 1 1186 934 2363
4400 2 2 4 1 1957 211 2192
4401 2 2 4 1 350 279 2286
4402 2 2 4 1 1381 1383 1700
4403 2 2 4 1 1393 2197 2394
4404 2 2 4 1 960 1985 2360
4405 2 2 4 1 946 1971 2212
4406 2 2 4 1 365 360 2271
4407 2 2 4 1 1349 1347 2339
4408 2 2 4 1 751 749 2104
4409 2 2 4 1 48 1153 1481
4410 2 2 4 1 2050 1766 2202
4411 2 2 4 1 1162 2094 2245
4412 2 2 4 1 865 861 2158
4413 2 2 4 1 1034 1061 2328
4414 2 2 4 1 757 1799 2296
4415 2 2 4 1 1256 1391 2188
4416 2 2 4 1 1143 1745 2182
4417 2 2 4 1 1038 2034 2352
4418 2 2 4 1 853 859 2130
4419 2 2 4 1 1377 1376 2338
4420 2 2 4 1 1241 1994 2275
4421 2 2 4 1 2052 1009 2269
4422 2 2 4 1 2138 1351 2329
4423 2 2 4 1 627 780 2102
4424 2 2 4 1 289 291 2395
4425 2 2 4 1 1240 1891 1909
4426 2 2 4 1 1662 1181 2224
4427 2 2 4 1 1280 1987 2319
4428 2 2 4 1 2178 1438 2258
4429 2 2 4 1 1800 716 2175
4430 2 2 4 1 1891 1383 1909
4431 2 2 4 1 251 246 2368
4432 2 2 4 1 1261 1017 2258
4433 2 2 4 1 1502 2090 2163
4434 2 2 4 1 2050 868 2223
4435 2 2 4 1 1386 2231 2335
4436 2 2 4 1 571 1986 2106
4437 2 2 4 1 1371 2365 2387
4438 2 2 4 1 2143 1178 2367
4439 2 2 4 1 1479 1478 1480
4440 2 2 4 1 1062 1650 2221
4441 2 2 4 1 1281 1832 2337
4442 2 2 4 1 843 552 2334
4443 2 2 4 1 1985 1425 2360
4444 2 2 4 1 1988 1164 2192
4445 2 2 4 1 877 2031 2282
4446 2 2 4 1 1228 2008 2169
4447 2 2 4 1 1369 1371 2387
4448 2 2 4 1 2071 1229 2072
4449 2 2 4 1 1993 1529 2135
4450 2 2 4 1 1972 1261 2235
4451 2 2 4 1 1909 1393 2394
4452 2 2 4 1 1383 1393 1909
4453 2 2 4 1 1371 1704 2365
4454 2 2 4 1 897 1091 2189
4455 2 2 4 1 443 462 2390
4456 2 2 4 1 1453 2138 2329
4457 2 2 4 1 2298 1517 2379
4458 2 2 4 1 931 763 2322
4459 2 2 4 1 1228 1991 2008
4460 2 2 4 1 2186 1020 2288
4461 2 2 4 1 1089 1036 2096
4462 2 2 4 1 1598 1658 2378
4463 2 2 4 1 1404 1402 2210
4464 2 2 4 1 1419 1418 1420
4465 2 2 4 1 2325 1385 2372
4466 2 2 4 1 2220 1390 2314
4467 2 2 4 1 2128 1130 2319
4468 2 2 4 1 1886 1162 2245
4469 2 2 4 1 2095 1223 2355
4470 2 2 4 1 1388 1728 2374
4471 2 2 4 1 1861 878 2261
4472 2 2 4 1 1798 1271 2290
4473 2 2 4 1 1438 2235 2258
4474 2 2 4 1 861 882 2158
4475 2 2 4 1 993 991 2168
4476 2 2 4 1 2261 878 2300
4477 2 2 4 1 978 1737 2377
4478 2 2 4 1 1459 2273 2389
4479 2 2 4 1 725 734 2090
4480 2 2 4 1 1803 1450 1830
4481 2 2 4 1 1367 1928 2336
4482 2 2 4 1 875 1417 1418
4483 2 2 4 1 344 1956 2324
4484 2 2 4 1 2219 1233 2361
4485 2 2 4 1 852 825 2108
4486 2 2 4 1 943 885 2251
4487 2 2 4 1 825 957 2108
4488 2 2 4 1 2074 1008 2358
4489 2 2 4 1 1357 2075 2170
4490 2 2 4 1 1960 1411 2397
4491 2 2 4 1 803 1592 2310
4492 2 2 4 1 1142 1848 2134
4493 2 2 4 1 1196 2024 2178
4494 2 2 4 1 1856 865 2158
4495 2 2 4 1 1223 2119 2355
4496 2 2 4 1 1230 2071 2311
4497 2 2 4 1 1822 332 2388
4498 2 2 4 1 1105 2098 2099
4499 2 2 4 1 1756 2243 2261
4500 2 2 4 1 1233 1058 2361
4501 2 2 4 1 1966 1190 2245
4502 2 2 4 1 1199 2083 2226
4503 2 2 4 1 2003 1651 2242
4504 2 2 4 1 1257 1256 2188
4505 2 2 4 1 974 772 2380
4506 2 2 4 1 1435 1436 1437
4507 2 2 4 1 1507 1506 2364
4508 2 2 4 1 2235 266 2369
4509 2 2 4 1 1887 1192 2248
4510 2 2 4 1 2009 1447 2329
4511 2 2 4 1 2026 1598 2378
4512 2 2 4 1 2064 925 2218
4513 2 2 4 1 625 1887 2248
4514 2 2 4 1 734 728 2200
4515 2 2 4 1 2014 1398 2356
4516 2 2 4 1 986 1280 2319
4517 2 2 4 1 1180 2060 2198
4518 2 2 4 1 2110 1235 2204
4519 2 2 4 1 1396 2049 2330
4520 2 2 4 1 999 1441 1828
4521 2 2 4 1 2131 1179 2237
4522 2 2 4 1 1806 1340 2283
4523 2 2 4 1 2153 1436 2249
4524 2 2 4 1 1479 1480 2062
4525 2 2 4 1 2040 638 2294
4526 2 2 4 1 1221 2305 2325
4527 2 2 4 1 1953 740 2229
4528 2 2 4 1 878 1875 2300
4529 2 2 4 1 394 1950 2364
4530 2 2 4 1 1965 1180 2198
4531 2 2 4 1 1928 1817 2336
4532 2 2 4 1 2088 1345 2199
4533 2 2 4 1 1451 2001 2184
4534 2 2 4 1 728 730 2200
4535 2 2 4 1 2036 1456 2259
4536 2 2 4 1 2013 1222 2384
4537 2 2 4 1 819 817 2326
4538 2 2 4 1 2145 1150 2374
4539 2 2 4 1 1340 2207 2283
4540 2 2 4 1 1577 1810 2206
4541 2 2 4 1 1061 1931 2306
4542 2 2 4 1 2190 1375 2288
4543 2 2 4 1 1924 1072 2273
4544 2 2 4 1 2028 487 2321
4545 2 2 4 1 1232 1854 2352
4546 2 2 4 1 858 1224 2185
4547 2 2 4 1 1869 1201 2379
4548 2 2 4 1 1153 1478 1479
4549 2 2 4 1 1566 1435 2349
4550 2 2 4 1 1922 705 2270
4551 2 2 4 1 1140 1959 2375
4552 2 2 4 1 2116 1233 2219
4553 2 2 4 1 462 2057 2390
4554 2 2 4 1 1707 1708 2213
4555 2 2 4 1 1737 1241 2275
4556 2 2 4 1 1290 1285 2312
4557 2 2 4 1 1745 1143 2391
4558 2 2 4 1 1413 1496 2161
4559 2 2 4 1 1457 2036 2309
4560 2 2 4 1 1756 2261 2300
4561 2 2 4 1 1516 2102 2180
4562 2 2 4 1 1351 2009 2329
4563 2 2 4 1 1792 757 2296
4564 2 2 4 1 2218 925 2281
4565 2 2 4 1 1868 1263 2304
4566 2 2 4 1 1474 2153 2249
4567 2 2 4 1 2231 1317 2335
4568 2 2 4 1 258 2084 2298
4569 2 2 4 1 1915 1221 2325
4570 2 2 4 1 1098 993 2168
4571 2 2 4 1 2084 1517 2298
4572 2 2 4 1 860 858 2185
4573 2 2 4 1 1382 1380 2327
4574 2 2 4 1 732 897 2189
4575 2 2 4 1 1202 911 2307
4576 2 2 4 1 780 778 2370
4577 2 2 4 1 1995 1295 2383
4578 2 2 4 1 1150 2308 2374
4579 2 2 4 1 1288 1289 2318
4580 2 2 4 1 1067 2182 2396
4581 2 2 4 1 1888 1175 2278
4582 2 2 4 1 2057 1460 2390
4583 2 2 4 1 2070 1707 2213
4584 2 2 4 1 1976 1413 2161
4585 2 2 4 1 972 1449 1474
4586 2 2 4 1 730 960 2200
4587 2 2 4 1 1493 2081 2267
4588 2 2 4 1 519 922 2332
4589 2 2 4 1 1163 1823 2353
4590 2 2 4 1 1021 1440 2190
4591 2 2 4 1 2119 1224 2355
4592 2 2 4 1 991 1736 2168
4593 2 2 4 1 1179 2144 2237
4594 2 2 4 1 2130 1909 2394
4595 2 2 4 1 1214 2181 2370
4596 2 2 4 1 2181 780 2370
4597 2 2 4 1 1085 1915 2325
4598 2 2 4 1 1411 2194 2397
4599 2 2 4 1 1841 1389 2346
4600 2 2 4 1 960 732 2189
4601 2 2 4 1 1785 1419 2240
4602 2 2 4 1 2276 2049 2384
4603 2 2 4 1 1959 1555 2375
4604 2 2 4 1 1124 2072 2131
4605 2 2 4 1 2105 1800 2175
4606 2 2 4 1 778 988 2370
4607 2 2 4 1 1830 1451 2208
4608 2 2 4 1 1296 2140 2331
4609 2 2 4 1 925 2043 2281
4610 2 2 4 1 1380 1444 2327
4611 2 2 4 1 2177 1317 2231
4612 2 2 4 1 2087 1193 2307
4613 2 2 4 1 2029 1481 2284
4614 2 2 4 1 1441 1442 1828
4615 2 2 4 1 1436 1908 2249
4616 2 2 4 1 2082 1257 2344
4617 2 2 4 1 2092 2264 2342
4618 2 2 4 1 2134 821 2279
4619 2 2 4 1 752 2089 2293
4620 2 2 4 1 1061 2157 2328
4621 2 2 4 1 2135 1317 2177
4622 2 2 4 1 729 2093 2357
4623 2 2 4 1 1830 2208 2209
4624 2 2 4 1 1425 2046 2360
4625 2 2 4 1 2202 1766 2392
4626 2 2 4 1 1682 1824 2351
4627 2 2 4 1 1295 2127 2383
4628 2 2 4 1 1229 1022 2250
4629 2 2 4 1 570 1995 2383
4630 2 2 4 1 2049 1395 2384
4631 2 2 4 1 2194 1410 2260
4632 2 2 4 1 1179 2131 2250
4633 2 2 4 1 2205 1404 2210
4634 2 2 4 1 2157 1742 2328
4635 2 2 4 1 1375 2186 2288
4636 2 2 4 1 1244 1962 2302
4637 2 2 4 1 2099 1306 2303
4638 2 2 4 1 1737 2275 2377
4639 2 2 4 1 1908 972 2249
4640 2 2 4 1 2072 1229 2250
4641 2 2 4 1 1238 1830 2209
4642 2 2 4 1 1987 2128 2319
4643 2 2 4 1 741 1983 2385
4644 2 2 4 1 1481 1153 2284
4645 2 2 4 1 2093 874 2351
4646 2 2 4 1 911 2087 2307
4647 2 2 4 1 1249 2037 2359
4648 2 2 4 1 1578 2206 2317
4649 2 2 4 1 1283 2142 2153
4650 2 2 4 1 2184 1891 2208
4651 2 2 4 1 2131 2072 2250
4652 2 2 4 1 1022 1179 2250
4653 2 2 4 1 1691 2040 2294
4654 2 2 4 1 2071 1355 2311
4655 2 2 4 1 1222 2276 2384
4656 2 2 4 1 1224 2108 2355
4657 2 2 4 1 2207 958 2283
4658 2 2 4 1 2147 1243 2340
4659 2 2 4 1 1442 1021 2190
4660 2 2 4 1 516 2127 2331
4661 2 2 4 1 2093 1209 2357
4662 2 2 4 1 1994 971 2275
4663 2 2 4 1 2014 1109 2386
4664 2 2 4 1 1257 2188 2344
4665 2 2 4 1 853 2130 2394
4666 2 2 4 1 2096 1507 2341
4667 2 2 4 1 2233 251 2368
4668 2 2 4 1 1419 1420 2240
4669 2 2 4 1 1109 2014 2356
4670 2 2 4 1 2182 1338 2396
4671 2 2 4 1 1395 2013 2384
4672 2 2 4 1 2175 716 2285
4673 2 2 4 1 1611 2175 2285
4674 2 2 4 1 2037 568 2359
4675 2 2 4 1 450 2173 2262
4676 2 2 4 1 1085 2325 2372
4677 2 2 4 1 1795 1002 2373
4678 2 2 4 1 2049 1231 2330
4679 2 2 4 1 1451 2184 2208
4680 2 2 4 1 1687 2233 2368
4681 2 2 4 1 1435 1437 2349
4682 2 2 4 1 584 2082 2344
4683 2 2 4 1 2062 1480 2382
4684 2 2 4 1 1153 1479 2284
4685 2 2 4 1 1541 2227 2366
4686 2 2 4 1 2308 1388 2374
4687 2 2 4 1 2188 937 2344
4688 2 2 4 1 1888 2131 2237
4689 2 2 4 1 278 2205 2210
4690 2 2 4 1 2345 1186 2363
4691 2 2 4 1 1851 2345 2363
4692 2 2 4 1 972 1474 2249
4693 2 2 4 1 2194 255 2397
4694 2 2 4 1 2264 1210 2342
4695 2 2 4 1 2206 512 2317
4696 2 2 4 1 1230 2062 2382
4697 2 2 4 1 1259 2151 2391
4698 2 2 4 1 1209 2092 2342
4699 2 2 4 1 954 1387 2362
$EndElements
