Total Number of Conductors (N+1)= 3
Line Length= 2.54000E-01
Dielectric Constant of Medium= 1.00000E+00
Number of One-Way Time Delays= 47
Number of Solution Points per One-Way Delay= 63
Conductor Having Source Voltage, VS(t), (at near end)= 2
Conductor Having Load Voltage, VL(t), (at far end)= 2
Output Conductor = 1

RS( 1, 1)= 5.00000E+01     RL( 1, 1)= 5.00000E+01
RS( 1, 2)= 0.00000E+00     RL( 1, 2)= 0.00000E+00
RS( 2, 2)= 5.00000E+01     RL( 2, 2)= 5.00000E+01

L( 1, 1)= 1.11170E-06
L( 1, 2)= 6.93901E-07
L( 2, 2)= 1.38780E-06

          VS(t),VL(t) Specification
 NO.        TIME              VS              VL
  1      0.00000E+00      0.00000E+00      0.00000E+00
  2      6.25000E-09      1.00000E+00      0.00000E+00
  3      1.00000E-07      1.00000E+00      0.00000E+00

    TIME             VNE             VFE             VS             VL
 1.34485E-11     1.65353E-04     0.00000E+00     2.15175E-03     0.00000E+00
 2.68969E-11     3.30706E-04     0.00000E+00     4.30351E-03     0.00000E+00
 4.03454E-11     4.96059E-04     0.00000E+00     6.45526E-03     0.00000E+00
 5.37938E-11     6.61412E-04     0.00000E+00     8.60701E-03     0.00000E+00
 6.72423E-11     8.26766E-04     0.00000E+00     1.07588E-02     0.00000E+00
 8.06907E-11     9.92119E-04     0.00000E+00     1.29105E-02     0.00000E+00
 9.41392E-11     1.15747E-03     0.00000E+00     1.50623E-02     0.00000E+00
 1.07588E-10     1.32282E-03     0.00000E+00     1.72140E-02     0.00000E+00
 1.21036E-10     1.48818E-03     0.00000E+00     1.93658E-02     0.00000E+00
 1.34485E-10     1.65353E-03     0.00000E+00     2.15175E-02     0.00000E+00
 1.47933E-10     1.81888E-03     0.00000E+00     2.36693E-02     0.00000E+00
 1.61381E-10     1.98424E-03     0.00000E+00     2.58210E-02     0.00000E+00
 1.74830E-10     2.14959E-03     0.00000E+00     2.79728E-02     0.00000E+00
 1.88278E-10     2.31494E-03     0.00000E+00     3.01245E-02     0.00000E+00
 2.01727E-10     2.48030E-03     0.00000E+00     3.22763E-02     0.00000E+00
 2.15175E-10     2.64565E-03     0.00000E+00     3.44280E-02     0.00000E+00
 2.28624E-10     2.81100E-03     0.00000E+00     3.65798E-02     0.00000E+00
 2.42072E-10     2.97636E-03     0.00000E+00     3.87315E-02     0.00000E+00
 2.55521E-10     3.14171E-03     0.00000E+00     4.08833E-02     0.00000E+00
 2.68969E-10     3.30706E-03     0.00000E+00     4.30351E-02     0.00000E+00
 2.82418E-10     3.47242E-03     0.00000E+00     4.51868E-02     0.00000E+00
 2.95866E-10     3.63777E-03     0.00000E+00     4.73386E-02     0.00000E+00
 3.09314E-10     3.80312E-03     0.00000E+00     4.94903E-02     0.00000E+00
 3.22763E-10     3.96847E-03     0.00000E+00     5.16421E-02     0.00000E+00
 3.36211E-10     4.13383E-03     0.00000E+00     5.37938E-02     0.00000E+00
 3.49660E-10     4.29918E-03     0.00000E+00     5.59456E-02     0.00000E+00
 3.63108E-10     4.46453E-03     0.00000E+00     5.80973E-02     0.00000E+00
 3.76557E-10     4.62989E-03     0.00000E+00     6.02491E-02     0.00000E+00
 3.90005E-10     4.79524E-03     0.00000E+00     6.24008E-02     0.00000E+00
 4.03454E-10     4.96059E-03     0.00000E+00     6.45526E-02     0.00000E+00
 4.16902E-10     5.12595E-03     0.00000E+00     6.67044E-02     0.00000E+00
 4.30351E-10     5.29130E-03     0.00000E+00     6.88561E-02     0.00000E+00
 4.43799E-10     5.45665E-03     0.00000E+00     7.10079E-02     0.00000E+00
 4.57248E-10     5.62201E-03     0.00000E+00     7.31596E-02     0.00000E+00
 4.70696E-10     5.78736E-03     0.00000E+00     7.53114E-02     0.00000E+00
 4.84145E-10     5.95271E-03     0.00000E+00     7.74631E-02     0.00000E+00
 4.97593E-10     6.11807E-03     0.00000E+00     7.96149E-02     0.00000E+00
 5.11041E-10     6.28342E-03     0.00000E+00     8.17666E-02     0.00000E+00
 5.24490E-10     6.44877E-03     0.00000E+00     8.39184E-02     0.00000E+00
 5.37938E-10     6.61413E-03     0.00000E+00     8.60701E-02     0.00000E+00
 5.51387E-10     6.77948E-03     0.00000E+00     8.82219E-02     0.00000E+00
 5.64835E-10     6.94483E-03     0.00000E+00     9.03736E-02     0.00000E+00
 5.78284E-10     7.11019E-03     0.00000E+00     9.25254E-02     0.00000E+00
 5.91732E-10     7.27554E-03     0.00000E+00     9.46772E-02     0.00000E+00
 6.05181E-10     7.44089E-03     0.00000E+00     9.68289E-02     0.00000E+00
 6.18629E-10     7.60625E-03     0.00000E+00     9.89807E-02     0.00000E+00
 6.32078E-10     7.77160E-03     0.00000E+00     1.01132E-01     0.00000E+00
 6.45526E-10     7.93695E-03     0.00000E+00     1.03284E-01     0.00000E+00
 6.58975E-10     8.10231E-03     0.00000E+00     1.05436E-01     0.00000E+00
 6.72423E-10     8.26766E-03     0.00000E+00     1.07588E-01     0.00000E+00
 6.85871E-10     8.43301E-03     0.00000E+00     1.09739E-01     0.00000E+00
 6.99320E-10     8.59836E-03     0.00000E+00     1.11891E-01     0.00000E+00
 7.12768E-10     8.76372E-03     0.00000E+00     1.14043E-01     0.00000E+00
 7.26217E-10     8.92907E-03     0.00000E+00     1.16195E-01     0.00000E+00
 7.39665E-10     9.09442E-03     0.00000E+00     1.18346E-01     0.00000E+00
 7.53114E-10     9.25978E-03     0.00000E+00     1.20498E-01     0.00000E+00
 7.66562E-10     9.42513E-03     0.00000E+00     1.22650E-01     0.00000E+00
 7.80011E-10     9.59048E-03     0.00000E+00     1.24802E-01     0.00000E+00
 7.93459E-10     9.75584E-03     0.00000E+00     1.26953E-01     0.00000E+00
 8.06908E-10     9.92119E-03     0.00000E+00     1.29105E-01     0.00000E+00
 8.20356E-10     1.00865E-02     0.00000E+00     1.31257E-01     0.00000E+00
 8.33805E-10     1.02519E-02     0.00000E+00     1.33409E-01     0.00000E+00
 8.47253E-10     1.04172E-02     0.00000E+00     1.35560E-01     0.00000E+00
 8.60702E-10     1.05826E-02    -2.26948E-04     1.37712E-01     0.00000E+00
 8.74150E-10     1.07480E-02    -4.53896E-04     1.39864E-01     0.00000E+00
 8.87598E-10     1.09133E-02    -6.80845E-04     1.42016E-01     0.00000E+00
 9.01047E-10     1.10787E-02    -9.07793E-04     1.44167E-01     0.00000E+00
 9.14495E-10     1.12440E-02    -1.13474E-03     1.46319E-01     0.00000E+00
 9.27944E-10     1.14094E-02    -1.36169E-03     1.48471E-01     0.00000E+00
 9.41392E-10     1.15747E-02    -1.58864E-03     1.50623E-01     0.00000E+00
 9.54841E-10     1.17401E-02    -1.81559E-03     1.52775E-01     0.00000E+00
 9.68289E-10     1.19054E-02    -2.04253E-03     1.54926E-01     0.00000E+00
 9.81738E-10     1.20708E-02    -2.26948E-03     1.57078E-01     0.00000E+00
 9.95186E-10     1.22361E-02    -2.49643E-03     1.59230E-01     0.00000E+00
 1.00863E-09     1.24015E-02    -2.72338E-03     1.61382E-01     0.00000E+00
 1.02208E-09     1.25668E-02    -2.95033E-03     1.63533E-01     0.00000E+00
 1.03553E-09     1.27322E-02    -3.17727E-03     1.65685E-01     0.00000E+00
 1.04898E-09     1.28975E-02    -3.40422E-03     1.67837E-01     0.00000E+00
 1.06243E-09     1.30629E-02    -3.63117E-03     1.69989E-01     0.00000E+00
 1.07588E-09     1.32283E-02    -3.85812E-03     1.72140E-01     0.00000E+00
 1.08933E-09     1.33936E-02    -4.08507E-03     1.74292E-01     0.00000E+00
 1.10277E-09     1.35590E-02    -4.31202E-03     1.76444E-01     0.00000E+00
 1.11622E-09     1.37243E-02    -4.53896E-03     1.78596E-01     0.00000E+00
 1.12967E-09     1.38897E-02    -4.76591E-03     1.80747E-01     0.00000E+00
 1.14312E-09     1.40550E-02    -4.99286E-03     1.82899E-01     0.00000E+00
 1.15657E-09     1.42204E-02    -5.21981E-03     1.85051E-01     0.00000E+00
 1.17002E-09     1.43857E-02    -5.44676E-03     1.87203E-01     0.00000E+00
 1.18346E-09     1.45511E-02    -5.67371E-03     1.89354E-01     0.00000E+00
 1.19691E-09     1.47164E-02    -5.90065E-03     1.91506E-01     0.00000E+00
 1.21036E-09     1.48818E-02    -6.12760E-03     1.93658E-01     0.00000E+00
 1.22381E-09     1.50471E-02    -6.35455E-03     1.95810E-01     0.00000E+00
 1.23726E-09     1.52125E-02    -6.58150E-03     1.97961E-01     0.00000E+00
 1.25071E-09     1.53778E-02    -6.80845E-03     2.00113E-01     0.00000E+00
 1.26416E-09     1.55432E-02    -7.03540E-03     2.02265E-01     0.00000E+00
 1.27760E-09     1.57086E-02    -7.26234E-03     2.04417E-01     0.00000E+00
 1.29105E-09     1.58739E-02    -7.48929E-03     2.06568E-01     0.00000E+00
 1.30450E-09     1.60393E-02    -7.71624E-03     2.08720E-01     0.00000E+00
 1.31795E-09     1.62046E-02    -7.94319E-03     2.10872E-01     0.00000E+00
 1.33140E-09     1.63700E-02    -8.17014E-03     2.13024E-01     0.00000E+00
 1.34485E-09     1.65353E-02    -8.39709E-03     2.15175E-01     0.00000E+00
 1.35829E-09     1.67007E-02    -8.62403E-03     2.17327E-01     0.00000E+00
 1.37174E-09     1.68660E-02    -8.85098E-03     2.19479E-01     0.00000E+00
 1.38519E-09     1.70314E-02    -9.07793E-03     2.21631E-01     0.00000E+00
 1.39864E-09     1.71967E-02    -9.30488E-03     2.23782E-01     0.00000E+00
 1.41209E-09     1.73621E-02    -9.53183E-03     2.25934E-01     0.00000E+00
 1.42554E-09     1.75274E-02    -9.75878E-03     2.28086E-01     0.00000E+00
 1.43899E-09     1.76928E-02    -9.98572E-03     2.30238E-01     0.00000E+00
 1.45243E-09     1.78581E-02    -1.02127E-02     2.32389E-01     0.00000E+00
 1.46588E-09     1.80235E-02    -1.04396E-02     2.34541E-01     0.00000E+00
 1.47933E-09     1.81889E-02    -1.06666E-02     2.36693E-01     0.00000E+00
 1.49278E-09     1.83542E-02    -1.08935E-02     2.38845E-01     0.00000E+00
 1.50623E-09     1.85196E-02    -1.11205E-02     2.40996E-01     0.00000E+00
 1.51968E-09     1.86849E-02    -1.13474E-02     2.43148E-01     0.00000E+00
 1.53312E-09     1.88503E-02    -1.15744E-02     2.45300E-01     0.00000E+00
 1.54657E-09     1.90156E-02    -1.18013E-02     2.47452E-01     0.00000E+00
 1.56002E-09     1.91810E-02    -1.20283E-02     2.49603E-01     0.00000E+00
 1.57347E-09     1.93463E-02    -1.22552E-02     2.51755E-01     0.00000E+00
 1.58692E-09     1.95117E-02    -1.24822E-02     2.53907E-01     0.00000E+00
 1.60037E-09     1.96770E-02    -1.27091E-02     2.56059E-01     0.00000E+00
 1.61382E-09     1.98424E-02    -1.29361E-02     2.58210E-01     0.00000E+00
 1.62726E-09     2.00077E-02    -1.31630E-02     2.60362E-01     0.00000E+00
 1.64071E-09     2.01731E-02    -1.33899E-02     2.62514E-01     0.00000E+00
 1.65416E-09     2.03384E-02    -1.36169E-02     2.64666E-01     0.00000E+00
 1.66761E-09     2.05038E-02    -1.38438E-02     2.66818E-01     0.00000E+00
 1.68106E-09     2.06692E-02    -1.40708E-02     2.68969E-01     0.00000E+00
 1.69451E-09     2.08345E-02    -1.42977E-02     2.71121E-01     0.00000E+00
 1.70795E-09     2.10722E-02    -1.45247E-02     2.73273E-01     0.00000E+00
 1.72140E-09     2.13099E-02    -1.47516E-02     2.75425E-01     0.00000E+00
 1.73485E-09     2.15475E-02    -1.49786E-02     2.77576E-01     0.00000E+00
 1.74830E-09     2.17852E-02    -1.52055E-02     2.79728E-01     0.00000E+00
 1.76175E-09     2.20229E-02    -1.54325E-02     2.81880E-01     0.00000E+00
 1.77520E-09     2.22606E-02    -1.56594E-02     2.84032E-01     0.00000E+00
 1.78865E-09     2.24982E-02    -1.58864E-02     2.86183E-01     0.00000E+00
 1.80209E-09     2.27359E-02    -1.61133E-02     2.88335E-01     0.00000E+00
 1.81554E-09     2.29736E-02    -1.63403E-02     2.90487E-01     0.00000E+00
 1.82899E-09     2.32113E-02    -1.65672E-02     2.92639E-01     0.00000E+00
 1.84244E-09     2.34489E-02    -1.67942E-02     2.94790E-01     0.00000E+00
 1.85589E-09     2.36866E-02    -1.70211E-02     2.96942E-01     0.00000E+00
 1.86934E-09     2.39243E-02    -1.72481E-02     2.99094E-01     0.00000E+00
 1.88278E-09     2.41620E-02    -1.74750E-02     3.01246E-01     0.00000E+00
 1.89623E-09     2.43996E-02    -1.77020E-02     3.03397E-01     0.00000E+00
 1.90968E-09     2.46373E-02    -1.79289E-02     3.05549E-01     0.00000E+00
 1.92313E-09     2.48750E-02    -1.81559E-02     3.07701E-01     0.00000E+00
 1.93658E-09     2.51127E-02    -1.83828E-02     3.09852E-01     0.00000E+00
 1.95003E-09     2.53504E-02    -1.86098E-02     3.12004E-01     0.00000E+00
 1.96347E-09     2.55880E-02    -1.88367E-02     3.14156E-01     0.00000E+00
 1.97692E-09     2.58257E-02    -1.90637E-02     3.16308E-01     0.00000E+00
 1.99037E-09     2.60634E-02    -1.92906E-02     3.18459E-01     0.00000E+00
 2.00382E-09     2.63011E-02    -1.95176E-02     3.20611E-01     0.00000E+00
 2.01727E-09     2.65387E-02    -1.97445E-02     3.22763E-01     0.00000E+00
 2.03072E-09     2.67764E-02    -1.99715E-02     3.24915E-01     0.00000E+00
 2.04416E-09     2.70141E-02    -2.01984E-02     3.27066E-01     0.00000E+00
 2.05761E-09     2.72518E-02    -2.04254E-02     3.29218E-01     0.00000E+00
 2.07106E-09     2.74894E-02    -2.06523E-02     3.31370E-01     0.00000E+00
 2.08451E-09     2.77271E-02    -2.08792E-02     3.33522E-01     0.00000E+00
 2.09796E-09     2.79648E-02    -2.11062E-02     3.35673E-01     0.00000E+00
 2.11141E-09     2.82025E-02    -2.13331E-02     3.37825E-01     0.00000E+00
 2.12485E-09     2.84401E-02    -2.15601E-02     3.39977E-01     0.00000E+00
 2.13830E-09     2.86778E-02    -2.17870E-02     3.42129E-01     0.00000E+00
 2.15175E-09     2.89155E-02    -2.20140E-02     3.44280E-01     0.00000E+00
 2.16520E-09     2.91532E-02    -2.22409E-02     3.46432E-01     0.00000E+00
 2.17865E-09     2.93908E-02    -2.24679E-02     3.48584E-01     0.00000E+00
 2.19210E-09     2.96285E-02    -2.26948E-02     3.50735E-01     0.00000E+00
 2.20555E-09     2.98662E-02    -2.29218E-02     3.52887E-01     0.00000E+00
 2.21899E-09     3.01039E-02    -2.31487E-02     3.55039E-01     0.00000E+00
 2.23244E-09     3.03415E-02    -2.33757E-02     3.57191E-01     0.00000E+00
 2.24589E-09     3.05792E-02    -2.36026E-02     3.59342E-01     0.00000E+00
 2.25934E-09     3.08169E-02    -2.38296E-02     3.61494E-01     0.00000E+00
 2.27279E-09     3.10546E-02    -2.40565E-02     3.63646E-01     0.00000E+00
 2.28624E-09     3.12922E-02    -2.42835E-02     3.65798E-01     0.00000E+00
 2.29968E-09     3.15299E-02    -2.45104E-02     3.67949E-01     0.00000E+00
 2.31313E-09     3.17676E-02    -2.47374E-02     3.70101E-01     0.00000E+00
 2.32658E-09     3.20053E-02    -2.49643E-02     3.72253E-01     0.00000E+00
 2.34003E-09     3.22429E-02    -2.51913E-02     3.74405E-01     0.00000E+00
 2.35348E-09     3.24806E-02    -2.54182E-02     3.76556E-01     0.00000E+00
 2.36693E-09     3.27183E-02    -2.56452E-02     3.78708E-01     0.00000E+00
 2.38037E-09     3.29560E-02    -2.58721E-02     3.80860E-01     0.00000E+00
 2.39382E-09     3.31936E-02    -2.60991E-02     3.83012E-01     0.00000E+00
 2.40727E-09     3.34313E-02    -2.63260E-02     3.85163E-01     0.00000E+00
 2.42072E-09     3.36690E-02    -2.65530E-02     3.87315E-01     0.00000E+00
 2.43417E-09     3.39067E-02    -2.67799E-02     3.89467E-01     0.00000E+00
 2.44762E-09     3.41443E-02    -2.70068E-02     3.91618E-01     0.00000E+00
 2.46106E-09     3.43820E-02    -2.72338E-02     3.93770E-01     0.00000E+00
 2.47451E-09     3.46197E-02    -2.74607E-02     3.95922E-01     0.00000E+00
 2.48796E-09     3.48574E-02    -2.76877E-02     3.98074E-01     0.00000E+00
 2.50141E-09     3.50950E-02    -2.79146E-02     4.00225E-01     0.00000E+00
 2.51486E-09     3.53327E-02    -2.81416E-02     4.02377E-01     0.00000E+00
 2.52831E-09     3.55704E-02    -2.83685E-02     4.04529E-01     0.00000E+00
 2.54175E-09     3.58081E-02    -2.85955E-02     4.06681E-01     0.00000E+00
 2.55520E-09     3.60457E-02    -2.88204E-02     4.08832E-01     0.00000E+00
 2.56865E-09     3.62834E-02    -2.90453E-02     4.10984E-01     0.00000E+00
 2.58210E-09     3.65211E-02    -2.92702E-02     4.13136E-01     0.00000E+00
 2.59555E-09     3.67588E-02    -2.94951E-02     4.15288E-01     0.00000E+00
 2.60900E-09     3.69964E-02    -2.97200E-02     4.17439E-01     0.00000E+00
 2.62244E-09     3.72341E-02    -2.99449E-02     4.19591E-01     0.00000E+00
 2.63589E-09     3.74718E-02    -3.01698E-02     4.21743E-01     0.00000E+00
 2.64934E-09     3.77095E-02    -3.03947E-02     4.23895E-01     0.00000E+00
 2.66279E-09     3.79471E-02    -3.06196E-02     4.26046E-01     0.00000E+00
 2.67624E-09     3.81848E-02    -3.08445E-02     4.28198E-01     0.00000E+00
 2.68969E-09     3.84225E-02    -3.10695E-02     4.30350E-01     0.00000E+00
 2.70313E-09     3.86602E-02    -3.12944E-02     4.32501E-01     0.00000E+00
 2.71658E-09     3.88978E-02    -3.15193E-02     4.34653E-01     0.00000E+00
 2.73003E-09     3.91355E-02    -3.17442E-02     4.36805E-01     0.00000E+00
 2.74348E-09     3.93732E-02    -3.19691E-02     4.38957E-01     0.00000E+00
 2.75693E-09     3.96109E-02    -3.21940E-02     4.41108E-01     0.00000E+00
 2.77038E-09     3.98485E-02    -3.24189E-02     4.43260E-01     0.00000E+00
 2.78382E-09     4.00862E-02    -3.26438E-02     4.45412E-01     0.00000E+00
 2.79727E-09     4.03239E-02    -3.28687E-02     4.47564E-01     0.00000E+00
 2.81072E-09     4.05616E-02    -3.30936E-02     4.49715E-01     0.00000E+00
 2.82417E-09     4.07992E-02    -3.33185E-02     4.51867E-01     0.00000E+00
 2.83762E-09     4.10369E-02    -3.35434E-02     4.54019E-01     0.00000E+00
 2.85107E-09     4.12746E-02    -3.37683E-02     4.56171E-01     0.00000E+00
 2.86451E-09     4.15123E-02    -3.39932E-02     4.58322E-01     0.00000E+00
 2.87796E-09     4.17499E-02    -3.42181E-02     4.60474E-01     0.00000E+00
 2.89141E-09     4.19876E-02    -3.44430E-02     4.62626E-01     0.00000E+00
 2.90486E-09     4.22253E-02    -3.46679E-02     4.64777E-01     0.00000E+00
 2.91831E-09     4.24630E-02    -3.48928E-02     4.66929E-01     0.00000E+00
 2.93176E-09     4.27006E-02    -3.51177E-02     4.69081E-01     0.00000E+00
 2.94520E-09     4.29383E-02    -3.53426E-02     4.71233E-01     0.00000E+00
 2.95865E-09     4.31760E-02    -3.55675E-02     4.73384E-01     0.00000E+00
 2.97210E-09     4.34137E-02    -3.57924E-02     4.75536E-01     0.00000E+00
 2.98555E-09     4.36513E-02    -3.60173E-02     4.77688E-01     0.00000E+00
 2.99900E-09     4.38890E-02    -3.62423E-02     4.79840E-01     0.00000E+00
 3.01245E-09     4.41267E-02    -3.64672E-02     4.81991E-01     0.00000E+00
 3.02589E-09     4.43644E-02    -3.66921E-02     4.84143E-01     0.00000E+00
 3.03934E-09     4.46021E-02    -3.69170E-02     4.86295E-01     0.00000E+00
 3.05279E-09     4.48397E-02    -3.71419E-02     4.88447E-01     0.00000E+00
 3.06624E-09     4.50774E-02    -3.73668E-02     4.90598E-01     0.00000E+00
 3.07969E-09     4.53151E-02    -3.75917E-02     4.92750E-01     0.00000E+00
 3.09314E-09     4.55528E-02    -3.78166E-02     4.94902E-01     0.00000E+00
 3.10658E-09     4.57904E-02    -3.80415E-02     4.97054E-01     0.00000E+00
 3.12003E-09     4.60281E-02    -3.82664E-02     4.99205E-01     0.00000E+00
 3.13348E-09     4.62658E-02    -3.84913E-02     5.01357E-01     0.00000E+00
 3.14693E-09     4.65035E-02    -3.87162E-02     5.03509E-01     0.00000E+00
 3.16038E-09     4.67411E-02    -3.89411E-02     5.05661E-01     0.00000E+00
 3.17383E-09     4.69788E-02    -3.91660E-02     5.07812E-01     0.00000E+00
 3.18727E-09     4.72165E-02    -3.93909E-02     5.09964E-01     0.00000E+00
 3.20072E-09     4.74542E-02    -3.96158E-02     5.12116E-01     0.00000E+00
 3.21417E-09     4.76918E-02    -3.98407E-02     5.14267E-01     0.00000E+00
 3.22762E-09     4.79295E-02    -4.00656E-02     5.16419E-01     0.00000E+00
 3.24107E-09     4.81672E-02    -4.02905E-02     5.18571E-01     0.00000E+00
 3.25452E-09     4.84049E-02    -4.05154E-02     5.20723E-01     0.00000E+00
 3.26797E-09     4.86425E-02    -4.07403E-02     5.22874E-01     0.00000E+00
 3.28141E-09     4.88802E-02    -4.09652E-02     5.25026E-01     0.00000E+00
 3.29486E-09     4.91179E-02    -4.11901E-02     5.27178E-01     0.00000E+00
 3.30831E-09     4.93556E-02    -4.14150E-02     5.29330E-01     0.00000E+00
 3.32176E-09     4.95932E-02    -4.16399E-02     5.31481E-01     0.00000E+00
 3.33521E-09     4.98309E-02    -4.18648E-02     5.33633E-01     0.00000E+00
 3.34866E-09     5.00686E-02    -4.20897E-02     5.35785E-01     0.00000E+00
 3.36210E-09     5.03063E-02    -4.23147E-02     5.37937E-01     0.00000E+00
 3.37555E-09     5.05439E-02    -4.25396E-02     5.40088E-01     0.00000E+00
 3.38900E-09     5.07816E-02    -4.27645E-02     5.42240E-01     0.00000E+00
 3.40245E-09     5.09842E-02    -4.29894E-02     5.44392E-01     0.00000E+00
 3.41590E-09     5.11868E-02    -4.32143E-02     5.46543E-01     0.00000E+00
 3.42935E-09     5.13894E-02    -4.34392E-02     5.48695E-01     0.00000E+00
 3.44279E-09     5.15920E-02    -4.36641E-02     5.50847E-01     0.00000E+00
 3.45624E-09     5.17946E-02    -4.38890E-02     5.52999E-01     0.00000E+00
 3.46969E-09     5.19971E-02    -4.41139E-02     5.55150E-01     0.00000E+00
 3.48314E-09     5.21997E-02    -4.43388E-02     5.57302E-01     0.00000E+00
 3.49659E-09     5.24023E-02    -4.45637E-02     5.59454E-01     0.00000E+00
 3.51004E-09     5.26049E-02    -4.47886E-02     5.61606E-01     0.00000E+00
 3.52348E-09     5.28075E-02    -4.50135E-02     5.63757E-01     0.00000E+00
 3.53693E-09     5.30101E-02    -4.52384E-02     5.65909E-01     0.00000E+00
 3.55038E-09     5.32127E-02    -4.54633E-02     5.68061E-01     0.00000E+00
 3.56383E-09     5.34153E-02    -4.56882E-02     5.70213E-01     0.00000E+00
 3.57728E-09     5.36178E-02    -4.59131E-02     5.72364E-01     0.00000E+00
 3.59073E-09     5.38204E-02    -4.61380E-02     5.74516E-01     0.00000E+00
 3.60417E-09     5.40230E-02    -4.63629E-02     5.76668E-01     0.00000E+00
 3.61762E-09     5.42256E-02    -4.65878E-02     5.78820E-01     0.00000E+00
 3.63107E-09     5.44282E-02    -4.68127E-02     5.80971E-01     0.00000E+00
 3.64452E-09     5.46308E-02    -4.70376E-02     5.83123E-01     0.00000E+00
 3.65797E-09     5.48334E-02    -4.72625E-02     5.85275E-01     0.00000E+00
 3.67142E-09     5.50359E-02    -4.74874E-02     5.87426E-01     0.00000E+00
 3.68486E-09     5.52385E-02    -4.77123E-02     5.89578E-01     0.00000E+00
 3.69831E-09     5.54411E-02    -4.79373E-02     5.91730E-01     0.00000E+00
 3.71176E-09     5.56437E-02    -4.81622E-02     5.93882E-01     0.00000E+00
 3.72521E-09     5.58463E-02    -4.83871E-02     5.96033E-01     0.00000E+00
 3.73866E-09     5.60489E-02    -4.86120E-02     5.98185E-01     0.00000E+00
 3.75211E-09     5.62515E-02    -4.88369E-02     6.00337E-01     0.00000E+00
 3.76555E-09     5.64540E-02    -4.90618E-02     6.02489E-01     0.00000E+00
 3.77900E-09     5.66566E-02    -4.92867E-02     6.04640E-01     0.00000E+00
 3.79245E-09     5.68592E-02    -4.95116E-02     6.06792E-01     0.00000E+00
 3.80590E-09     5.70618E-02    -4.97365E-02     6.08944E-01     0.00000E+00
 3.81935E-09     5.72644E-02    -4.99614E-02     6.11096E-01     0.00000E+00
 3.83280E-09     5.74670E-02    -5.01863E-02     6.13247E-01     0.00000E+00
 3.84624E-09     5.76696E-02    -5.04112E-02     6.15399E-01     0.00000E+00
 3.85969E-09     5.78722E-02    -5.06361E-02     6.17551E-01     0.00000E+00
 3.87314E-09     5.80748E-02    -5.08610E-02     6.19703E-01     0.00000E+00
 3.88659E-09     5.82773E-02    -5.10859E-02     6.21854E-01     0.00000E+00
 3.90004E-09     5.84799E-02    -5.13108E-02     6.24006E-01     0.00000E+00
 3.91349E-09     5.86825E-02    -5.15357E-02     6.26158E-01     0.00000E+00
 3.92693E-09     5.88851E-02    -5.17606E-02     6.28309E-01     0.00000E+00
 3.94038E-09     5.90877E-02    -5.19855E-02     6.30461E-01     0.00000E+00
 3.95383E-09     5.92903E-02    -5.22104E-02     6.32613E-01     0.00000E+00
 3.96728E-09     5.94929E-02    -5.24353E-02     6.34765E-01     0.00000E+00
 3.98073E-09     5.96954E-02    -5.26602E-02     6.36916E-01     0.00000E+00
 3.99418E-09     5.98980E-02    -5.28851E-02     6.39068E-01     0.00000E+00
 4.00762E-09     6.01006E-02    -5.31100E-02     6.41220E-01     0.00000E+00
 4.02107E-09     6.03032E-02    -5.33350E-02     6.43372E-01     0.00000E+00
 4.03452E-09     6.05058E-02    -5.35598E-02     6.45523E-01     0.00000E+00
 4.04797E-09     6.07084E-02    -5.37848E-02     6.47675E-01     0.00000E+00
 4.06142E-09     6.09110E-02    -5.40097E-02     6.49827E-01     0.00000E+00
 4.07487E-09     6.11136E-02    -5.42346E-02     6.51979E-01     0.00000E+00
 4.08831E-09     6.13161E-02    -5.44595E-02     6.54130E-01     0.00000E+00
 4.10176E-09     6.15187E-02    -5.46844E-02     6.56282E-01     0.00000E+00
 4.11521E-09     6.17213E-02    -5.49093E-02     6.58434E-01     0.00000E+00
 4.12866E-09     6.19239E-02    -5.51342E-02     6.60586E-01     0.00000E+00
 4.14211E-09     6.21265E-02    -5.53591E-02     6.62737E-01     0.00000E+00
 4.15556E-09     6.23291E-02    -5.55840E-02     6.64889E-01     0.00000E+00
 4.16900E-09     6.25317E-02    -5.58089E-02     6.67041E-01     0.00000E+00
 4.18245E-09     6.27343E-02    -5.60338E-02     6.69192E-01     0.00000E+00
 4.19590E-09     6.29368E-02    -5.62587E-02     6.71344E-01     0.00000E+00
 4.20935E-09     6.31394E-02    -5.64836E-02     6.73496E-01     0.00000E+00
 4.22280E-09     6.33420E-02    -5.67085E-02     6.75648E-01     0.00000E+00
 4.23625E-09     6.35446E-02    -5.69334E-02     6.77799E-01     0.00000E+00
 4.24969E-09     6.37472E-02    -5.71111E-02     6.79951E-01     0.00000E+00
 4.26314E-09     6.39498E-02    -5.72887E-02     6.82103E-01     0.00000E+00
 4.27659E-09     6.41524E-02    -5.74664E-02     6.84255E-01     0.00000E+00
 4.29004E-09     6.43549E-02    -5.76440E-02     6.86406E-01     0.00000E+00
 4.30349E-09     6.45575E-02    -5.78217E-02     6.88558E-01     0.00000E+00
 4.31694E-09     6.47601E-02    -5.79994E-02     6.90710E-01     0.00000E+00
 4.33038E-09     6.49627E-02    -5.81770E-02     6.92862E-01     0.00000E+00
 4.34383E-09     6.51653E-02    -5.83547E-02     6.95013E-01     0.00000E+00
 4.35728E-09     6.53679E-02    -5.85323E-02     6.97165E-01     0.00000E+00
 4.37073E-09     6.55705E-02    -5.87100E-02     6.99317E-01     0.00000E+00
 4.38418E-09     6.57731E-02    -5.88876E-02     7.01469E-01     0.00000E+00
 4.39763E-09     6.59757E-02    -5.90653E-02     7.03620E-01     0.00000E+00
 4.41108E-09     6.61782E-02    -5.92429E-02     7.05772E-01     0.00000E+00
 4.42452E-09     6.63808E-02    -5.94206E-02     7.07924E-01     0.00000E+00
 4.43797E-09     6.65834E-02    -5.95983E-02     7.10075E-01     0.00000E+00
 4.45142E-09     6.67860E-02    -5.97759E-02     7.12227E-01     0.00000E+00
 4.46487E-09     6.69886E-02    -5.99536E-02     7.14379E-01     0.00000E+00
 4.47832E-09     6.71912E-02    -6.01312E-02     7.16531E-01     0.00000E+00
 4.49177E-09     6.73938E-02    -6.03089E-02     7.18682E-01     0.00000E+00
 4.50521E-09     6.75963E-02    -6.04866E-02     7.20834E-01     0.00000E+00
 4.51866E-09     6.77989E-02    -6.06642E-02     7.22986E-01     0.00000E+00
 4.53211E-09     6.80015E-02    -6.08419E-02     7.25138E-01     0.00000E+00
 4.54556E-09     6.82041E-02    -6.10195E-02     7.27289E-01     0.00000E+00
 4.55901E-09     6.84067E-02    -6.11972E-02     7.29441E-01     0.00000E+00
 4.57246E-09     6.86093E-02    -6.13748E-02     7.31593E-01     0.00000E+00
 4.58590E-09     6.88119E-02    -6.15525E-02     7.33745E-01     0.00000E+00
 4.59935E-09     6.90144E-02    -6.17302E-02     7.35896E-01     0.00000E+00
 4.61280E-09     6.92170E-02    -6.19078E-02     7.38048E-01     0.00000E+00
 4.62625E-09     6.94196E-02    -6.20855E-02     7.40200E-01     0.00000E+00
 4.63970E-09     6.96222E-02    -6.22631E-02     7.42352E-01     0.00000E+00
 4.65315E-09     6.98248E-02    -6.24408E-02     7.44503E-01     0.00000E+00
 4.66659E-09     7.00274E-02    -6.26184E-02     7.46655E-01     0.00000E+00
 4.68004E-09     7.02300E-02    -6.27961E-02     7.48807E-01     0.00000E+00
 4.69349E-09     7.04326E-02    -6.29738E-02     7.50959E-01     0.00000E+00
 4.70694E-09     7.06351E-02    -6.31514E-02     7.53110E-01     0.00000E+00
 4.72039E-09     7.08377E-02    -6.33291E-02     7.55262E-01     0.00000E+00
 4.73384E-09     7.10403E-02    -6.35067E-02     7.57414E-01     0.00000E+00
 4.74728E-09     7.12429E-02    -6.36844E-02     7.59565E-01     0.00000E+00
 4.76073E-09     7.14455E-02    -6.38621E-02     7.61717E-01     0.00000E+00
 4.77418E-09     7.16481E-02    -6.40397E-02     7.63869E-01     0.00000E+00
 4.78763E-09     7.18507E-02    -6.42174E-02     7.66021E-01     0.00000E+00
 4.80108E-09     7.20533E-02    -6.43950E-02     7.68172E-01     0.00000E+00
 4.81453E-09     7.22558E-02    -6.45727E-02     7.70324E-01     0.00000E+00
 4.82797E-09     7.24584E-02    -6.47503E-02     7.72476E-01     0.00000E+00
 4.84142E-09     7.26610E-02    -6.49280E-02     7.74628E-01     0.00000E+00
 4.85487E-09     7.28636E-02    -6.51057E-02     7.76779E-01     0.00000E+00
 4.86832E-09     7.30662E-02    -6.52833E-02     7.78931E-01     0.00000E+00
 4.88177E-09     7.32688E-02    -6.54610E-02     7.81083E-01     0.00000E+00
 4.89522E-09     7.34714E-02    -6.56386E-02     7.83235E-01     0.00000E+00
 4.90866E-09     7.36739E-02    -6.58163E-02     7.85386E-01     0.00000E+00
 4.92211E-09     7.38765E-02    -6.59939E-02     7.87538E-01     0.00000E+00
 4.93556E-09     7.40791E-02    -6.61716E-02     7.89690E-01     0.00000E+00
 4.94901E-09     7.42817E-02    -6.63493E-02     7.91841E-01     0.00000E+00
 4.96246E-09     7.44843E-02    -6.65269E-02     7.93993E-01     0.00000E+00
 4.97591E-09     7.46869E-02    -6.67046E-02     7.96145E-01     0.00000E+00
 4.98935E-09     7.48895E-02    -6.68822E-02     7.98297E-01     0.00000E+00
 5.00280E-09     7.50921E-02    -6.70599E-02     8.00448E-01     0.00000E+00
 5.01625E-09     7.52946E-02    -6.72376E-02     8.02600E-01     0.00000E+00
 5.02970E-09     7.54972E-02    -6.74152E-02     8.04752E-01     0.00000E+00
 5.04315E-09     7.56998E-02    -6.75929E-02     8.06904E-01     0.00000E+00
 5.05660E-09     7.59024E-02    -6.77705E-02     8.09055E-01     0.00000E+00
 5.07004E-09     7.61050E-02    -6.79482E-02     8.11207E-01     0.00000E+00
 5.08349E-09     7.63076E-02    -6.81258E-02     8.13359E-01     0.00000E+00
 5.09694E-09     7.64610E-02    -6.83035E-02     8.15511E-01     0.00000E+00
 5.11039E-09     7.66144E-02    -6.84811E-02     8.17662E-01     0.00000E+00
 5.12384E-09     7.67678E-02    -6.86588E-02     8.19814E-01     0.00000E+00
 5.13729E-09     7.69212E-02    -6.88365E-02     8.21966E-01     0.00000E+00
 5.15073E-09     7.70746E-02    -6.90141E-02     8.24118E-01     0.00000E+00
 5.16418E-09     7.72280E-02    -6.91918E-02     8.26269E-01     0.00000E+00
 5.17763E-09     7.73814E-02    -6.93694E-02     8.28421E-01     0.00000E+00
 5.19108E-09     7.75348E-02    -6.95471E-02     8.30573E-01     0.00000E+00
 5.20453E-09     7.76882E-02    -6.97248E-02     8.32724E-01     0.00000E+00
 5.21798E-09     7.78416E-02    -6.99024E-02     8.34876E-01     0.00000E+00
 5.23142E-09     7.79950E-02    -7.00801E-02     8.37028E-01     0.00000E+00
 5.24487E-09     7.81484E-02    -7.02577E-02     8.39180E-01     0.00000E+00
 5.25832E-09     7.83018E-02    -7.04354E-02     8.41331E-01     0.00000E+00
 5.27177E-09     7.84552E-02    -7.06130E-02     8.43483E-01     0.00000E+00
 5.28522E-09     7.86086E-02    -7.07907E-02     8.45635E-01     0.00000E+00
 5.29867E-09     7.87621E-02    -7.09684E-02     8.47787E-01     0.00000E+00
 5.31211E-09     7.89154E-02    -7.11460E-02     8.49938E-01     0.00000E+00
 5.32556E-09     7.90689E-02    -7.13237E-02     8.52090E-01     0.00000E+00
 5.33901E-09     7.92222E-02    -7.15013E-02     8.54242E-01     0.00000E+00
 5.35246E-09     7.93757E-02    -7.16790E-02     8.56394E-01     0.00000E+00
 5.36591E-09     7.95291E-02    -7.18567E-02     8.58545E-01     0.00000E+00
 5.37936E-09     7.96825E-02    -7.20343E-02     8.60697E-01     0.00000E+00
 5.39280E-09     7.98359E-02    -7.22120E-02     8.62849E-01     0.00000E+00
 5.40625E-09     7.99893E-02    -7.23896E-02     8.65000E-01     0.00000E+00
 5.41970E-09     8.01427E-02    -7.25673E-02     8.67152E-01     0.00000E+00
 5.43315E-09     8.02961E-02    -7.27449E-02     8.69304E-01     0.00000E+00
 5.44660E-09     8.04495E-02    -7.29226E-02     8.71456E-01     0.00000E+00
 5.46005E-09     8.06029E-02    -7.31003E-02     8.73607E-01     0.00000E+00
 5.47349E-09     8.07563E-02    -7.32779E-02     8.75759E-01     0.00000E+00
 5.48694E-09     8.09097E-02    -7.34556E-02     8.77911E-01     0.00000E+00
 5.50039E-09     8.10631E-02    -7.36332E-02     8.80063E-01     0.00000E+00
 5.51384E-09     8.12165E-02    -7.38109E-02     8.82214E-01     0.00000E+00
 5.52729E-09     8.13699E-02    -7.39885E-02     8.84366E-01     0.00000E+00
 5.54074E-09     8.15233E-02    -7.41662E-02     8.86518E-01     0.00000E+00
 5.55419E-09     8.16767E-02    -7.43438E-02     8.88670E-01     0.00000E+00
 5.56763E-09     8.18301E-02    -7.45215E-02     8.90821E-01     0.00000E+00
 5.58108E-09     8.19835E-02    -7.46992E-02     8.92973E-01     0.00000E+00
 5.59453E-09     8.21369E-02    -7.48768E-02     8.95125E-01     0.00000E+00
 5.60798E-09     8.22903E-02    -7.50545E-02     8.97277E-01     0.00000E+00
 5.62143E-09     8.24437E-02    -7.52321E-02     8.99428E-01     0.00000E+00
 5.63488E-09     8.25971E-02    -7.54098E-02     9.01580E-01     0.00000E+00
 5.64832E-09     8.27505E-02    -7.55875E-02     9.03732E-01     0.00000E+00
 5.66177E-09     8.29040E-02    -7.57651E-02     9.05883E-01     0.00000E+00
 5.67522E-09     8.30573E-02    -7.59428E-02     9.08035E-01     0.00000E+00
 5.68867E-09     8.32108E-02    -7.61204E-02     9.10187E-01     0.00000E+00
 5.70212E-09     8.33642E-02    -7.62981E-02     9.12339E-01     0.00000E+00
 5.71557E-09     8.35176E-02    -7.64757E-02     9.14490E-01     0.00000E+00
 5.72901E-09     8.36710E-02    -7.66534E-02     9.16642E-01     0.00000E+00
 5.74246E-09     8.38244E-02    -7.68310E-02     9.18794E-01     0.00000E+00
 5.75591E-09     8.39778E-02    -7.70087E-02     9.20946E-01     0.00000E+00
 5.76936E-09     8.41312E-02    -7.71864E-02     9.23097E-01     0.00000E+00
 5.78281E-09     8.42846E-02    -7.73640E-02     9.25249E-01     0.00000E+00
 5.79626E-09     8.44380E-02    -7.75417E-02     9.27401E-01     0.00000E+00
 5.80970E-09     8.45914E-02    -7.77193E-02     9.29553E-01     0.00000E+00
 5.82315E-09     8.47448E-02    -7.78970E-02     9.31704E-01     0.00000E+00
 5.83660E-09     8.48982E-02    -7.80746E-02     9.33856E-01     0.00000E+00
 5.85005E-09     8.50516E-02    -7.82523E-02     9.36008E-01     0.00000E+00
 5.86350E-09     8.52050E-02    -7.84300E-02     9.38160E-01     0.00000E+00
 5.87695E-09     8.53584E-02    -7.86076E-02     9.40311E-01     0.00000E+00
 5.89039E-09     8.55118E-02    -7.87853E-02     9.42463E-01     0.00000E+00
 5.90384E-09     8.56652E-02    -7.89630E-02     9.44615E-01     0.00000E+00
 5.91729E-09     8.58186E-02    -7.91406E-02     9.46766E-01     0.00000E+00
 5.93074E-09     8.59720E-02    -7.93183E-02     9.48918E-01     0.00000E+00
 5.94419E-09     8.61254E-02    -7.94495E-02     9.51070E-01     0.00000E+00
 5.95764E-09     8.62788E-02    -7.95807E-02     9.53222E-01     0.00000E+00
 5.97108E-09     8.64322E-02    -7.97120E-02     9.55373E-01     0.00000E+00
 5.98453E-09     8.65856E-02    -7.98433E-02     9.57525E-01     0.00000E+00
 5.99798E-09     8.67391E-02    -7.99745E-02     9.59677E-01     0.00000E+00
 6.01143E-09     8.68925E-02    -8.01057E-02     9.61829E-01     0.00000E+00
 6.02488E-09     8.70458E-02    -8.02370E-02     9.63980E-01     0.00000E+00
 6.03833E-09     8.71992E-02    -8.03682E-02     9.66132E-01     0.00000E+00
 6.05177E-09     8.73527E-02    -8.04994E-02     9.68284E-01     0.00000E+00
 6.06522E-09     8.75061E-02    -8.06307E-02     9.70436E-01     0.00000E+00
 6.07867E-09     8.76594E-02    -8.07619E-02     9.72587E-01     0.00000E+00
 6.09212E-09     8.78129E-02    -8.08932E-02     9.74739E-01     0.00000E+00
 6.10557E-09     8.79663E-02    -8.10244E-02     9.76891E-01     0.00000E+00
 6.11902E-09     8.81197E-02    -8.11557E-02     9.79043E-01     0.00000E+00
 6.13246E-09     8.82731E-02    -8.12869E-02     9.81194E-01     0.00000E+00
 6.14591E-09     8.84265E-02    -8.14182E-02     9.83346E-01     0.00000E+00
 6.15936E-09     8.85799E-02    -8.15494E-02     9.85498E-01     0.00000E+00
 6.17281E-09     8.87333E-02    -8.16807E-02     9.87650E-01     0.00000E+00
 6.18626E-09     8.88867E-02    -8.18119E-02     9.89801E-01     0.00000E+00
 6.19971E-09     8.90401E-02    -8.19432E-02     9.91953E-01     0.00000E+00
 6.21315E-09     8.91935E-02    -8.20744E-02     9.94105E-01     0.00000E+00
 6.22660E-09     8.93469E-02    -8.22056E-02     9.96256E-01     0.00000E+00
 6.24005E-09     8.95003E-02    -8.23368E-02     9.98408E-01     0.00000E+00
 6.25350E-09     8.96107E-02    -8.24681E-02     1.00000E+00     0.00000E+00
 6.26695E-09     8.95987E-02    -8.25993E-02     1.00000E+00     0.00000E+00
 6.28040E-09     8.95868E-02    -8.27306E-02     1.00000E+00     0.00000E+00
 6.29384E-09     8.95748E-02    -8.28618E-02     1.00000E+00     0.00000E+00
 6.30729E-09     8.95629E-02    -8.29931E-02     1.00000E+00     0.00000E+00
 6.32074E-09     8.95509E-02    -8.31243E-02     1.00000E+00     0.00000E+00
 6.33419E-09     8.95390E-02    -8.32556E-02     1.00000E+00     0.00000E+00
 6.34764E-09     8.95270E-02    -8.33868E-02     1.00000E+00     0.00000E+00
 6.36109E-09     8.95151E-02    -8.35181E-02     1.00000E+00     0.00000E+00
 6.37453E-09     8.95032E-02    -8.36493E-02     1.00000E+00     0.00000E+00
 6.38798E-09     8.94912E-02    -8.37805E-02     1.00000E+00     0.00000E+00
 6.40143E-09     8.94793E-02    -8.39118E-02     1.00000E+00     0.00000E+00
 6.41488E-09     8.94673E-02    -8.40430E-02     1.00000E+00     0.00000E+00
 6.42833E-09     8.94554E-02    -8.41743E-02     1.00000E+00     0.00000E+00
 6.44178E-09     8.94434E-02    -8.43055E-02     1.00000E+00     0.00000E+00
 6.45522E-09     8.94315E-02    -8.44368E-02     1.00000E+00     0.00000E+00
 6.46867E-09     8.94195E-02    -8.45680E-02     1.00000E+00     0.00000E+00
 6.48212E-09     8.94076E-02    -8.46993E-02     1.00000E+00     0.00000E+00
 6.49557E-09     8.93956E-02    -8.48305E-02     1.00000E+00     0.00000E+00
 6.50902E-09     8.93837E-02    -8.49617E-02     1.00000E+00     0.00000E+00
 6.52247E-09     8.93717E-02    -8.50930E-02     1.00000E+00     0.00000E+00
 6.53591E-09     8.93598E-02    -8.52242E-02     1.00000E+00     0.00000E+00
 6.54936E-09     8.93478E-02    -8.53555E-02     1.00000E+00     0.00000E+00
 6.56281E-09     8.93359E-02    -8.54867E-02     1.00000E+00     0.00000E+00
 6.57626E-09     8.93239E-02    -8.56180E-02     1.00000E+00     0.00000E+00
 6.58971E-09     8.93120E-02    -8.57492E-02     1.00000E+00     0.00000E+00
 6.60316E-09     8.93000E-02    -8.58804E-02     1.00000E+00     0.00000E+00
 6.61661E-09     8.92881E-02    -8.60117E-02     1.00000E+00     0.00000E+00
 6.63005E-09     8.92762E-02    -8.61429E-02     1.00000E+00     0.00000E+00
 6.64350E-09     8.92642E-02    -8.62742E-02     1.00000E+00     0.00000E+00
 6.65695E-09     8.92523E-02    -8.64054E-02     1.00000E+00     0.00000E+00
 6.67040E-09     8.92403E-02    -8.65366E-02     1.00000E+00     0.00000E+00
 6.68385E-09     8.92284E-02    -8.66679E-02     1.00000E+00     0.00000E+00
 6.69730E-09     8.92164E-02    -8.67991E-02     1.00000E+00     0.00000E+00
 6.71074E-09     8.92045E-02    -8.69304E-02     1.00000E+00     0.00000E+00
 6.72419E-09     8.91925E-02    -8.70616E-02     1.00000E+00     0.00000E+00
 6.73764E-09     8.91806E-02    -8.71929E-02     1.00000E+00     0.00000E+00
 6.75109E-09     8.91686E-02    -8.73241E-02     1.00000E+00     0.00000E+00
 6.76454E-09     8.91567E-02    -8.74554E-02     1.00000E+00     0.00000E+00
 6.77799E-09     8.91447E-02    -8.75866E-02     1.00000E+00     0.00000E+00
 6.79143E-09     8.90910E-02    -8.77179E-02     1.00000E+00     0.00000E+00
 6.80488E-09     8.90374E-02    -8.78491E-02     1.00000E+00     0.00000E+00
 6.81833E-09     8.89836E-02    -8.79803E-02     1.00000E+00     0.00000E+00
 6.83178E-09     8.89300E-02    -8.81116E-02     1.00000E+00     0.00000E+00
 6.84523E-09     8.88762E-02    -8.82428E-02     1.00000E+00     0.00000E+00
 6.85868E-09     8.88225E-02    -8.83741E-02     1.00000E+00     0.00000E+00
 6.87212E-09     8.87688E-02    -8.85053E-02     1.00000E+00     0.00000E+00
 6.88557E-09     8.87151E-02    -8.86366E-02     1.00000E+00     0.00000E+00
 6.89902E-09     8.86615E-02    -8.87678E-02     1.00000E+00     0.00000E+00
 6.91247E-09     8.86078E-02    -8.88991E-02     1.00000E+00     0.00000E+00
 6.92592E-09     8.85541E-02    -8.90303E-02     1.00000E+00     0.00000E+00
 6.93937E-09     8.85004E-02    -8.91615E-02     1.00000E+00     0.00000E+00
 6.95281E-09     8.84467E-02    -8.92928E-02     1.00000E+00     0.00000E+00
 6.96626E-09     8.83930E-02    -8.94240E-02     1.00000E+00     0.00000E+00
 6.97971E-09     8.83393E-02    -8.95553E-02     1.00000E+00     0.00000E+00
 6.99316E-09     8.82856E-02    -8.96865E-02     1.00000E+00     0.00000E+00
 7.00661E-09     8.82319E-02    -8.98178E-02     1.00000E+00     0.00000E+00
 7.02006E-09     8.81782E-02    -8.99490E-02     1.00000E+00     0.00000E+00
 7.03350E-09     8.81245E-02    -9.00802E-02     1.00000E+00     0.00000E+00
 7.04695E-09     8.80708E-02    -9.02115E-02     1.00000E+00     0.00000E+00
 7.06040E-09     8.80171E-02    -9.03427E-02     1.00000E+00     0.00000E+00
 7.07385E-09     8.79634E-02    -9.04740E-02     1.00000E+00     0.00000E+00
 7.08730E-09     8.79097E-02    -9.06052E-02     1.00000E+00     0.00000E+00
 7.10075E-09     8.78560E-02    -9.06774E-02     1.00000E+00     0.00000E+00
 7.11419E-09     8.78023E-02    -9.05817E-02     1.00000E+00     0.00000E+00
 7.12764E-09     8.77486E-02    -9.04860E-02     1.00000E+00     0.00000E+00
 7.14109E-09     8.76949E-02    -9.03903E-02     1.00000E+00     0.00000E+00
 7.15454E-09     8.76412E-02    -9.02946E-02     1.00000E+00     0.00000E+00
 7.16799E-09     8.75875E-02    -9.01989E-02     1.00000E+00     0.00000E+00
 7.18144E-09     8.75338E-02    -9.01032E-02     1.00000E+00     0.00000E+00
 7.19488E-09     8.74801E-02    -9.00075E-02     1.00000E+00     0.00000E+00
 7.20833E-09     8.74264E-02    -8.99118E-02     1.00000E+00     0.00000E+00
 7.22178E-09     8.73728E-02    -8.98161E-02     1.00000E+00     0.00000E+00
 7.23523E-09     8.73190E-02    -8.97204E-02     1.00000E+00     0.00000E+00
 7.24868E-09     8.72653E-02    -8.96247E-02     1.00000E+00     0.00000E+00
 7.26213E-09     8.72117E-02    -8.95290E-02     1.00000E+00     0.00000E+00
 7.27557E-09     8.71580E-02    -8.94333E-02     1.00000E+00     0.00000E+00
 7.28902E-09     8.71043E-02    -8.93376E-02     1.00000E+00     0.00000E+00
 7.30247E-09     8.70506E-02    -8.92419E-02     1.00000E+00     0.00000E+00
 7.31592E-09     8.69969E-02    -8.91462E-02     1.00000E+00     0.00000E+00
 7.32937E-09     8.69431E-02    -8.90505E-02     1.00000E+00     0.00000E+00
 7.34282E-09     8.68895E-02    -8.89548E-02     1.00000E+00     0.00000E+00
 7.35626E-09     8.68358E-02    -8.88591E-02     1.00000E+00     0.00000E+00
 7.36971E-09     8.67821E-02    -8.87634E-02     1.00000E+00     0.00000E+00
 7.38316E-09     8.67284E-02    -8.86677E-02     1.00000E+00     0.00000E+00
 7.39661E-09     8.66747E-02    -8.85720E-02     1.00000E+00     0.00000E+00
 7.41006E-09     8.66210E-02    -8.84762E-02     1.00000E+00     0.00000E+00
 7.42351E-09     8.65673E-02    -8.83805E-02     1.00000E+00     0.00000E+00
 7.43695E-09     8.65136E-02    -8.82848E-02     1.00000E+00     0.00000E+00
 7.45040E-09     8.64599E-02    -8.81891E-02     1.00000E+00     0.00000E+00
 7.46385E-09     8.64062E-02    -8.80934E-02     1.00000E+00     0.00000E+00
 7.47730E-09     8.63525E-02    -8.79978E-02     1.00000E+00     0.00000E+00
 7.49075E-09     8.62988E-02    -8.79020E-02     1.00000E+00     0.00000E+00
 7.50420E-09     8.62451E-02    -8.78063E-02     1.00000E+00     0.00000E+00
 7.51765E-09     8.61914E-02    -8.77106E-02     1.00000E+00     0.00000E+00
 7.53110E-09     8.61377E-02    -8.76149E-02     1.00000E+00     0.00000E+00
 7.54454E-09     8.60840E-02    -8.75192E-02     1.00000E+00     0.00000E+00
 7.55799E-09     8.60303E-02    -8.74235E-02     1.00000E+00     0.00000E+00
 7.57144E-09     8.59766E-02    -8.73278E-02     1.00000E+00     0.00000E+00
 7.58489E-09     8.59229E-02    -8.72321E-02     1.00000E+00     0.00000E+00
 7.59834E-09     8.58693E-02    -8.71364E-02     1.00000E+00     0.00000E+00
 7.61179E-09     8.58155E-02    -8.70407E-02     1.00000E+00     0.00000E+00
 7.62524E-09     8.57618E-02    -8.69450E-02     1.00000E+00     0.00000E+00
 7.63869E-09     8.57081E-02    -8.68127E-02     1.00000E+00     0.00000E+00
 7.65213E-09     8.56544E-02    -8.66804E-02     1.00000E+00     0.00000E+00
 7.66558E-09     8.56008E-02    -8.65481E-02     1.00000E+00     0.00000E+00
 7.67903E-09     8.55471E-02    -8.64159E-02     1.00000E+00     0.00000E+00
 7.69248E-09     8.54934E-02    -8.62836E-02     1.00000E+00     0.00000E+00
 7.70593E-09     8.54397E-02    -8.61513E-02     1.00000E+00     0.00000E+00
 7.71938E-09     8.53860E-02    -8.60190E-02     1.00000E+00     0.00000E+00
 7.73283E-09     8.53323E-02    -8.58867E-02     1.00000E+00     0.00000E+00
 7.74628E-09     8.52786E-02    -8.57544E-02     1.00000E+00     0.00000E+00
 7.75973E-09     8.52249E-02    -8.56222E-02     1.00000E+00     0.00000E+00
 7.77317E-09     8.51712E-02    -8.54898E-02     1.00000E+00     0.00000E+00
 7.78662E-09     8.51175E-02    -8.53576E-02     1.00000E+00     0.00000E+00
 7.80007E-09     8.50638E-02    -8.52253E-02     1.00000E+00     0.00000E+00
 7.81352E-09     8.50101E-02    -8.50931E-02     1.00000E+00     0.00000E+00
 7.82697E-09     8.49564E-02    -8.49608E-02     1.00000E+00     0.00000E+00
 7.84042E-09     8.49027E-02    -8.48284E-02     1.00000E+00     0.00000E+00
 7.85387E-09     8.48490E-02    -8.46961E-02     1.00000E+00     0.00000E+00
 7.86732E-09     8.47954E-02    -8.45639E-02     1.00000E+00     0.00000E+00
 7.88076E-09     8.47416E-02    -8.44316E-02     1.00000E+00     0.00000E+00
 7.89421E-09     8.46879E-02    -8.42993E-02     1.00000E+00     0.00000E+00
 7.90766E-09     8.46342E-02    -8.41671E-02     1.00000E+00     0.00000E+00
 7.92111E-09     8.45805E-02    -8.40347E-02     1.00000E+00     0.00000E+00
 7.93456E-09     8.45269E-02    -8.39024E-02     1.00000E+00     0.00000E+00
 7.94801E-09     8.44543E-02    -8.37702E-02     1.00000E+00     0.00000E+00
 7.96146E-09     8.43283E-02    -8.36379E-02     1.00000E+00     0.00000E+00
 7.97491E-09     8.42023E-02    -8.35056E-02     1.00000E+00     0.00000E+00
 7.98835E-09     8.40763E-02    -8.33733E-02     1.00000E+00     0.00000E+00
 8.00180E-09     8.39503E-02    -8.32410E-02     1.00000E+00     0.00000E+00
 8.01525E-09     8.38242E-02    -8.31088E-02     1.00000E+00     0.00000E+00
 8.02870E-09     8.36982E-02    -8.29765E-02     1.00000E+00     0.00000E+00
 8.04215E-09     8.35722E-02    -8.28442E-02     1.00000E+00     0.00000E+00
 8.05560E-09     8.34462E-02    -8.27119E-02     1.00000E+00     0.00000E+00
 8.06905E-09     8.33201E-02    -8.25796E-02     1.00000E+00     0.00000E+00
 8.08250E-09     8.31941E-02    -8.24474E-02     1.00000E+00     0.00000E+00
 8.09595E-09     8.30681E-02    -8.23151E-02     1.00000E+00     0.00000E+00
 8.10939E-09     8.29421E-02    -8.21828E-02     1.00000E+00     0.00000E+00
 8.12284E-09     8.28161E-02    -8.20505E-02     1.00000E+00     0.00000E+00
 8.13629E-09     8.26901E-02    -8.19182E-02     1.00000E+00     0.00000E+00
 8.14974E-09     8.25641E-02    -8.17859E-02     1.00000E+00     0.00000E+00
 8.16319E-09     8.24381E-02    -8.16536E-02     1.00000E+00     0.00000E+00
 8.17664E-09     8.23120E-02    -8.15213E-02     1.00000E+00     0.00000E+00
 8.19009E-09     8.21860E-02    -8.13890E-02     1.00000E+00     0.00000E+00
 8.20354E-09     8.20600E-02    -8.12568E-02     1.00000E+00     0.00000E+00
 8.21698E-09     8.19339E-02    -8.11245E-02     1.00000E+00     0.00000E+00
 8.23043E-09     8.18079E-02    -8.09922E-02     1.00000E+00     0.00000E+00
 8.24388E-09     8.16819E-02    -8.08599E-02     1.00000E+00     0.00000E+00
 8.25733E-09     8.15559E-02    -8.07276E-02     1.00000E+00     0.00000E+00
 8.27078E-09     8.14299E-02    -8.05954E-02     1.00000E+00     0.00000E+00
 8.28423E-09     8.13039E-02    -8.04631E-02     1.00000E+00     0.00000E+00
 8.29768E-09     8.11779E-02    -8.03308E-02     1.00000E+00     0.00000E+00
 8.31113E-09     8.10518E-02    -8.01985E-02     1.00000E+00     0.00000E+00
 8.32457E-09     8.09258E-02    -8.00662E-02     1.00000E+00     0.00000E+00
 8.33802E-09     8.07998E-02    -7.99339E-02     1.00000E+00     0.00000E+00
 8.35147E-09     8.06738E-02    -7.98016E-02     1.00000E+00     0.00000E+00
 8.36492E-09     8.05477E-02    -7.96694E-02     1.00000E+00     0.00000E+00
 8.37837E-09     8.04217E-02    -7.95371E-02     1.00000E+00     0.00000E+00
 8.39182E-09     8.02957E-02    -7.94048E-02     1.00000E+00     0.00000E+00
 8.40527E-09     8.01697E-02    -7.92725E-02     1.00000E+00     0.00000E+00
 8.41872E-09     8.00436E-02    -7.91402E-02     1.00000E+00     0.00000E+00
 8.43217E-09     7.99176E-02    -7.90080E-02     1.00000E+00     0.00000E+00
 8.44561E-09     7.97916E-02    -7.88757E-02     1.00000E+00     0.00000E+00
 8.45906E-09     7.96656E-02    -7.87434E-02     1.00000E+00     0.00000E+00
 8.47251E-09     7.95396E-02    -7.86111E-02     1.00000E+00     0.00000E+00
 8.48596E-09     7.93820E-02    -7.84788E-02     1.00000E+00     0.00000E+00
 8.49941E-09     7.92244E-02    -7.83465E-02     1.00000E+00     0.00000E+00
 8.51286E-09     7.90668E-02    -7.82142E-02     1.00000E+00     0.00000E+00
 8.52631E-09     7.89092E-02    -7.80820E-02     1.00000E+00     0.00000E+00
 8.53976E-09     7.87516E-02    -7.79496E-02     1.00000E+00     0.00000E+00
 8.55320E-09     7.85940E-02    -7.78174E-02     1.00000E+00     0.00000E+00
 8.56665E-09     7.84364E-02    -7.76851E-02     1.00000E+00     0.00000E+00
 8.58010E-09     7.82788E-02    -7.75528E-02     1.00000E+00     0.00000E+00
 8.59355E-09     7.81212E-02    -7.74205E-02     1.00000E+00     0.00000E+00
 8.60700E-09     7.79637E-02    -7.72882E-02     1.00000E+00     0.00000E+00
 8.62045E-09     7.78061E-02    -7.71559E-02     1.00000E+00     0.00000E+00
 8.63390E-09     7.76485E-02    -7.70237E-02     1.00000E+00     0.00000E+00
 8.64735E-09     7.74908E-02    -7.68914E-02     1.00000E+00     0.00000E+00
 8.66079E-09     7.73333E-02    -7.67591E-02     1.00000E+00     0.00000E+00
 8.67424E-09     7.71757E-02    -7.66268E-02     1.00000E+00     0.00000E+00
 8.68769E-09     7.70181E-02    -7.64945E-02     1.00000E+00     0.00000E+00
 8.70114E-09     7.68605E-02    -7.63623E-02     1.00000E+00     0.00000E+00
 8.71459E-09     7.67029E-02    -7.62300E-02     1.00000E+00     0.00000E+00
 8.72804E-09     7.65454E-02    -7.60977E-02     1.00000E+00     0.00000E+00
 8.74149E-09     7.63877E-02    -7.59654E-02     1.00000E+00     0.00000E+00
 8.75494E-09     7.62301E-02    -7.58331E-02     1.00000E+00     0.00000E+00
 8.76839E-09     7.60726E-02    -7.57008E-02     1.00000E+00     0.00000E+00
 8.78183E-09     7.59150E-02    -7.55685E-02     1.00000E+00     0.00000E+00
 8.79528E-09     7.57574E-02    -7.54368E-02     1.00000E+00     0.00000E+00
 8.80873E-09     7.55997E-02    -7.53065E-02     1.00000E+00     0.00000E+00
 8.82218E-09     7.54422E-02    -7.51763E-02     1.00000E+00     0.00000E+00
 8.83563E-09     7.52846E-02    -7.50461E-02     1.00000E+00     0.00000E+00
 8.84908E-09     7.51269E-02    -7.49158E-02     1.00000E+00     0.00000E+00
 8.86253E-09     7.49694E-02    -7.47856E-02     1.00000E+00     0.00000E+00
 8.87598E-09     7.48118E-02    -7.46554E-02     1.00000E+00     0.00000E+00
 8.88942E-09     7.46542E-02    -7.45251E-02     1.00000E+00     0.00000E+00
 8.90287E-09     7.44966E-02    -7.43949E-02     1.00000E+00     0.00000E+00
 8.91632E-09     7.43390E-02    -7.42646E-02     1.00000E+00     0.00000E+00
 8.92977E-09     7.41814E-02    -7.41343E-02     1.00000E+00     0.00000E+00
 8.94322E-09     7.40238E-02    -7.40042E-02     1.00000E+00     0.00000E+00
 8.95667E-09     7.38662E-02    -7.38739E-02     1.00000E+00     0.00000E+00
 8.97012E-09     7.37087E-02    -7.37436E-02     1.00000E+00     0.00000E+00
 8.98357E-09     7.35511E-02    -7.36134E-02     1.00000E+00     0.00000E+00
 8.99701E-09     7.33935E-02    -7.34832E-02     1.00000E+00     0.00000E+00
 9.01046E-09     7.32359E-02    -7.33529E-02     1.00000E+00     0.00000E+00
 9.02391E-09     7.30783E-02    -7.32226E-02     1.00000E+00     0.00000E+00
 9.03736E-09     7.29207E-02    -7.30924E-02     1.00000E+00     0.00000E+00
 9.05081E-09     7.27631E-02    -7.29622E-02     1.00000E+00     0.00000E+00
 9.06426E-09     7.26056E-02    -7.28319E-02     1.00000E+00     0.00000E+00
 9.07771E-09     7.24479E-02    -7.27017E-02     1.00000E+00     0.00000E+00
 9.09116E-09     7.22904E-02    -7.25715E-02     1.00000E+00     0.00000E+00
 9.10461E-09     7.21327E-02    -7.24412E-02     1.00000E+00     0.00000E+00
 9.11805E-09     7.19752E-02    -7.23110E-02     1.00000E+00     0.00000E+00
 9.13150E-09     7.18176E-02    -7.21807E-02     1.00000E+00     0.00000E+00
 9.14495E-09     7.16600E-02    -7.20505E-02     1.00000E+00     0.00000E+00
 9.15840E-09     7.15024E-02    -7.19203E-02     1.00000E+00     0.00000E+00
 9.17185E-09     7.13448E-02    -7.17900E-02     1.00000E+00     0.00000E+00
 9.18530E-09     7.11872E-02    -7.16598E-02     1.00000E+00     0.00000E+00
 9.19875E-09     7.10296E-02    -7.15296E-02     1.00000E+00     0.00000E+00
 9.21220E-09     7.08720E-02    -7.13993E-02     1.00000E+00     0.00000E+00
 9.22564E-09     7.07144E-02    -7.12690E-02     1.00000E+00     0.00000E+00
 9.23909E-09     7.05568E-02    -7.11388E-02     1.00000E+00     0.00000E+00
 9.25254E-09     7.03992E-02    -7.10086E-02     1.00000E+00     0.00000E+00
 9.26599E-09     7.02416E-02    -7.08783E-02     1.00000E+00     0.00000E+00
 9.27944E-09     7.00840E-02    -7.07481E-02     1.00000E+00     0.00000E+00
 9.29289E-09     6.99264E-02    -7.06179E-02     1.00000E+00     0.00000E+00
 9.30634E-09     6.97689E-02    -7.04876E-02     1.00000E+00     0.00000E+00
 9.31979E-09     6.96113E-02    -7.03574E-02     1.00000E+00     0.00000E+00
 9.33323E-09     6.94537E-02    -7.02001E-02     1.00000E+00     0.00000E+00
 9.34668E-09     6.92961E-02    -7.00428E-02     1.00000E+00     0.00000E+00
 9.36013E-09     6.91385E-02    -6.98856E-02     1.00000E+00     0.00000E+00
 9.37358E-09     6.89809E-02    -6.97284E-02     1.00000E+00     0.00000E+00
 9.38703E-09     6.88233E-02    -6.95711E-02     1.00000E+00     0.00000E+00
 9.40048E-09     6.86657E-02    -6.94138E-02     1.00000E+00     0.00000E+00
 9.41393E-09     6.85081E-02    -6.92566E-02     1.00000E+00     0.00000E+00
 9.42738E-09     6.83506E-02    -6.90994E-02     1.00000E+00     0.00000E+00
 9.44083E-09     6.81930E-02    -6.89421E-02     1.00000E+00     0.00000E+00
 9.45427E-09     6.80354E-02    -6.87849E-02     1.00000E+00     0.00000E+00
 9.46772E-09     6.78778E-02    -6.86277E-02     1.00000E+00     0.00000E+00
 9.48117E-09     6.77202E-02    -6.84704E-02     1.00000E+00     0.00000E+00
 9.49462E-09     6.75626E-02    -6.83132E-02     1.00000E+00     0.00000E+00
 9.50807E-09     6.74050E-02    -6.81559E-02     1.00000E+00     0.00000E+00
 9.52152E-09     6.72474E-02    -6.79986E-02     1.00000E+00     0.00000E+00
 9.53497E-09     6.70898E-02    -6.78414E-02     1.00000E+00     0.00000E+00
 9.54842E-09     6.69322E-02    -6.76842E-02     1.00000E+00     0.00000E+00
 9.56186E-09     6.67746E-02    -6.75269E-02     1.00000E+00     0.00000E+00
 9.57531E-09     6.66171E-02    -6.73697E-02     1.00000E+00     0.00000E+00
 9.58876E-09     6.64594E-02    -6.72124E-02     1.00000E+00     0.00000E+00
 9.60221E-09     6.63018E-02    -6.70552E-02     1.00000E+00     0.00000E+00
 9.61566E-09     6.61443E-02    -6.68979E-02     1.00000E+00     0.00000E+00
 9.62911E-09     6.59866E-02    -6.67408E-02     1.00000E+00     0.00000E+00
 9.64256E-09     6.58382E-02    -6.65835E-02     1.00000E+00     0.00000E+00
 9.65601E-09     6.57157E-02    -6.64262E-02     1.00000E+00     0.00000E+00
 9.66945E-09     6.55932E-02    -6.62690E-02     1.00000E+00     0.00000E+00
 9.68290E-09     6.54707E-02    -6.61117E-02     1.00000E+00     0.00000E+00
 9.69635E-09     6.53481E-02    -6.59545E-02     1.00000E+00     0.00000E+00
 9.70980E-09     6.52257E-02    -6.57972E-02     1.00000E+00     0.00000E+00
 9.72325E-09     6.51032E-02    -6.56400E-02     1.00000E+00     0.00000E+00
 9.73670E-09     6.49807E-02    -6.54827E-02     1.00000E+00     0.00000E+00
 9.75015E-09     6.48581E-02    -6.53255E-02     1.00000E+00     0.00000E+00
 9.76360E-09     6.47357E-02    -6.51682E-02     1.00000E+00     0.00000E+00
 9.77704E-09     6.46132E-02    -6.50110E-02     1.00000E+00     0.00000E+00
 9.79049E-09     6.44907E-02    -6.48537E-02     1.00000E+00     0.00000E+00
 9.80394E-09     6.43682E-02    -6.46965E-02     1.00000E+00     0.00000E+00
 9.81739E-09     6.42456E-02    -6.45393E-02     1.00000E+00     0.00000E+00
 9.83084E-09     6.41232E-02    -6.43820E-02     1.00000E+00     0.00000E+00
 9.84429E-09     6.40006E-02    -6.42248E-02     1.00000E+00     0.00000E+00
 9.85774E-09     6.38781E-02    -6.40675E-02     1.00000E+00     0.00000E+00
 9.87119E-09     6.37556E-02    -6.39103E-02     1.00000E+00     0.00000E+00
 9.88464E-09     6.36331E-02    -6.37530E-02     1.00000E+00     0.00000E+00
 9.89808E-09     6.35106E-02    -6.35958E-02     1.00000E+00     0.00000E+00
 9.91153E-09     6.33881E-02    -6.34385E-02     1.00000E+00     0.00000E+00
 9.92498E-09     6.32656E-02    -6.32813E-02     1.00000E+00     0.00000E+00
 9.93843E-09     6.31431E-02    -6.31241E-02     1.00000E+00     0.00000E+00
 9.95188E-09     6.30206E-02    -6.29668E-02     1.00000E+00     0.00000E+00
 9.96533E-09     6.28981E-02    -6.28095E-02     1.00000E+00     0.00000E+00
 9.97878E-09     6.27756E-02    -6.26523E-02     1.00000E+00     0.00000E+00
 9.99223E-09     6.26531E-02    -6.24951E-02     1.00000E+00     0.00000E+00
 1.00057E-08     6.25306E-02    -6.23378E-02     1.00000E+00     0.00000E+00
 1.00191E-08     6.24081E-02    -6.21806E-02     1.00000E+00     0.00000E+00
 1.00326E-08     6.22856E-02    -6.20233E-02     1.00000E+00     0.00000E+00
 1.00460E-08     6.21631E-02    -6.18661E-02     1.00000E+00     0.00000E+00
 1.00595E-08     6.20406E-02    -6.17089E-02     1.00000E+00     0.00000E+00
 1.00729E-08     6.19181E-02    -6.15516E-02     1.00000E+00     0.00000E+00
 1.00864E-08     6.17955E-02    -6.13943E-02     1.00000E+00     0.00000E+00
 1.00998E-08     6.16730E-02    -6.12371E-02     1.00000E+00     0.00000E+00
 1.01133E-08     6.15506E-02    -6.10799E-02     1.00000E+00     0.00000E+00
 1.01267E-08     6.14281E-02    -6.09226E-02     1.00000E+00     0.00000E+00
 1.01402E-08     6.13055E-02    -6.07654E-02     1.00000E+00     0.00000E+00
 1.01536E-08     6.11830E-02    -6.06081E-02     1.00000E+00     0.00000E+00
 1.01671E-08     6.10605E-02    -6.04509E-02     1.00000E+00     0.00000E+00
 1.01805E-08     6.09151E-02    -6.02936E-02     1.00000E+00     0.00000E+00
 1.01940E-08     6.07696E-02    -6.01364E-02     1.00000E+00     0.00000E+00
 1.02074E-08     6.06241E-02    -5.99791E-02     1.00000E+00     0.00000E+00
 1.02209E-08     6.04786E-02    -5.98219E-02     1.00000E+00     0.00000E+00
 1.02343E-08     6.03331E-02    -5.96647E-02     1.00000E+00     0.00000E+00
 1.02478E-08     6.01877E-02    -5.95074E-02     1.00000E+00     0.00000E+00
 1.02612E-08     6.00422E-02    -5.93501E-02     1.00000E+00     0.00000E+00
 1.02747E-08     5.98968E-02    -5.91929E-02     1.00000E+00     0.00000E+00
 1.02881E-08     5.97513E-02    -5.90357E-02     1.00000E+00     0.00000E+00
 1.03015E-08     5.96058E-02    -5.88784E-02     1.00000E+00     0.00000E+00
 1.03150E-08     5.94603E-02    -5.87212E-02     1.00000E+00     0.00000E+00
 1.03284E-08     5.93148E-02    -5.85639E-02     1.00000E+00     0.00000E+00
 1.03419E-08     5.91694E-02    -5.84067E-02     1.00000E+00     0.00000E+00
 1.03553E-08     5.90239E-02    -5.82494E-02     1.00000E+00     0.00000E+00
 1.03688E-08     5.88784E-02    -5.80922E-02     1.00000E+00     0.00000E+00
 1.03822E-08     5.87329E-02    -5.79349E-02     1.00000E+00     0.00000E+00
 1.03957E-08     5.85875E-02    -5.77777E-02     1.00000E+00     0.00000E+00
 1.04091E-08     5.84420E-02    -5.76205E-02     1.00000E+00     0.00000E+00
 1.04226E-08     5.82966E-02    -5.74632E-02     1.00000E+00     0.00000E+00
 1.04360E-08     5.81511E-02    -5.73059E-02     1.00000E+00     0.00000E+00
 1.04495E-08     5.80056E-02    -5.71487E-02     1.00000E+00     0.00000E+00
 1.04629E-08     5.78601E-02    -5.69915E-02     1.00000E+00     0.00000E+00
 1.04764E-08     5.77146E-02    -5.68342E-02     1.00000E+00     0.00000E+00
 1.04898E-08     5.75692E-02    -5.66893E-02     1.00000E+00     0.00000E+00
 1.05033E-08     5.74237E-02    -5.65793E-02     1.00000E+00     0.00000E+00
 1.05167E-08     5.72782E-02    -5.64693E-02     1.00000E+00     0.00000E+00
 1.05302E-08     5.71327E-02    -5.63593E-02     1.00000E+00     0.00000E+00
 1.05436E-08     5.69872E-02    -5.62493E-02     1.00000E+00     0.00000E+00
 1.05571E-08     5.68418E-02    -5.61393E-02     1.00000E+00     0.00000E+00
 1.05705E-08     5.66964E-02    -5.60293E-02     1.00000E+00     0.00000E+00
 1.05840E-08     5.65508E-02    -5.59192E-02     1.00000E+00     0.00000E+00
 1.05974E-08     5.64054E-02    -5.58093E-02     1.00000E+00     0.00000E+00
 1.06109E-08     5.62599E-02    -5.56993E-02     1.00000E+00     0.00000E+00
 1.06243E-08     5.61144E-02    -5.55893E-02     1.00000E+00     0.00000E+00
 1.06378E-08     5.59689E-02    -5.54793E-02     1.00000E+00     0.00000E+00
 1.06512E-08     5.58235E-02    -5.53693E-02     1.00000E+00     0.00000E+00
 1.06647E-08     5.56780E-02    -5.52593E-02     1.00000E+00     0.00000E+00
 1.06781E-08     5.55325E-02    -5.51493E-02     1.00000E+00     0.00000E+00
 1.06916E-08     5.53871E-02    -5.50393E-02     1.00000E+00     0.00000E+00
 1.07050E-08     5.52416E-02    -5.49293E-02     1.00000E+00     0.00000E+00
 1.07185E-08     5.50961E-02    -5.48193E-02     1.00000E+00     0.00000E+00
 1.07319E-08     5.49507E-02    -5.47093E-02     1.00000E+00     0.00000E+00
 1.07454E-08     5.48052E-02    -5.45993E-02     1.00000E+00     0.00000E+00
 1.07588E-08     5.46597E-02    -5.44893E-02     1.00000E+00     0.00000E+00
 1.07723E-08     5.45142E-02    -5.43793E-02     1.00000E+00     0.00000E+00
 1.07857E-08     5.43687E-02    -5.42693E-02     1.00000E+00     0.00000E+00
 1.07992E-08     5.42233E-02    -5.41593E-02     1.00000E+00     0.00000E+00
 1.08126E-08     5.40778E-02    -5.40493E-02     1.00000E+00     0.00000E+00
 1.08261E-08     5.39323E-02    -5.39393E-02     1.00000E+00     0.00000E+00
 1.08395E-08     5.37869E-02    -5.38293E-02     1.00000E+00     0.00000E+00
 1.08529E-08     5.36414E-02    -5.37193E-02     1.00000E+00     0.00000E+00
 1.08664E-08     5.34959E-02    -5.36093E-02     1.00000E+00     0.00000E+00
 1.08798E-08     5.33504E-02    -5.34993E-02     1.00000E+00     0.00000E+00
 1.08933E-08     5.32050E-02    -5.33893E-02     1.00000E+00     0.00000E+00
 1.09067E-08     5.30595E-02    -5.32793E-02     1.00000E+00     0.00000E+00
 1.09202E-08     5.29140E-02    -5.31693E-02     1.00000E+00     0.00000E+00
 1.09336E-08     5.27685E-02    -5.30593E-02     1.00000E+00     0.00000E+00
 1.09471E-08     5.26230E-02    -5.29493E-02     1.00000E+00     0.00000E+00
 1.09605E-08     5.24776E-02    -5.28393E-02     1.00000E+00     0.00000E+00
 1.09740E-08     5.23321E-02    -5.27293E-02     1.00000E+00     0.00000E+00
 1.09874E-08     5.21866E-02    -5.26193E-02     1.00000E+00     0.00000E+00
 1.10009E-08     5.20412E-02    -5.25093E-02     1.00000E+00     0.00000E+00
 1.10143E-08     5.18957E-02    -5.23993E-02     1.00000E+00     0.00000E+00
 1.10278E-08     5.17502E-02    -5.22698E-02     1.00000E+00     0.00000E+00
 1.10412E-08     5.16047E-02    -5.21403E-02     1.00000E+00     0.00000E+00
 1.10547E-08     5.14593E-02    -5.20109E-02     1.00000E+00     0.00000E+00
 1.10681E-08     5.13138E-02    -5.18814E-02     1.00000E+00     0.00000E+00
 1.10816E-08     5.11683E-02    -5.17519E-02     1.00000E+00     0.00000E+00
 1.10950E-08     5.10228E-02    -5.16225E-02     1.00000E+00     0.00000E+00
 1.11085E-08     5.08774E-02    -5.14930E-02     1.00000E+00     0.00000E+00
 1.11219E-08     5.07319E-02    -5.13635E-02     1.00000E+00     0.00000E+00
 1.11354E-08     5.05865E-02    -5.12341E-02     1.00000E+00     0.00000E+00
 1.11488E-08     5.04410E-02    -5.11046E-02     1.00000E+00     0.00000E+00
 1.11623E-08     5.02955E-02    -5.09751E-02     1.00000E+00     0.00000E+00
 1.11757E-08     5.01500E-02    -5.08456E-02     1.00000E+00     0.00000E+00
 1.11892E-08     5.00045E-02    -5.07162E-02     1.00000E+00     0.00000E+00
 1.12026E-08     4.98590E-02    -5.05867E-02     1.00000E+00     0.00000E+00
 1.12161E-08     4.97136E-02    -5.04572E-02     1.00000E+00     0.00000E+00
 1.12295E-08     4.95681E-02    -5.03278E-02     1.00000E+00     0.00000E+00
 1.12430E-08     4.94226E-02    -5.01983E-02     1.00000E+00     0.00000E+00
 1.12564E-08     4.92771E-02    -5.00688E-02     1.00000E+00     0.00000E+00
 1.12699E-08     4.91317E-02    -4.99393E-02     1.00000E+00     0.00000E+00
 1.12833E-08     4.89862E-02    -4.98099E-02     1.00000E+00     0.00000E+00
 1.12968E-08     4.88408E-02    -4.96804E-02     1.00000E+00     0.00000E+00
 1.13102E-08     4.86952E-02    -4.95509E-02     1.00000E+00     0.00000E+00
 1.13237E-08     4.85498E-02    -4.94214E-02     1.00000E+00     0.00000E+00
 1.13371E-08     4.84171E-02    -4.92920E-02     1.00000E+00     0.00000E+00
 1.13506E-08     4.83208E-02    -4.91625E-02     1.00000E+00     0.00000E+00
 1.13640E-08     4.82245E-02    -4.90330E-02     1.00000E+00     0.00000E+00
 1.13775E-08     4.81282E-02    -4.89036E-02     1.00000E+00     0.00000E+00
 1.13909E-08     4.80319E-02    -4.87741E-02     1.00000E+00     0.00000E+00
 1.14043E-08     4.79357E-02    -4.86446E-02     1.00000E+00     0.00000E+00
 1.14178E-08     4.78393E-02    -4.85151E-02     1.00000E+00     0.00000E+00
 1.14312E-08     4.77431E-02    -4.83857E-02     1.00000E+00     0.00000E+00
 1.14447E-08     4.76468E-02    -4.82562E-02     1.00000E+00     0.00000E+00
 1.14581E-08     4.75505E-02    -4.81268E-02     1.00000E+00     0.00000E+00
 1.14716E-08     4.74542E-02    -4.79973E-02     1.00000E+00     0.00000E+00
 1.14850E-08     4.73579E-02    -4.78678E-02     1.00000E+00     0.00000E+00
 1.14985E-08     4.72616E-02    -4.77383E-02     1.00000E+00     0.00000E+00
 1.15119E-08     4.71653E-02    -4.76089E-02     1.00000E+00     0.00000E+00
 1.15254E-08     4.70690E-02    -4.74793E-02     1.00000E+00     0.00000E+00
 1.15388E-08     4.69728E-02    -4.73499E-02     1.00000E+00     0.00000E+00
 1.15523E-08     4.68764E-02    -4.72204E-02     1.00000E+00     0.00000E+00
 1.15657E-08     4.67802E-02    -4.70909E-02     1.00000E+00     0.00000E+00
 1.15792E-08     4.66838E-02    -4.69615E-02     1.00000E+00     0.00000E+00
 1.15926E-08     4.65876E-02    -4.68320E-02     1.00000E+00     0.00000E+00
 1.16061E-08     4.64913E-02    -4.67025E-02     1.00000E+00     0.00000E+00
 1.16195E-08     4.63950E-02    -4.65730E-02     1.00000E+00     0.00000E+00
 1.16330E-08     4.62987E-02    -4.64436E-02     1.00000E+00     0.00000E+00
 1.16464E-08     4.62024E-02    -4.63141E-02     1.00000E+00     0.00000E+00
 1.16599E-08     4.61062E-02    -4.61847E-02     1.00000E+00     0.00000E+00
 1.16733E-08     4.60098E-02    -4.60552E-02     1.00000E+00     0.00000E+00
 1.16868E-08     4.59135E-02    -4.59257E-02     1.00000E+00     0.00000E+00
 1.17002E-08     4.58173E-02    -4.57963E-02     1.00000E+00     0.00000E+00
 1.17137E-08     4.57209E-02    -4.56668E-02     1.00000E+00     0.00000E+00
 1.17271E-08     4.56247E-02    -4.55373E-02     1.00000E+00     0.00000E+00
 1.17406E-08     4.55284E-02    -4.54078E-02     1.00000E+00     0.00000E+00
 1.17540E-08     4.54321E-02    -4.52784E-02     1.00000E+00     0.00000E+00
 1.17675E-08     4.53358E-02    -4.51489E-02     1.00000E+00     0.00000E+00
 1.17809E-08     4.52395E-02    -4.50194E-02     1.00000E+00     0.00000E+00
 1.17944E-08     4.51432E-02    -4.48900E-02     1.00000E+00     0.00000E+00
 1.18078E-08     4.50469E-02    -4.47605E-02     1.00000E+00     0.00000E+00
 1.18213E-08     4.49507E-02    -4.46310E-02     1.00000E+00     0.00000E+00
 1.18347E-08     4.48543E-02    -4.45015E-02     1.00000E+00     0.00000E+00
 1.18482E-08     4.47580E-02    -4.43720E-02     1.00000E+00     0.00000E+00
 1.18616E-08     4.46618E-02    -4.42426E-02     1.00000E+00     0.00000E+00
 1.18751E-08     4.45490E-02    -4.41131E-02     1.00000E+00     0.00000E+00
 1.18885E-08     4.44362E-02    -4.39836E-02     1.00000E+00     0.00000E+00
 1.19020E-08     4.43234E-02    -4.38542E-02     1.00000E+00     0.00000E+00
 1.19154E-08     4.42107E-02    -4.37247E-02     1.00000E+00     0.00000E+00
 1.19289E-08     4.40980E-02    -4.35953E-02     1.00000E+00     0.00000E+00
 1.19423E-08     4.39852E-02    -4.34657E-02     1.00000E+00     0.00000E+00
 1.19558E-08     4.38724E-02    -4.33363E-02     1.00000E+00     0.00000E+00
 1.19692E-08     4.37596E-02    -4.32068E-02     1.00000E+00     0.00000E+00
 1.19826E-08     4.36469E-02    -4.30773E-02     1.00000E+00     0.00000E+00
 1.19961E-08     4.35341E-02    -4.29479E-02     1.00000E+00     0.00000E+00
 1.20095E-08     4.34214E-02    -4.28184E-02     1.00000E+00     0.00000E+00
 1.20230E-08     4.33086E-02    -4.26890E-02     1.00000E+00     0.00000E+00
 1.20364E-08     4.31958E-02    -4.25594E-02     1.00000E+00     0.00000E+00
 1.20499E-08     4.30831E-02    -4.24300E-02     1.00000E+00     0.00000E+00
 1.20633E-08     4.29703E-02    -4.23005E-02     1.00000E+00     0.00000E+00
 1.20768E-08     4.28575E-02    -4.21711E-02     1.00000E+00     0.00000E+00
 1.20902E-08     4.27448E-02    -4.20416E-02     1.00000E+00     0.00000E+00
 1.21037E-08     4.26320E-02    -4.19121E-02     1.00000E+00     0.00000E+00
 1.21171E-08     4.25193E-02    -4.17826E-02     1.00000E+00     0.00000E+00
 1.21306E-08     4.24065E-02    -4.16532E-02     1.00000E+00     0.00000E+00
 1.21440E-08     4.22937E-02    -4.15237E-02     1.00000E+00     0.00000E+00
 1.21575E-08     4.21810E-02    -4.13942E-02     1.00000E+00     0.00000E+00
 1.21709E-08     4.20682E-02    -4.12647E-02     1.00000E+00     0.00000E+00
 1.21844E-08     4.19555E-02    -4.11474E-02     1.00000E+00     0.00000E+00
 1.21978E-08     4.18426E-02    -4.10643E-02     1.00000E+00     0.00000E+00
 1.22113E-08     4.17299E-02    -4.09812E-02     1.00000E+00     0.00000E+00
 1.22247E-08     4.16172E-02    -4.08982E-02     1.00000E+00     0.00000E+00
 1.22382E-08     4.15044E-02    -4.08152E-02     1.00000E+00     0.00000E+00
 1.22516E-08     4.13916E-02    -4.07321E-02     1.00000E+00     0.00000E+00
 1.22651E-08     4.12788E-02    -4.06490E-02     1.00000E+00     0.00000E+00
 1.22785E-08     4.11661E-02    -4.05660E-02     1.00000E+00     0.00000E+00
 1.22920E-08     4.10534E-02    -4.04829E-02     1.00000E+00     0.00000E+00
 1.23054E-08     4.09406E-02    -4.03998E-02     1.00000E+00     0.00000E+00
 1.23189E-08     4.08279E-02    -4.03168E-02     1.00000E+00     0.00000E+00
 1.23323E-08     4.07151E-02    -4.02337E-02     1.00000E+00     0.00000E+00
 1.23458E-08     4.06023E-02    -4.01506E-02     1.00000E+00     0.00000E+00
 1.23592E-08     4.04896E-02    -4.00676E-02     1.00000E+00     0.00000E+00
 1.23727E-08     4.03768E-02    -3.99846E-02     1.00000E+00     0.00000E+00
 1.23861E-08     4.02641E-02    -3.99015E-02     1.00000E+00     0.00000E+00
 1.23996E-08     4.01512E-02    -3.98185E-02     1.00000E+00     0.00000E+00
 1.24130E-08     4.00385E-02    -3.97354E-02     1.00000E+00     0.00000E+00
 1.24265E-08     3.99258E-02    -3.96523E-02     1.00000E+00     0.00000E+00
 1.24399E-08     3.98130E-02    -3.95693E-02     1.00000E+00     0.00000E+00
 1.24534E-08     3.97002E-02    -3.94862E-02     1.00000E+00     0.00000E+00
 1.24668E-08     3.95874E-02    -3.94031E-02     1.00000E+00     0.00000E+00
 1.24803E-08     3.94747E-02    -3.93201E-02     1.00000E+00     0.00000E+00
 1.24937E-08     3.93619E-02    -3.92370E-02     1.00000E+00     0.00000E+00
 1.25072E-08     3.92492E-02    -3.91539E-02     1.00000E+00     0.00000E+00
 1.25206E-08     3.91364E-02    -3.90709E-02     1.00000E+00     0.00000E+00
 1.25340E-08     3.90236E-02    -3.89879E-02     1.00000E+00     0.00000E+00
 1.25475E-08     3.89109E-02    -3.89048E-02     1.00000E+00     0.00000E+00
 1.25609E-08     3.87981E-02    -3.88217E-02     1.00000E+00     0.00000E+00
 1.25744E-08     3.86853E-02    -3.87387E-02     1.00000E+00     0.00000E+00
 1.25878E-08     3.85726E-02    -3.86556E-02     1.00000E+00     0.00000E+00
 1.26013E-08     3.84598E-02    -3.85725E-02     1.00000E+00     0.00000E+00
 1.26147E-08     3.83471E-02    -3.84895E-02     1.00000E+00     0.00000E+00
 1.26282E-08     3.82343E-02    -3.84064E-02     1.00000E+00     0.00000E+00
 1.26416E-08     3.81215E-02    -3.83234E-02     1.00000E+00     0.00000E+00
 1.26551E-08     3.80087E-02    -3.82404E-02     1.00000E+00     0.00000E+00
 1.26685E-08     3.78960E-02    -3.81573E-02     1.00000E+00     0.00000E+00
 1.26820E-08     3.77832E-02    -3.80743E-02     1.00000E+00     0.00000E+00
 1.26954E-08     3.76705E-02    -3.79912E-02     1.00000E+00     0.00000E+00
 1.27089E-08     3.75577E-02    -3.79081E-02     1.00000E+00     0.00000E+00
 1.27223E-08     3.74450E-02    -3.78112E-02     1.00000E+00     0.00000E+00
 1.27358E-08     3.73322E-02    -3.77142E-02     1.00000E+00     0.00000E+00
 1.27492E-08     3.72194E-02    -3.76172E-02     1.00000E+00     0.00000E+00
 1.27627E-08     3.71067E-02    -3.75202E-02     1.00000E+00     0.00000E+00
 1.27761E-08     3.69939E-02    -3.74233E-02     1.00000E+00     0.00000E+00
 1.27896E-08     3.68812E-02    -3.73263E-02     1.00000E+00     0.00000E+00
 1.28030E-08     3.67684E-02    -3.72293E-02     1.00000E+00     0.00000E+00
 1.28165E-08     3.66556E-02    -3.71323E-02     1.00000E+00     0.00000E+00
 1.28299E-08     3.65428E-02    -3.70354E-02     1.00000E+00     0.00000E+00
 1.28434E-08     3.64301E-02    -3.69384E-02     1.00000E+00     0.00000E+00
 1.28568E-08     3.63173E-02    -3.68414E-02     1.00000E+00     0.00000E+00
 1.28703E-08     3.62046E-02    -3.67445E-02     1.00000E+00     0.00000E+00
 1.28837E-08     3.60919E-02    -3.66474E-02     1.00000E+00     0.00000E+00
 1.28972E-08     3.59791E-02    -3.65505E-02     1.00000E+00     0.00000E+00
 1.29106E-08     3.58663E-02    -3.64535E-02     1.00000E+00     0.00000E+00
 1.29241E-08     3.57535E-02    -3.63566E-02     1.00000E+00     0.00000E+00
 1.29375E-08     3.56407E-02    -3.62596E-02     1.00000E+00     0.00000E+00
 1.29510E-08     3.55281E-02    -3.61626E-02     1.00000E+00     0.00000E+00
 1.29644E-08     3.54152E-02    -3.60656E-02     1.00000E+00     0.00000E+00
 1.29779E-08     3.53025E-02    -3.59687E-02     1.00000E+00     0.00000E+00
 1.29913E-08     3.51897E-02    -3.58717E-02     1.00000E+00     0.00000E+00
 1.30048E-08     3.50770E-02    -3.57747E-02     1.00000E+00     0.00000E+00
 1.30182E-08     3.49642E-02    -3.56777E-02     1.00000E+00     0.00000E+00
 1.30317E-08     3.48622E-02    -3.55808E-02     1.00000E+00     0.00000E+00
 1.30451E-08     3.47913E-02    -3.54838E-02     1.00000E+00     0.00000E+00
 1.30586E-08     3.47203E-02    -3.53869E-02     1.00000E+00     0.00000E+00
 1.30720E-08     3.46493E-02    -3.52899E-02     1.00000E+00     0.00000E+00
 1.30854E-08     3.45783E-02    -3.51929E-02     1.00000E+00     0.00000E+00
 1.30989E-08     3.45072E-02    -3.50959E-02     1.00000E+00     0.00000E+00
 1.31123E-08     3.44362E-02    -3.49989E-02     1.00000E+00     0.00000E+00
 1.31258E-08     3.43652E-02    -3.49020E-02     1.00000E+00     0.00000E+00
 1.31392E-08     3.42942E-02    -3.48049E-02     1.00000E+00     0.00000E+00
 1.31527E-08     3.42232E-02    -3.47080E-02     1.00000E+00     0.00000E+00
 1.31661E-08     3.41522E-02    -3.46110E-02     1.00000E+00     0.00000E+00
 1.31796E-08     3.40811E-02    -3.45141E-02     1.00000E+00     0.00000E+00
 1.31930E-08     3.40101E-02    -3.44171E-02     1.00000E+00     0.00000E+00
 1.32065E-08     3.39391E-02    -3.43201E-02     1.00000E+00     0.00000E+00
 1.32199E-08     3.38681E-02    -3.42231E-02     1.00000E+00     0.00000E+00
 1.32334E-08     3.37971E-02    -3.41262E-02     1.00000E+00     0.00000E+00
 1.32468E-08     3.37260E-02    -3.40292E-02     1.00000E+00     0.00000E+00
 1.32603E-08     3.36550E-02    -3.39323E-02     1.00000E+00     0.00000E+00
 1.32737E-08     3.35840E-02    -3.38352E-02     1.00000E+00     0.00000E+00
 1.32872E-08     3.35130E-02    -3.37383E-02     1.00000E+00     0.00000E+00
 1.33006E-08     3.34420E-02    -3.36413E-02     1.00000E+00     0.00000E+00
 1.33141E-08     3.33710E-02    -3.35444E-02     1.00000E+00     0.00000E+00
 1.33275E-08     3.33000E-02    -3.34474E-02     1.00000E+00     0.00000E+00
 1.33410E-08     3.32289E-02    -3.33504E-02     1.00000E+00     0.00000E+00
 1.33544E-08     3.31579E-02    -3.32534E-02     1.00000E+00     0.00000E+00
 1.33679E-08     3.30870E-02    -3.31564E-02     1.00000E+00     0.00000E+00
 1.33813E-08     3.30160E-02    -3.30595E-02     1.00000E+00     0.00000E+00
 1.33948E-08     3.29449E-02    -3.29624E-02     1.00000E+00     0.00000E+00
 1.34082E-08     3.28739E-02    -3.28655E-02     1.00000E+00     0.00000E+00
 1.34217E-08     3.28029E-02    -3.27685E-02     1.00000E+00     0.00000E+00
 1.34351E-08     3.27319E-02    -3.26716E-02     1.00000E+00     0.00000E+00
 1.34486E-08     3.26608E-02    -3.25747E-02     1.00000E+00     0.00000E+00
 1.34620E-08     3.25898E-02    -3.24776E-02     1.00000E+00     0.00000E+00
 1.34755E-08     3.25189E-02    -3.23807E-02     1.00000E+00     0.00000E+00
 1.34889E-08     3.24478E-02    -3.22837E-02     1.00000E+00     0.00000E+00
 1.35024E-08     3.23768E-02    -3.21867E-02     1.00000E+00     0.00000E+00
 1.35158E-08     3.23058E-02    -3.20898E-02     1.00000E+00     0.00000E+00
 1.35293E-08     3.22348E-02    -3.19928E-02     1.00000E+00     0.00000E+00
 1.35427E-08     3.21638E-02    -3.18958E-02     1.00000E+00     0.00000E+00
 1.35562E-08     3.20928E-02    -3.17988E-02     1.00000E+00     0.00000E+00
 1.35696E-08     3.20100E-02    -3.17019E-02     1.00000E+00     0.00000E+00
 1.35831E-08     3.19272E-02    -3.16049E-02     1.00000E+00     0.00000E+00
 1.35965E-08     3.18445E-02    -3.15079E-02     1.00000E+00     0.00000E+00
 1.36100E-08     3.17617E-02    -3.14109E-02     1.00000E+00     0.00000E+00
 1.36234E-08     3.16790E-02    -3.13140E-02     1.00000E+00     0.00000E+00
 1.36368E-08     3.15962E-02    -3.12170E-02     1.00000E+00     0.00000E+00
 1.36503E-08     3.15135E-02    -3.11200E-02     1.00000E+00     0.00000E+00
 1.36637E-08     3.14307E-02    -3.10230E-02     1.00000E+00     0.00000E+00
 1.36772E-08     3.13479E-02    -3.09261E-02     1.00000E+00     0.00000E+00
 1.36906E-08     3.12651E-02    -3.08291E-02     1.00000E+00     0.00000E+00
 1.37041E-08     3.11824E-02    -3.07321E-02     1.00000E+00     0.00000E+00
 1.37175E-08     3.10996E-02    -3.06351E-02     1.00000E+00     0.00000E+00
 1.37310E-08     3.10169E-02    -3.05382E-02     1.00000E+00     0.00000E+00
 1.37444E-08     3.09341E-02    -3.04412E-02     1.00000E+00     0.00000E+00
 1.37579E-08     3.08514E-02    -3.03442E-02     1.00000E+00     0.00000E+00
 1.37713E-08     3.07686E-02    -3.02473E-02     1.00000E+00     0.00000E+00
 1.37848E-08     3.06858E-02    -3.01503E-02     1.00000E+00     0.00000E+00
 1.37982E-08     3.06031E-02    -3.00533E-02     1.00000E+00     0.00000E+00
 1.38117E-08     3.05203E-02    -2.99563E-02     1.00000E+00     0.00000E+00
 1.38251E-08     3.04375E-02    -2.98594E-02     1.00000E+00     0.00000E+00
 1.38386E-08     3.03548E-02    -2.97624E-02     1.00000E+00     0.00000E+00
 1.38520E-08     3.02721E-02    -2.96654E-02     1.00000E+00     0.00000E+00
 1.38655E-08     3.01893E-02    -2.95684E-02     1.00000E+00     0.00000E+00
 1.38789E-08     3.01065E-02    -2.94810E-02     1.00000E+00     0.00000E+00
 1.38924E-08     3.00238E-02    -2.94206E-02     1.00000E+00     0.00000E+00
 1.39058E-08     2.99410E-02    -2.93602E-02     1.00000E+00     0.00000E+00
 1.39193E-08     2.98582E-02    -2.92999E-02     1.00000E+00     0.00000E+00
 1.39327E-08     2.97754E-02    -2.92394E-02     1.00000E+00     0.00000E+00
 1.39462E-08     2.96927E-02    -2.91790E-02     1.00000E+00     0.00000E+00
 1.39596E-08     2.96100E-02    -2.91187E-02     1.00000E+00     0.00000E+00
 1.39731E-08     2.95272E-02    -2.90583E-02     1.00000E+00     0.00000E+00
 1.39865E-08     2.94445E-02    -2.89978E-02     1.00000E+00     0.00000E+00
 1.40000E-08     2.93617E-02    -2.89375E-02     1.00000E+00     0.00000E+00
 1.40134E-08     2.92789E-02    -2.88771E-02     1.00000E+00     0.00000E+00
 1.40269E-08     2.91961E-02    -2.88166E-02     1.00000E+00     0.00000E+00
 1.40403E-08     2.91134E-02    -2.87563E-02     1.00000E+00     0.00000E+00
 1.40538E-08     2.90306E-02    -2.86959E-02     1.00000E+00     0.00000E+00
 1.40672E-08     2.89478E-02    -2.86355E-02     1.00000E+00     0.00000E+00
 1.40807E-08     2.88651E-02    -2.85752E-02     1.00000E+00     0.00000E+00
 1.40941E-08     2.87824E-02    -2.85147E-02     1.00000E+00     0.00000E+00
 1.41076E-08     2.86996E-02    -2.84544E-02     1.00000E+00     0.00000E+00
 1.41210E-08     2.86168E-02    -2.83940E-02     1.00000E+00     0.00000E+00
 1.41345E-08     2.85341E-02    -2.83336E-02     1.00000E+00     0.00000E+00
 1.41479E-08     2.84513E-02    -2.82732E-02     1.00000E+00     0.00000E+00
 1.41614E-08     2.83685E-02    -2.82128E-02     1.00000E+00     0.00000E+00
 1.41748E-08     2.82858E-02    -2.81524E-02     1.00000E+00     0.00000E+00
 1.41883E-08     2.82030E-02    -2.80920E-02     1.00000E+00     0.00000E+00
 1.42017E-08     2.81202E-02    -2.80316E-02     1.00000E+00     0.00000E+00
 1.42151E-08     2.80375E-02    -2.79713E-02     1.00000E+00     0.00000E+00
 1.42286E-08     2.79547E-02    -2.79108E-02     1.00000E+00     0.00000E+00
 1.42420E-08     2.78720E-02    -2.78504E-02     1.00000E+00     0.00000E+00
 1.42555E-08     2.77892E-02    -2.77901E-02     1.00000E+00     0.00000E+00
 1.42689E-08     2.77065E-02    -2.77297E-02     1.00000E+00     0.00000E+00
 1.42824E-08     2.76237E-02    -2.76693E-02     1.00000E+00     0.00000E+00
 1.42958E-08     2.75409E-02    -2.76088E-02     1.00000E+00     0.00000E+00
 1.43093E-08     2.74582E-02    -2.75485E-02     1.00000E+00     0.00000E+00
 1.43227E-08     2.73754E-02    -2.74881E-02     1.00000E+00     0.00000E+00
 1.43362E-08     2.72927E-02    -2.74277E-02     1.00000E+00     0.00000E+00
 1.43496E-08     2.72099E-02    -2.73674E-02     1.00000E+00     0.00000E+00
 1.43631E-08     2.71271E-02    -2.73069E-02     1.00000E+00     0.00000E+00
 1.43765E-08     2.70444E-02    -2.72465E-02     1.00000E+00     0.00000E+00
 1.43900E-08     2.69616E-02    -2.71862E-02     1.00000E+00     0.00000E+00
 1.44034E-08     2.68789E-02    -2.71257E-02     1.00000E+00     0.00000E+00
 1.44169E-08     2.67961E-02    -2.70554E-02     1.00000E+00     0.00000E+00
 1.44303E-08     2.67133E-02    -2.69852E-02     1.00000E+00     0.00000E+00
 1.44438E-08     2.66306E-02    -2.69148E-02     1.00000E+00     0.00000E+00
 1.44572E-08     2.65478E-02    -2.68446E-02     1.00000E+00     0.00000E+00
 1.44707E-08     2.64651E-02    -2.67742E-02     1.00000E+00     0.00000E+00
 1.44841E-08     2.63823E-02    -2.67040E-02     1.00000E+00     0.00000E+00
 1.44976E-08     2.62995E-02    -2.66336E-02     1.00000E+00     0.00000E+00
 1.45110E-08     2.62168E-02    -2.65633E-02     1.00000E+00     0.00000E+00
 1.45245E-08     2.61340E-02    -2.64930E-02     1.00000E+00     0.00000E+00
 1.45379E-08     2.60513E-02    -2.64227E-02     1.00000E+00     0.00000E+00
 1.45514E-08     2.59685E-02    -2.63524E-02     1.00000E+00     0.00000E+00
 1.45648E-08     2.58858E-02    -2.62821E-02     1.00000E+00     0.00000E+00
 1.45783E-08     2.58030E-02    -2.62118E-02     1.00000E+00     0.00000E+00
 1.45917E-08     2.57202E-02    -2.61415E-02     1.00000E+00     0.00000E+00
 1.46052E-08     2.56374E-02    -2.60713E-02     1.00000E+00     0.00000E+00
 1.46186E-08     2.55547E-02    -2.60009E-02     1.00000E+00     0.00000E+00
 1.46321E-08     2.54719E-02    -2.59306E-02     1.00000E+00     0.00000E+00
 1.46455E-08     2.53891E-02    -2.58603E-02     1.00000E+00     0.00000E+00
 1.46590E-08     2.53065E-02    -2.57900E-02     1.00000E+00     0.00000E+00
 1.46724E-08     2.52237E-02    -2.57197E-02     1.00000E+00     0.00000E+00
 1.46859E-08     2.51409E-02    -2.56494E-02     1.00000E+00     0.00000E+00
 1.46993E-08     2.50582E-02    -2.55791E-02     1.00000E+00     0.00000E+00
 1.47128E-08     2.49754E-02    -2.55088E-02     1.00000E+00     0.00000E+00
 1.47262E-08     2.49009E-02    -2.54385E-02     1.00000E+00     0.00000E+00
 1.47397E-08     2.48497E-02    -2.53682E-02     1.00000E+00     0.00000E+00
 1.47531E-08     2.47985E-02    -2.52979E-02     1.00000E+00     0.00000E+00
 1.47665E-08     2.47473E-02    -2.52276E-02     1.00000E+00     0.00000E+00
 1.47800E-08     2.46961E-02    -2.51573E-02     1.00000E+00     0.00000E+00
 1.47934E-08     2.46449E-02    -2.50870E-02     1.00000E+00     0.00000E+00
 1.48069E-08     2.45937E-02    -2.50167E-02     1.00000E+00     0.00000E+00
 1.48203E-08     2.45425E-02    -2.49464E-02     1.00000E+00     0.00000E+00
 1.48338E-08     2.44913E-02    -2.48761E-02     1.00000E+00     0.00000E+00
 1.48472E-08     2.44401E-02    -2.48058E-02     1.00000E+00     0.00000E+00
 1.48607E-08     2.43889E-02    -2.47355E-02     1.00000E+00     0.00000E+00
 1.48741E-08     2.43378E-02    -2.46652E-02     1.00000E+00     0.00000E+00
 1.48876E-08     2.42866E-02    -2.45949E-02     1.00000E+00     0.00000E+00
 1.49010E-08     2.42354E-02    -2.45246E-02     1.00000E+00     0.00000E+00
 1.49145E-08     2.41842E-02    -2.44543E-02     1.00000E+00     0.00000E+00
 1.49279E-08     2.41330E-02    -2.43840E-02     1.00000E+00     0.00000E+00
 1.49414E-08     2.40818E-02    -2.43137E-02     1.00000E+00     0.00000E+00
 1.49548E-08     2.40306E-02    -2.42434E-02     1.00000E+00     0.00000E+00
 1.49683E-08     2.39795E-02    -2.41731E-02     1.00000E+00     0.00000E+00
 1.49817E-08     2.39283E-02    -2.41028E-02     1.00000E+00     0.00000E+00
 1.49952E-08     2.38771E-02    -2.40325E-02     1.00000E+00     0.00000E+00
 1.50086E-08     2.38259E-02    -2.39622E-02     1.00000E+00     0.00000E+00
 1.50221E-08     2.37747E-02    -2.38919E-02     1.00000E+00     0.00000E+00
 1.50355E-08     2.37235E-02    -2.38215E-02     1.00000E+00     0.00000E+00
 1.50490E-08     2.36723E-02    -2.37513E-02     1.00000E+00     0.00000E+00
 1.50624E-08     2.36211E-02    -2.36810E-02     1.00000E+00     0.00000E+00
 1.50759E-08     2.35699E-02    -2.36107E-02     1.00000E+00     0.00000E+00
 1.50893E-08     2.35187E-02    -2.35404E-02     1.00000E+00     0.00000E+00
 1.51028E-08     2.34675E-02    -2.34700E-02     1.00000E+00     0.00000E+00
 1.51162E-08     2.34163E-02    -2.33997E-02     1.00000E+00     0.00000E+00
 1.51297E-08     2.33653E-02    -2.33295E-02     1.00000E+00     0.00000E+00
 1.51431E-08     2.33140E-02    -2.32591E-02     1.00000E+00     0.00000E+00
 1.51566E-08     2.32629E-02    -2.31888E-02     1.00000E+00     0.00000E+00
 1.51700E-08     2.32117E-02    -2.31186E-02     1.00000E+00     0.00000E+00
 1.51835E-08     2.31605E-02    -2.30483E-02     1.00000E+00     0.00000E+00
 1.51969E-08     2.31093E-02    -2.29779E-02     1.00000E+00     0.00000E+00
 1.52104E-08     2.30581E-02    -2.29077E-02     1.00000E+00     0.00000E+00
 1.52238E-08     2.30069E-02    -2.28373E-02     1.00000E+00     0.00000E+00
 1.52373E-08     2.29557E-02    -2.27671E-02     1.00000E+00     0.00000E+00
 1.52507E-08     2.29045E-02    -2.26967E-02     1.00000E+00     0.00000E+00
 1.52642E-08     2.28449E-02    -2.26264E-02     1.00000E+00     0.00000E+00
 1.52776E-08     2.27854E-02    -2.25561E-02     1.00000E+00     0.00000E+00
 1.52911E-08     2.27259E-02    -2.24859E-02     1.00000E+00     0.00000E+00
 1.53045E-08     2.26663E-02    -2.24156E-02     1.00000E+00     0.00000E+00
 1.53179E-08     2.26068E-02    -2.23453E-02     1.00000E+00     0.00000E+00
 1.53314E-08     2.25472E-02    -2.22750E-02     1.00000E+00     0.00000E+00
 1.53448E-08     2.24877E-02    -2.22046E-02     1.00000E+00     0.00000E+00
 1.53583E-08     2.24281E-02    -2.21344E-02     1.00000E+00     0.00000E+00
 1.53717E-08     2.23686E-02    -2.20640E-02     1.00000E+00     0.00000E+00
 1.53852E-08     2.23090E-02    -2.19938E-02     1.00000E+00     0.00000E+00
 1.53986E-08     2.22495E-02    -2.19234E-02     1.00000E+00     0.00000E+00
 1.54121E-08     2.21900E-02    -2.18531E-02     1.00000E+00     0.00000E+00
 1.54255E-08     2.21305E-02    -2.17828E-02     1.00000E+00     0.00000E+00
 1.54390E-08     2.20709E-02    -2.17126E-02     1.00000E+00     0.00000E+00
 1.54524E-08     2.20113E-02    -2.16422E-02     1.00000E+00     0.00000E+00
 1.54659E-08     2.19518E-02    -2.15720E-02     1.00000E+00     0.00000E+00
 1.54793E-08     2.18922E-02    -2.15016E-02     1.00000E+00     0.00000E+00
 1.54928E-08     2.18327E-02    -2.14313E-02     1.00000E+00     0.00000E+00
 1.55062E-08     2.17732E-02    -2.13611E-02     1.00000E+00     0.00000E+00
 1.55197E-08     2.17136E-02    -2.12907E-02     1.00000E+00     0.00000E+00
 1.55331E-08     2.16541E-02    -2.12204E-02     1.00000E+00     0.00000E+00
 1.55466E-08     2.15945E-02    -2.11502E-02     1.00000E+00     0.00000E+00
 1.55600E-08     2.15350E-02    -2.10798E-02     1.00000E+00     0.00000E+00
 1.55735E-08     2.14754E-02    -2.10165E-02     1.00000E+00     0.00000E+00
 1.55869E-08     2.14159E-02    -2.09733E-02     1.00000E+00     0.00000E+00
 1.56004E-08     2.13563E-02    -2.09299E-02     1.00000E+00     0.00000E+00
 1.56138E-08     2.12967E-02    -2.08867E-02     1.00000E+00     0.00000E+00
 1.56273E-08     2.12372E-02    -2.08433E-02     1.00000E+00     0.00000E+00
 1.56407E-08     2.11776E-02    -2.08001E-02     1.00000E+00     0.00000E+00
 1.56542E-08     2.11181E-02    -2.07568E-02     1.00000E+00     0.00000E+00
 1.56676E-08     2.10586E-02    -2.07135E-02     1.00000E+00     0.00000E+00
 1.56811E-08     2.09991E-02    -2.06701E-02     1.00000E+00     0.00000E+00
 1.56945E-08     2.09395E-02    -2.06268E-02     1.00000E+00     0.00000E+00
 1.57080E-08     2.08799E-02    -2.05836E-02     1.00000E+00     0.00000E+00
 1.57214E-08     2.08204E-02    -2.05403E-02     1.00000E+00     0.00000E+00
 1.57349E-08     2.07608E-02    -2.04970E-02     1.00000E+00     0.00000E+00
 1.57483E-08     2.07013E-02    -2.04537E-02     1.00000E+00     0.00000E+00
 1.57618E-08     2.06418E-02    -2.04104E-02     1.00000E+00     0.00000E+00
 1.57752E-08     2.05823E-02    -2.03671E-02     1.00000E+00     0.00000E+00
 1.57887E-08     2.05227E-02    -2.03238E-02     1.00000E+00     0.00000E+00
 1.58021E-08     2.04632E-02    -2.02805E-02     1.00000E+00     0.00000E+00
 1.58156E-08     2.04036E-02    -2.02372E-02     1.00000E+00     0.00000E+00
 1.58290E-08     2.03440E-02    -2.01939E-02     1.00000E+00     0.00000E+00
 1.58425E-08     2.02845E-02    -2.01506E-02     1.00000E+00     0.00000E+00
 1.58559E-08     2.02249E-02    -2.01074E-02     1.00000E+00     0.00000E+00
 1.58694E-08     2.01654E-02    -2.00640E-02     1.00000E+00     0.00000E+00
 1.58828E-08     2.01059E-02    -2.00207E-02     1.00000E+00     0.00000E+00
 1.58962E-08     2.00464E-02    -1.99775E-02     1.00000E+00     0.00000E+00
 1.59097E-08     1.99867E-02    -1.99341E-02     1.00000E+00     0.00000E+00
 1.59231E-08     1.99272E-02    -1.98908E-02     1.00000E+00     0.00000E+00
 1.59366E-08     1.98677E-02    -1.98476E-02     1.00000E+00     0.00000E+00
 1.59500E-08     1.98081E-02    -1.98042E-02     1.00000E+00     0.00000E+00
 1.59635E-08     1.97486E-02    -1.97609E-02     1.00000E+00     0.00000E+00
 1.59769E-08     1.96890E-02    -1.97176E-02     1.00000E+00     0.00000E+00
 1.59904E-08     1.96295E-02    -1.96744E-02     1.00000E+00     0.00000E+00
 1.60038E-08     1.95700E-02    -1.96310E-02     1.00000E+00     0.00000E+00
 1.60173E-08     1.95104E-02    -1.95878E-02     1.00000E+00     0.00000E+00
 1.60307E-08     1.94508E-02    -1.95444E-02     1.00000E+00     0.00000E+00
 1.60442E-08     1.93913E-02    -1.95011E-02     1.00000E+00     0.00000E+00
 1.60576E-08     1.93317E-02    -1.94579E-02     1.00000E+00     0.00000E+00
 1.60711E-08     1.92722E-02    -1.94145E-02     1.00000E+00     0.00000E+00
 1.60845E-08     1.92127E-02    -1.93712E-02     1.00000E+00     0.00000E+00
 1.60980E-08     1.91531E-02    -1.93279E-02     1.00000E+00     0.00000E+00
 1.61114E-08     1.90936E-02    -1.92776E-02     1.00000E+00     0.00000E+00
 1.61249E-08     1.90340E-02    -1.92273E-02     1.00000E+00     0.00000E+00
 1.61383E-08     1.89744E-02    -1.91769E-02     1.00000E+00     0.00000E+00
 1.61518E-08     1.89149E-02    -1.91265E-02     1.00000E+00     0.00000E+00
 1.61652E-08     1.88554E-02    -1.90762E-02     1.00000E+00     0.00000E+00
 1.61787E-08     1.87958E-02    -1.90259E-02     1.00000E+00     0.00000E+00
 1.61921E-08     1.87363E-02    -1.89756E-02     1.00000E+00     0.00000E+00
 1.62056E-08     1.86768E-02    -1.89252E-02     1.00000E+00     0.00000E+00
 1.62190E-08     1.86172E-02    -1.88749E-02     1.00000E+00     0.00000E+00
 1.62325E-08     1.85577E-02    -1.88245E-02     1.00000E+00     0.00000E+00
 1.62459E-08     1.84981E-02    -1.87742E-02     1.00000E+00     0.00000E+00
 1.62594E-08     1.84386E-02    -1.87238E-02     1.00000E+00     0.00000E+00
 1.62728E-08     1.83790E-02    -1.86735E-02     1.00000E+00     0.00000E+00
 1.62863E-08     1.83195E-02    -1.86231E-02     1.00000E+00     0.00000E+00
 1.62997E-08     1.82599E-02    -1.85727E-02     1.00000E+00     0.00000E+00
 1.63132E-08     1.82003E-02    -1.85224E-02     1.00000E+00     0.00000E+00
 1.63266E-08     1.81409E-02    -1.84721E-02     1.00000E+00     0.00000E+00
 1.63401E-08     1.80813E-02    -1.84217E-02     1.00000E+00     0.00000E+00
 1.63535E-08     1.80218E-02    -1.83713E-02     1.00000E+00     0.00000E+00
 1.63670E-08     1.79622E-02    -1.83210E-02     1.00000E+00     0.00000E+00
 1.63804E-08     1.79027E-02    -1.82707E-02     1.00000E+00     0.00000E+00
 1.63939E-08     1.78431E-02    -1.82204E-02     1.00000E+00     0.00000E+00
 1.64073E-08     1.77835E-02    -1.81700E-02     1.00000E+00     0.00000E+00
 1.64208E-08     1.77300E-02    -1.81196E-02     1.00000E+00     0.00000E+00
 1.64342E-08     1.76934E-02    -1.80693E-02     1.00000E+00     0.00000E+00
 1.64476E-08     1.76568E-02    -1.80190E-02     1.00000E+00     0.00000E+00
 1.64611E-08     1.76203E-02    -1.79686E-02     1.00000E+00     0.00000E+00
 1.64745E-08     1.75837E-02    -1.79183E-02     1.00000E+00     0.00000E+00
 1.64880E-08     1.75471E-02    -1.78679E-02     1.00000E+00     0.00000E+00
 1.65014E-08     1.75105E-02    -1.78176E-02     1.00000E+00     0.00000E+00
 1.65149E-08     1.74740E-02    -1.77673E-02     1.00000E+00     0.00000E+00
 1.65283E-08     1.74374E-02    -1.77169E-02     1.00000E+00     0.00000E+00
 1.65418E-08     1.74008E-02    -1.76666E-02     1.00000E+00     0.00000E+00
 1.65552E-08     1.73643E-02    -1.76162E-02     1.00000E+00     0.00000E+00
 1.65687E-08     1.73277E-02    -1.75659E-02     1.00000E+00     0.00000E+00
 1.65821E-08     1.72911E-02    -1.75155E-02     1.00000E+00     0.00000E+00
 1.65956E-08     1.72545E-02    -1.74652E-02     1.00000E+00     0.00000E+00
 1.66090E-08     1.72179E-02    -1.74148E-02     1.00000E+00     0.00000E+00
 1.66225E-08     1.71813E-02    -1.73644E-02     1.00000E+00     0.00000E+00
 1.66359E-08     1.71447E-02    -1.73141E-02     1.00000E+00     0.00000E+00
 1.66494E-08     1.71081E-02    -1.72638E-02     1.00000E+00     0.00000E+00
 1.66628E-08     1.70716E-02    -1.72134E-02     1.00000E+00     0.00000E+00
 1.66763E-08     1.70350E-02    -1.71630E-02     1.00000E+00     0.00000E+00
 1.66897E-08     1.69985E-02    -1.71127E-02     1.00000E+00     0.00000E+00
 1.67032E-08     1.69619E-02    -1.70624E-02     1.00000E+00     0.00000E+00
 1.67166E-08     1.69253E-02    -1.70120E-02     1.00000E+00     0.00000E+00
 1.67301E-08     1.68887E-02    -1.69617E-02     1.00000E+00     0.00000E+00
 1.67435E-08     1.68522E-02    -1.69113E-02     1.00000E+00     0.00000E+00
 1.67570E-08     1.68156E-02    -1.68610E-02     1.00000E+00     0.00000E+00
 1.67704E-08     1.67790E-02    -1.68107E-02     1.00000E+00     0.00000E+00
 1.67839E-08     1.67425E-02    -1.67603E-02     1.00000E+00     0.00000E+00
 1.67973E-08     1.67059E-02    -1.67100E-02     1.00000E+00     0.00000E+00
 1.68108E-08     1.66693E-02    -1.66596E-02     1.00000E+00     0.00000E+00
 1.68242E-08     1.66327E-02    -1.66093E-02     1.00000E+00     0.00000E+00
 1.68377E-08     1.65961E-02    -1.65589E-02     1.00000E+00     0.00000E+00
 1.68511E-08     1.65595E-02    -1.65086E-02     1.00000E+00     0.00000E+00
 1.68646E-08     1.65229E-02    -1.64583E-02     1.00000E+00     0.00000E+00
 1.68780E-08     1.64863E-02    -1.64079E-02     1.00000E+00     0.00000E+00
 1.68915E-08     1.64498E-02    -1.63575E-02     1.00000E+00     0.00000E+00
 1.69049E-08     1.64132E-02    -1.63072E-02     1.00000E+00     0.00000E+00
 1.69184E-08     1.63766E-02    -1.62569E-02     1.00000E+00     0.00000E+00
 1.69318E-08     1.63401E-02    -1.62065E-02     1.00000E+00     0.00000E+00
 1.69453E-08     1.63035E-02    -1.61562E-02     1.00000E+00     0.00000E+00
 1.69587E-08     1.62610E-02    -1.61058E-02     1.00000E+00     0.00000E+00
 1.69722E-08     1.62185E-02    -1.60555E-02     1.00000E+00     0.00000E+00
 1.69856E-08     1.61759E-02    -1.60052E-02     1.00000E+00     0.00000E+00
 1.69990E-08     1.61334E-02    -1.59547E-02     1.00000E+00     0.00000E+00
 1.70125E-08     1.60909E-02    -1.59044E-02     1.00000E+00     0.00000E+00
 1.70259E-08     1.60484E-02    -1.58541E-02     1.00000E+00     0.00000E+00
 1.70394E-08     1.60059E-02    -1.58037E-02     1.00000E+00     0.00000E+00
 1.70528E-08     1.59634E-02    -1.57534E-02     1.00000E+00     0.00000E+00
 1.70663E-08     1.59208E-02    -1.57030E-02     1.00000E+00     0.00000E+00
 1.70797E-08     1.58783E-02    -1.56527E-02     1.00000E+00     0.00000E+00
 1.70932E-08     1.58358E-02    -1.56024E-02     1.00000E+00     0.00000E+00
 1.71066E-08     1.57933E-02    -1.55520E-02     1.00000E+00     0.00000E+00
 1.71201E-08     1.57508E-02    -1.55017E-02     1.00000E+00     0.00000E+00
 1.71335E-08     1.57082E-02    -1.54513E-02     1.00000E+00     0.00000E+00
 1.71470E-08     1.56657E-02    -1.54010E-02     1.00000E+00     0.00000E+00
 1.71604E-08     1.56232E-02    -1.53506E-02     1.00000E+00     0.00000E+00
 1.71739E-08     1.55807E-02    -1.53003E-02     1.00000E+00     0.00000E+00
 1.71873E-08     1.55381E-02    -1.52499E-02     1.00000E+00     0.00000E+00
 1.72008E-08     1.54957E-02    -1.51996E-02     1.00000E+00     0.00000E+00
 1.72142E-08     1.54531E-02    -1.51493E-02     1.00000E+00     0.00000E+00
 1.72277E-08     1.54107E-02    -1.50989E-02     1.00000E+00     0.00000E+00
 1.72411E-08     1.53681E-02    -1.50486E-02     1.00000E+00     0.00000E+00
 1.72546E-08     1.53255E-02    -1.49983E-02     1.00000E+00     0.00000E+00
 1.72680E-08     1.52830E-02    -1.49530E-02     1.00000E+00     0.00000E+00
 1.72815E-08     1.52406E-02    -1.49220E-02     1.00000E+00     0.00000E+00
 1.72949E-08     1.51980E-02    -1.48912E-02     1.00000E+00     0.00000E+00
 1.73084E-08     1.51555E-02    -1.48603E-02     1.00000E+00     0.00000E+00
 1.73218E-08     1.51130E-02    -1.48295E-02     1.00000E+00     0.00000E+00
 1.73353E-08     1.50704E-02    -1.47986E-02     1.00000E+00     0.00000E+00
 1.73487E-08     1.50279E-02    -1.47677E-02     1.00000E+00     0.00000E+00
 1.73622E-08     1.49854E-02    -1.47368E-02     1.00000E+00     0.00000E+00
 1.73756E-08     1.49428E-02    -1.47059E-02     1.00000E+00     0.00000E+00
 1.73891E-08     1.49004E-02    -1.46751E-02     1.00000E+00     0.00000E+00
 1.74025E-08     1.48579E-02    -1.46442E-02     1.00000E+00     0.00000E+00
 1.74160E-08     1.48153E-02    -1.46133E-02     1.00000E+00     0.00000E+00
 1.74294E-08     1.47728E-02    -1.45825E-02     1.00000E+00     0.00000E+00
 1.74429E-08     1.47303E-02    -1.45516E-02     1.00000E+00     0.00000E+00
 1.74563E-08     1.46878E-02    -1.45207E-02     1.00000E+00     0.00000E+00
 1.74698E-08     1.46453E-02    -1.44898E-02     1.00000E+00     0.00000E+00
 1.74832E-08     1.46028E-02    -1.44590E-02     1.00000E+00     0.00000E+00
 1.74967E-08     1.45602E-02    -1.44281E-02     1.00000E+00     0.00000E+00
 1.75101E-08     1.45177E-02    -1.43972E-02     1.00000E+00     0.00000E+00
 1.75236E-08     1.44752E-02    -1.43663E-02     1.00000E+00     0.00000E+00
 1.75370E-08     1.44327E-02    -1.43355E-02     1.00000E+00     0.00000E+00
 1.75504E-08     1.43902E-02    -1.43046E-02     1.00000E+00     0.00000E+00
 1.75639E-08     1.43476E-02    -1.42737E-02     1.00000E+00     0.00000E+00
 1.75773E-08     1.43051E-02    -1.42428E-02     1.00000E+00     0.00000E+00
 1.75908E-08     1.42626E-02    -1.42120E-02     1.00000E+00     0.00000E+00
 1.76042E-08     1.42201E-02    -1.41811E-02     1.00000E+00     0.00000E+00
 1.76177E-08     1.41776E-02    -1.41501E-02     1.00000E+00     0.00000E+00
 1.76311E-08     1.41351E-02    -1.41193E-02     1.00000E+00     0.00000E+00
 1.76446E-08     1.40925E-02    -1.40885E-02     1.00000E+00     0.00000E+00
 1.76580E-08     1.40500E-02    -1.40576E-02     1.00000E+00     0.00000E+00
 1.76715E-08     1.40074E-02    -1.40268E-02     1.00000E+00     0.00000E+00
 1.76849E-08     1.39650E-02    -1.39959E-02     1.00000E+00     0.00000E+00
 1.76984E-08     1.39225E-02    -1.39650E-02     1.00000E+00     0.00000E+00
 1.77118E-08     1.38799E-02    -1.39341E-02     1.00000E+00     0.00000E+00
 1.77253E-08     1.38374E-02    -1.39032E-02     1.00000E+00     0.00000E+00
 1.77387E-08     1.37948E-02    -1.38724E-02     1.00000E+00     0.00000E+00
 1.77522E-08     1.37523E-02    -1.38415E-02     1.00000E+00     0.00000E+00
 1.77656E-08     1.37098E-02    -1.38106E-02     1.00000E+00     0.00000E+00
 1.77791E-08     1.36673E-02    -1.37798E-02     1.00000E+00     0.00000E+00
 1.77925E-08     1.36248E-02    -1.37488E-02     1.00000E+00     0.00000E+00
 1.78060E-08     1.35823E-02    -1.37130E-02     1.00000E+00     0.00000E+00
 1.78194E-08     1.35398E-02    -1.36771E-02     1.00000E+00     0.00000E+00
 1.78329E-08     1.34972E-02    -1.36412E-02     1.00000E+00     0.00000E+00
 1.78463E-08     1.34547E-02    -1.36053E-02     1.00000E+00     0.00000E+00
 1.78598E-08     1.34122E-02    -1.35694E-02     1.00000E+00     0.00000E+00
 1.78732E-08     1.33697E-02    -1.35335E-02     1.00000E+00     0.00000E+00
 1.78867E-08     1.33272E-02    -1.34977E-02     1.00000E+00     0.00000E+00
 1.79001E-08     1.32846E-02    -1.34618E-02     1.00000E+00     0.00000E+00
 1.79136E-08     1.32421E-02    -1.34258E-02     1.00000E+00     0.00000E+00
 1.79270E-08     1.31996E-02    -1.33900E-02     1.00000E+00     0.00000E+00
 1.79405E-08     1.31571E-02    -1.33541E-02     1.00000E+00     0.00000E+00
 1.79539E-08     1.31146E-02    -1.33182E-02     1.00000E+00     0.00000E+00
 1.79674E-08     1.30721E-02    -1.32823E-02     1.00000E+00     0.00000E+00
 1.79808E-08     1.30295E-02    -1.32465E-02     1.00000E+00     0.00000E+00
 1.79943E-08     1.29870E-02    -1.32106E-02     1.00000E+00     0.00000E+00
 1.80077E-08     1.29445E-02    -1.31747E-02     1.00000E+00     0.00000E+00
 1.80212E-08     1.29020E-02    -1.31388E-02     1.00000E+00     0.00000E+00
 1.80346E-08     1.28595E-02    -1.31029E-02     1.00000E+00     0.00000E+00
 1.80481E-08     1.28169E-02    -1.30670E-02     1.00000E+00     0.00000E+00
 1.80615E-08     1.27744E-02    -1.30312E-02     1.00000E+00     0.00000E+00
 1.80750E-08     1.27319E-02    -1.29953E-02     1.00000E+00     0.00000E+00
 1.80884E-08     1.26894E-02    -1.29594E-02     1.00000E+00     0.00000E+00
 1.81019E-08     1.26469E-02    -1.29235E-02     1.00000E+00     0.00000E+00
 1.81153E-08     1.26086E-02    -1.28876E-02     1.00000E+00     0.00000E+00
 1.81287E-08     1.25826E-02    -1.28517E-02     1.00000E+00     0.00000E+00
 1.81422E-08     1.25566E-02    -1.28158E-02     1.00000E+00     0.00000E+00
 1.81556E-08     1.25304E-02    -1.27800E-02     1.00000E+00     0.00000E+00
 1.81691E-08     1.25045E-02    -1.27441E-02     1.00000E+00     0.00000E+00
 1.81825E-08     1.24784E-02    -1.27082E-02     1.00000E+00     0.00000E+00
 1.81960E-08     1.24523E-02    -1.26723E-02     1.00000E+00     0.00000E+00
 1.82094E-08     1.24263E-02    -1.26364E-02     1.00000E+00     0.00000E+00
 1.82229E-08     1.24003E-02    -1.26006E-02     1.00000E+00     0.00000E+00
 1.82363E-08     1.23742E-02    -1.25647E-02     1.00000E+00     0.00000E+00
 1.82498E-08     1.23482E-02    -1.25288E-02     1.00000E+00     0.00000E+00
 1.82632E-08     1.23221E-02    -1.24929E-02     1.00000E+00     0.00000E+00
 1.82767E-08     1.22961E-02    -1.24571E-02     1.00000E+00     0.00000E+00
 1.82901E-08     1.22700E-02    -1.24211E-02     1.00000E+00     0.00000E+00
 1.83036E-08     1.22440E-02    -1.23852E-02     1.00000E+00     0.00000E+00
 1.83170E-08     1.22179E-02    -1.23494E-02     1.00000E+00     0.00000E+00
 1.83305E-08     1.21919E-02    -1.23135E-02     1.00000E+00     0.00000E+00
 1.83439E-08     1.21658E-02    -1.22775E-02     1.00000E+00     0.00000E+00
 1.83574E-08     1.21398E-02    -1.22417E-02     1.00000E+00     0.00000E+00
 1.83708E-08     1.21137E-02    -1.22058E-02     1.00000E+00     0.00000E+00
 1.83843E-08     1.20876E-02    -1.21700E-02     1.00000E+00     0.00000E+00
 1.83977E-08     1.20617E-02    -1.21341E-02     1.00000E+00     0.00000E+00
 1.84112E-08     1.20355E-02    -1.20982E-02     1.00000E+00     0.00000E+00
 1.84246E-08     1.20096E-02    -1.20624E-02     1.00000E+00     0.00000E+00
 1.84381E-08     1.19835E-02    -1.20264E-02     1.00000E+00     0.00000E+00
 1.84515E-08     1.19575E-02    -1.19905E-02     1.00000E+00     0.00000E+00
 1.84650E-08     1.19314E-02    -1.19547E-02     1.00000E+00     0.00000E+00
 1.84784E-08     1.19054E-02    -1.19188E-02     1.00000E+00     0.00000E+00
 1.84919E-08     1.18793E-02    -1.18829E-02     1.00000E+00     0.00000E+00
 1.85053E-08     1.18533E-02    -1.18470E-02     1.00000E+00     0.00000E+00
 1.85188E-08     1.18272E-02    -1.18111E-02     1.00000E+00     0.00000E+00
 1.85322E-08     1.18012E-02    -1.17752E-02     1.00000E+00     0.00000E+00
 1.85457E-08     1.17751E-02    -1.17394E-02     1.00000E+00     0.00000E+00
 1.85591E-08     1.17490E-02    -1.17035E-02     1.00000E+00     0.00000E+00
 1.85726E-08     1.17230E-02    -1.16675E-02     1.00000E+00     0.00000E+00
 1.85860E-08     1.16969E-02    -1.16317E-02     1.00000E+00     0.00000E+00
 1.85995E-08     1.16709E-02    -1.15958E-02     1.00000E+00     0.00000E+00
 1.86129E-08     1.16448E-02    -1.15599E-02     1.00000E+00     0.00000E+00
 1.86264E-08     1.16188E-02    -1.15240E-02     1.00000E+00     0.00000E+00
 1.86398E-08     1.15928E-02    -1.14882E-02     1.00000E+00     0.00000E+00
 1.86533E-08     1.15625E-02    -1.14523E-02     1.00000E+00     0.00000E+00
 1.86667E-08     1.15322E-02    -1.14164E-02     1.00000E+00     0.00000E+00
 1.86801E-08     1.15020E-02    -1.13806E-02     1.00000E+00     0.00000E+00
 1.86936E-08     1.14717E-02    -1.13447E-02     1.00000E+00     0.00000E+00
 1.87070E-08     1.14414E-02    -1.13088E-02     1.00000E+00     0.00000E+00
 1.87205E-08     1.14111E-02    -1.12728E-02     1.00000E+00     0.00000E+00
 1.87339E-08     1.13809E-02    -1.12370E-02     1.00000E+00     0.00000E+00
 1.87474E-08     1.13506E-02    -1.12011E-02     1.00000E+00     0.00000E+00
 1.87608E-08     1.13203E-02    -1.11652E-02     1.00000E+00     0.00000E+00
 1.87743E-08     1.12901E-02    -1.11293E-02     1.00000E+00     0.00000E+00
 1.87877E-08     1.12598E-02    -1.10935E-02     1.00000E+00     0.00000E+00
 1.88012E-08     1.12295E-02    -1.10576E-02     1.00000E+00     0.00000E+00
 1.88146E-08     1.11992E-02    -1.10217E-02     1.00000E+00     0.00000E+00
 1.88281E-08     1.11690E-02    -1.09859E-02     1.00000E+00     0.00000E+00
 1.88415E-08     1.11387E-02    -1.09499E-02     1.00000E+00     0.00000E+00
 1.88550E-08     1.11084E-02    -1.09140E-02     1.00000E+00     0.00000E+00
 1.88684E-08     1.10782E-02    -1.08781E-02     1.00000E+00     0.00000E+00
 1.88819E-08     1.10479E-02    -1.08422E-02     1.00000E+00     0.00000E+00
 1.88953E-08     1.10176E-02    -1.08064E-02     1.00000E+00     0.00000E+00
 1.89088E-08     1.09874E-02    -1.07705E-02     1.00000E+00     0.00000E+00
 1.89222E-08     1.09571E-02    -1.07346E-02     1.00000E+00     0.00000E+00
 1.89357E-08     1.09268E-02    -1.06987E-02     1.00000E+00     0.00000E+00
 1.89491E-08     1.08966E-02    -1.06629E-02     1.00000E+00     0.00000E+00
 1.89626E-08     1.08663E-02    -1.06306E-02     1.00000E+00     0.00000E+00
 1.89760E-08     1.08360E-02    -1.06086E-02     1.00000E+00     0.00000E+00
 1.89895E-08     1.08057E-02    -1.05866E-02     1.00000E+00     0.00000E+00
 1.90029E-08     1.07754E-02    -1.05647E-02     1.00000E+00     0.00000E+00
 1.90164E-08     1.07452E-02    -1.05427E-02     1.00000E+00     0.00000E+00
 1.90298E-08     1.07149E-02    -1.05208E-02     1.00000E+00     0.00000E+00
 1.90433E-08     1.06847E-02    -1.04988E-02     1.00000E+00     0.00000E+00
 1.90567E-08     1.06544E-02    -1.04768E-02     1.00000E+00     0.00000E+00
 1.90702E-08     1.06241E-02    -1.04548E-02     1.00000E+00     0.00000E+00
 1.90836E-08     1.05938E-02    -1.04328E-02     1.00000E+00     0.00000E+00
 1.90971E-08     1.05636E-02    -1.04108E-02     1.00000E+00     0.00000E+00
 1.91105E-08     1.05333E-02    -1.03889E-02     1.00000E+00     0.00000E+00
 1.91240E-08     1.05030E-02    -1.03669E-02     1.00000E+00     0.00000E+00
 1.91374E-08     1.04728E-02    -1.03449E-02     1.00000E+00     0.00000E+00
 1.91509E-08     1.04425E-02    -1.03230E-02     1.00000E+00     0.00000E+00
 1.91643E-08     1.04122E-02    -1.03010E-02     1.00000E+00     0.00000E+00
 1.91778E-08     1.03819E-02    -1.02791E-02     1.00000E+00     0.00000E+00
 1.91912E-08     1.03517E-02    -1.02571E-02     1.00000E+00     0.00000E+00
 1.92047E-08     1.03214E-02    -1.02351E-02     1.00000E+00     0.00000E+00
 1.92181E-08     1.02911E-02    -1.02131E-02     1.00000E+00     0.00000E+00
 1.92315E-08     1.02609E-02    -1.01912E-02     1.00000E+00     0.00000E+00
 1.92450E-08     1.02305E-02    -1.01692E-02     1.00000E+00     0.00000E+00
 1.92584E-08     1.02003E-02    -1.01472E-02     1.00000E+00     0.00000E+00
 1.92719E-08     1.01700E-02    -1.01253E-02     1.00000E+00     0.00000E+00
 1.92853E-08     1.01398E-02    -1.01033E-02     1.00000E+00     0.00000E+00
 1.92988E-08     1.01094E-02    -1.00814E-02     1.00000E+00     0.00000E+00
 1.93122E-08     1.00792E-02    -1.00594E-02     1.00000E+00     0.00000E+00
 1.93257E-08     1.00489E-02    -1.00374E-02     1.00000E+00     0.00000E+00
 1.93391E-08     1.00186E-02    -1.00154E-02     1.00000E+00     0.00000E+00
 1.93526E-08     9.98843E-03    -9.99349E-03     1.00000E+00     0.00000E+00
 1.93660E-08     9.95815E-03    -9.97144E-03     1.00000E+00     0.00000E+00
 1.93795E-08     9.92787E-03    -9.94956E-03     1.00000E+00     0.00000E+00
 1.93929E-08     9.89759E-03    -9.92751E-03     1.00000E+00     0.00000E+00
 1.94064E-08     9.86731E-03    -9.90564E-03     1.00000E+00     0.00000E+00
 1.94198E-08     9.83703E-03    -9.88364E-03     1.00000E+00     0.00000E+00
 1.94333E-08     9.80681E-03    -9.86171E-03     1.00000E+00     0.00000E+00
 1.94467E-08     9.77647E-03    -9.83971E-03     1.00000E+00     0.00000E+00
 1.94602E-08     9.74619E-03    -9.81772E-03     1.00000E+00     0.00000E+00
 1.94736E-08     9.71597E-03    -9.79578E-03     1.00000E+00     0.00000E+00
 1.94871E-08     9.68570E-03    -9.77379E-03     1.00000E+00     0.00000E+00
 1.95005E-08     9.65542E-03    -9.74828E-03     1.00000E+00     0.00000E+00
 1.95140E-08     9.62520E-03    -9.72271E-03     1.00000E+00     0.00000E+00
 1.95274E-08     9.59492E-03    -9.69720E-03     1.00000E+00     0.00000E+00
 1.95409E-08     9.56458E-03    -9.67169E-03     1.00000E+00     0.00000E+00
 1.95543E-08     9.53430E-03    -9.64618E-03     1.00000E+00     0.00000E+00
 1.95678E-08     9.50408E-03    -9.62055E-03     1.00000E+00     0.00000E+00
 1.95812E-08     9.47380E-03    -9.59504E-03     1.00000E+00     0.00000E+00
 1.95947E-08     9.44346E-03    -9.56959E-03     1.00000E+00     0.00000E+00
 1.96081E-08     9.41330E-03    -9.54407E-03     1.00000E+00     0.00000E+00
 1.96216E-08     9.38296E-03    -9.51850E-03     1.00000E+00     0.00000E+00
 1.96350E-08     9.35268E-03    -9.49299E-03     1.00000E+00     0.00000E+00
 1.96485E-08     9.32240E-03    -9.46742E-03     1.00000E+00     0.00000E+00
 1.96619E-08     9.29213E-03    -9.44191E-03     1.00000E+00     0.00000E+00
 1.96754E-08     9.26191E-03    -9.41640E-03     1.00000E+00     0.00000E+00
 1.96888E-08     9.23157E-03    -9.39083E-03     1.00000E+00     0.00000E+00
 1.97023E-08     9.20135E-03    -9.36538E-03     1.00000E+00     0.00000E+00
 1.97157E-08     9.17113E-03    -9.33981E-03     1.00000E+00     0.00000E+00
 1.97292E-08     9.14079E-03    -9.31430E-03     1.00000E+00     0.00000E+00
 1.97426E-08     9.11051E-03    -9.28879E-03     1.00000E+00     0.00000E+00
 1.97561E-08     9.08023E-03    -9.26322E-03     1.00000E+00     0.00000E+00
 1.97695E-08     9.04995E-03    -9.23771E-03     1.00000E+00     0.00000E+00
 1.97830E-08     9.01967E-03    -9.21214E-03     1.00000E+00     0.00000E+00
 1.97964E-08     8.98945E-03    -9.18663E-03     1.00000E+00     0.00000E+00
 1.98098E-08     8.96221E-03    -9.16106E-03     1.00000E+00     0.00000E+00
 1.98233E-08     8.94368E-03    -9.13554E-03     1.00000E+00     0.00000E+00
 1.98367E-08     8.92520E-03    -9.10997E-03     1.00000E+00     0.00000E+00
 1.98502E-08     8.90666E-03    -9.08452E-03     1.00000E+00     0.00000E+00
 1.98636E-08     8.88813E-03    -9.05895E-03     1.00000E+00     0.00000E+00
 1.98771E-08     8.86965E-03    -9.03344E-03     1.00000E+00     0.00000E+00
 1.98905E-08     8.85111E-03    -9.00793E-03     1.00000E+00     0.00000E+00
 1.99040E-08     8.83257E-03    -8.98236E-03     1.00000E+00     0.00000E+00
 1.99174E-08     8.81404E-03    -8.95685E-03     1.00000E+00     0.00000E+00
 1.99309E-08     8.79544E-03    -8.93128E-03     1.00000E+00     0.00000E+00
 1.99443E-08     8.77696E-03    -8.90577E-03     1.00000E+00     0.00000E+00
 1.99578E-08     8.75849E-03    -8.88026E-03     1.00000E+00     0.00000E+00
 1.99712E-08     8.73989E-03    -8.85475E-03     1.00000E+00     0.00000E+00
 1.99847E-08     8.72141E-03    -8.82918E-03     1.00000E+00     0.00000E+00
 1.99981E-08     8.70287E-03    -8.80373E-03     1.00000E+00     0.00000E+00
 2.00116E-08     8.68440E-03    -8.77815E-03     1.00000E+00     0.00000E+00
 2.00250E-08     8.66580E-03    -8.75258E-03     1.00000E+00     0.00000E+00
 2.00385E-08     8.64726E-03    -8.72707E-03     1.00000E+00     0.00000E+00
 2.00519E-08     8.62879E-03    -8.70156E-03     1.00000E+00     0.00000E+00
 2.00654E-08     8.61025E-03    -8.67605E-03     1.00000E+00     0.00000E+00
 2.00788E-08     8.59171E-03    -8.65048E-03     1.00000E+00     0.00000E+00
 2.00923E-08     8.57317E-03    -8.62497E-03     1.00000E+00     0.00000E+00
 2.01057E-08     8.55470E-03    -8.59946E-03     1.00000E+00     0.00000E+00
 2.01192E-08     8.53622E-03    -8.57389E-03     1.00000E+00     0.00000E+00
 2.01326E-08     8.51762E-03    -8.54838E-03     1.00000E+00     0.00000E+00
 2.01461E-08     8.49909E-03    -8.52287E-03     1.00000E+00     0.00000E+00
 2.01595E-08     8.48067E-03    -8.49730E-03     1.00000E+00     0.00000E+00
 2.01730E-08     8.46207E-03    -8.47179E-03     1.00000E+00     0.00000E+00
 2.01864E-08     8.44353E-03    -8.44622E-03     1.00000E+00     0.00000E+00
 2.01999E-08     8.42506E-03    -8.42077E-03     1.00000E+00     0.00000E+00
 2.02133E-08     8.40652E-03    -8.39520E-03     1.00000E+00     0.00000E+00
 2.02268E-08     8.38792E-03    -8.36968E-03     1.00000E+00     0.00000E+00
 2.02402E-08     8.36945E-03    -8.34417E-03     1.00000E+00     0.00000E+00
 2.02537E-08     8.35091E-03    -8.31860E-03     1.00000E+00     0.00000E+00
 2.02671E-08     8.33237E-03    -8.29309E-03     1.00000E+00     0.00000E+00
 2.02806E-08     8.31389E-03    -8.26758E-03     1.00000E+00     0.00000E+00
 2.02940E-08     8.29536E-03    -8.24207E-03     1.00000E+00     0.00000E+00
 2.03075E-08     8.27682E-03    -8.21656E-03     1.00000E+00     0.00000E+00
 2.03209E-08     8.25828E-03    -8.19099E-03     1.00000E+00     0.00000E+00
 2.03344E-08     8.23975E-03    -8.16542E-03     1.00000E+00     0.00000E+00
 2.03478E-08     8.21823E-03    -8.13997E-03     1.00000E+00     0.00000E+00
 2.03612E-08     8.19671E-03    -8.11440E-03     1.00000E+00     0.00000E+00
 2.03747E-08     8.17519E-03    -8.08883E-03     1.00000E+00     0.00000E+00
 2.03881E-08     8.15368E-03    -8.06338E-03     1.00000E+00     0.00000E+00
 2.04016E-08     8.13216E-03    -8.03781E-03     1.00000E+00     0.00000E+00
 2.04150E-08     8.11064E-03    -8.01229E-03     1.00000E+00     0.00000E+00
 2.04285E-08     8.08907E-03    -7.98672E-03     1.00000E+00     0.00000E+00
 2.04419E-08     8.06755E-03    -7.96127E-03     1.00000E+00     0.00000E+00
 2.04554E-08     8.04603E-03    -7.93570E-03     1.00000E+00     0.00000E+00
 2.04688E-08     8.02451E-03    -7.91013E-03     1.00000E+00     0.00000E+00
 2.04823E-08     8.00300E-03    -7.88468E-03     1.00000E+00     0.00000E+00
 2.04957E-08     7.98148E-03    -7.85911E-03     1.00000E+00     0.00000E+00
 2.05092E-08     7.95996E-03    -7.83360E-03     1.00000E+00     0.00000E+00
 2.05226E-08     7.93839E-03    -7.80803E-03     1.00000E+00     0.00000E+00
 2.05361E-08     7.91687E-03    -7.78252E-03     1.00000E+00     0.00000E+00
 2.05495E-08     7.89535E-03    -7.75695E-03     1.00000E+00     0.00000E+00
 2.05630E-08     7.87383E-03    -7.73144E-03     1.00000E+00     0.00000E+00
 2.05764E-08     7.85232E-03    -7.70593E-03     1.00000E+00     0.00000E+00
 2.05899E-08     7.83074E-03    -7.68036E-03     1.00000E+00     0.00000E+00
 2.06033E-08     7.80922E-03    -7.65485E-03     1.00000E+00     0.00000E+00
 2.06168E-08     7.78764E-03    -7.62933E-03     1.00000E+00     0.00000E+00
 2.06302E-08     7.76619E-03    -7.60382E-03     1.00000E+00     0.00000E+00
 2.06437E-08     7.74467E-03    -7.57825E-03     1.00000E+00     0.00000E+00
 2.06571E-08     7.72315E-03    -7.55531E-03     1.00000E+00     0.00000E+00
 2.06706E-08     7.70164E-03    -7.53969E-03     1.00000E+00     0.00000E+00
 2.06840E-08     7.68012E-03    -7.52413E-03     1.00000E+00     0.00000E+00
 2.06975E-08     7.65854E-03    -7.50846E-03     1.00000E+00     0.00000E+00
 2.07109E-08     7.63702E-03    -7.49284E-03     1.00000E+00     0.00000E+00
 2.07244E-08     7.61551E-03    -7.47722E-03     1.00000E+00     0.00000E+00
 2.07378E-08     7.59393E-03    -7.46155E-03     1.00000E+00     0.00000E+00
 2.07513E-08     7.57247E-03    -7.44599E-03     1.00000E+00     0.00000E+00
 2.07647E-08     7.55090E-03    -7.43037E-03     1.00000E+00     0.00000E+00
 2.07782E-08     7.52938E-03    -7.41476E-03     1.00000E+00     0.00000E+00
 2.07916E-08     7.50786E-03    -7.39908E-03     1.00000E+00     0.00000E+00
 2.08051E-08     7.48634E-03    -7.38353E-03     1.00000E+00     0.00000E+00
 2.08185E-08     7.46483E-03    -7.36785E-03     1.00000E+00     0.00000E+00
 2.08320E-08     7.44331E-03    -7.35229E-03     1.00000E+00     0.00000E+00
 2.08454E-08     7.42173E-03    -7.33662E-03     1.00000E+00     0.00000E+00
 2.08589E-08     7.40021E-03    -7.32106E-03     1.00000E+00     0.00000E+00
 2.08723E-08     7.37870E-03    -7.30544E-03     1.00000E+00     0.00000E+00
 2.08858E-08     7.35718E-03    -7.28977E-03     1.00000E+00     0.00000E+00
 2.08992E-08     7.33566E-03    -7.27415E-03     1.00000E+00     0.00000E+00
 2.09126E-08     7.31421E-03    -7.25865E-03     1.00000E+00     0.00000E+00
 2.09261E-08     7.29263E-03    -7.24298E-03     1.00000E+00     0.00000E+00
 2.09395E-08     7.27105E-03    -7.22742E-03     1.00000E+00     0.00000E+00
 2.09530E-08     7.24959E-03    -7.21169E-03     1.00000E+00     0.00000E+00
 2.09664E-08     7.22814E-03    -7.19613E-03     1.00000E+00     0.00000E+00
 2.09799E-08     7.20650E-03    -7.18045E-03     1.00000E+00     0.00000E+00
 2.09933E-08     7.18498E-03    -7.16484E-03     1.00000E+00     0.00000E+00
 2.10068E-08     7.16347E-03    -7.14922E-03     1.00000E+00     0.00000E+00
 2.10202E-08     7.14201E-03    -7.13360E-03     1.00000E+00     0.00000E+00
 2.10337E-08     7.12043E-03    -7.11793E-03     1.00000E+00     0.00000E+00
 2.10471E-08     7.09885E-03    -7.10231E-03     1.00000E+00     0.00000E+00
 2.10606E-08     7.07740E-03    -7.08675E-03     1.00000E+00     0.00000E+00
 2.10740E-08     7.05588E-03    -7.07108E-03     1.00000E+00     0.00000E+00
 2.10875E-08     7.03424E-03    -7.05558E-03     1.00000E+00     0.00000E+00
 2.11009E-08     7.01284E-03    -7.03990E-03     1.00000E+00     0.00000E+00
 2.11144E-08     6.99127E-03    -7.02429E-03     1.00000E+00     0.00000E+00
 2.11278E-08     6.96981E-03    -7.00867E-03     1.00000E+00     0.00000E+00
 2.11413E-08     6.94823E-03    -6.99300E-03     1.00000E+00     0.00000E+00
 2.11547E-08     6.92666E-03    -6.97744E-03     1.00000E+00     0.00000E+00
 2.11682E-08     6.90514E-03    -6.96188E-03     1.00000E+00     0.00000E+00
 2.11816E-08     6.88368E-03    -6.94621E-03     1.00000E+00     0.00000E+00
 2.11951E-08     6.86210E-03    -6.92797E-03     1.00000E+00     0.00000E+00
 2.12085E-08     6.84059E-03    -6.90985E-03     1.00000E+00     0.00000E+00
 2.12220E-08     6.81907E-03    -6.89173E-03     1.00000E+00     0.00000E+00
 2.12354E-08     6.79755E-03    -6.87355E-03     1.00000E+00     0.00000E+00
 2.12489E-08     6.77598E-03    -6.85543E-03     1.00000E+00     0.00000E+00
 2.12623E-08     6.75440E-03    -6.83731E-03     1.00000E+00     0.00000E+00
 2.12758E-08     6.73294E-03    -6.81919E-03     1.00000E+00     0.00000E+00
 2.12892E-08     6.71142E-03    -6.80101E-03     1.00000E+00     0.00000E+00
 2.13027E-08     6.68985E-03    -6.78277E-03     1.00000E+00     0.00000E+00
 2.13161E-08     6.66839E-03    -6.76465E-03     1.00000E+00     0.00000E+00
 2.13296E-08     6.64693E-03    -6.74659E-03     1.00000E+00     0.00000E+00
 2.13430E-08     6.62529E-03    -6.72841E-03     1.00000E+00     0.00000E+00
 2.13565E-08     6.60378E-03    -6.71017E-03     1.00000E+00     0.00000E+00
 2.13699E-08     6.58226E-03    -6.69217E-03     1.00000E+00     0.00000E+00
 2.13834E-08     6.56074E-03    -6.67393E-03     1.00000E+00     0.00000E+00
 2.13968E-08     6.53929E-03    -6.65575E-03     1.00000E+00     0.00000E+00
 2.14103E-08     6.51771E-03    -6.63769E-03     1.00000E+00     0.00000E+00
 2.14237E-08     6.49619E-03    -6.61945E-03     1.00000E+00     0.00000E+00
 2.14372E-08     6.47467E-03    -6.60139E-03     1.00000E+00     0.00000E+00
 2.14506E-08     6.45316E-03    -6.58321E-03     1.00000E+00     0.00000E+00
 2.14641E-08     6.43164E-03    -6.56503E-03     1.00000E+00     0.00000E+00
 2.14775E-08     6.41000E-03    -6.54685E-03     1.00000E+00     0.00000E+00
 2.14909E-08     6.38855E-03    -6.52879E-03     1.00000E+00     0.00000E+00
 2.15044E-08     6.36917E-03    -6.51062E-03     1.00000E+00     0.00000E+00
 2.15178E-08     6.35600E-03    -6.49250E-03     1.00000E+00     0.00000E+00
 2.15313E-08     6.34289E-03    -6.47438E-03     1.00000E+00     0.00000E+00
 2.15447E-08     6.32966E-03    -6.45614E-03     1.00000E+00     0.00000E+00
 2.15582E-08     6.31648E-03    -6.43802E-03     1.00000E+00     0.00000E+00
 2.15716E-08     6.30331E-03    -6.41978E-03     1.00000E+00     0.00000E+00
 2.15851E-08     6.29020E-03    -6.40172E-03     1.00000E+00     0.00000E+00
 2.15985E-08     6.27708E-03    -6.38360E-03     1.00000E+00     0.00000E+00
 2.16120E-08     6.26385E-03    -6.36542E-03     1.00000E+00     0.00000E+00
 2.16254E-08     6.25062E-03    -6.34736E-03     1.00000E+00     0.00000E+00
 2.16389E-08     6.23751E-03    -6.32912E-03     1.00000E+00     0.00000E+00
 2.16523E-08     6.22439E-03    -6.31100E-03     1.00000E+00     0.00000E+00
 2.16658E-08     6.21116E-03    -6.29282E-03     1.00000E+00     0.00000E+00
 2.16792E-08     6.19805E-03    -6.27470E-03     1.00000E+00     0.00000E+00
 2.16927E-08     6.18482E-03    -6.25658E-03     1.00000E+00     0.00000E+00
 2.17061E-08     6.17170E-03    -6.23834E-03     1.00000E+00     0.00000E+00
 2.17196E-08     6.15847E-03    -6.22022E-03     1.00000E+00     0.00000E+00
 2.17330E-08     6.14536E-03    -6.20210E-03     1.00000E+00     0.00000E+00
 2.17465E-08     6.13213E-03    -6.18386E-03     1.00000E+00     0.00000E+00
 2.17599E-08     6.11901E-03    -6.16574E-03     1.00000E+00     0.00000E+00
 2.17734E-08     6.10578E-03    -6.14762E-03     1.00000E+00     0.00000E+00
 2.17868E-08     6.09267E-03    -6.12950E-03     1.00000E+00     0.00000E+00
 2.18003E-08     6.07955E-03    -6.11126E-03     1.00000E+00     0.00000E+00
 2.18137E-08     6.06632E-03    -6.09314E-03     1.00000E+00     0.00000E+00
 2.18272E-08     6.05321E-03    -6.07502E-03     1.00000E+00     0.00000E+00
 2.18406E-08     6.03998E-03    -6.05690E-03     1.00000E+00     0.00000E+00
 2.18541E-08     6.02686E-03    -6.03878E-03     1.00000E+00     0.00000E+00
 2.18675E-08     6.01363E-03    -6.02055E-03     1.00000E+00     0.00000E+00
 2.18810E-08     6.00052E-03    -6.00243E-03     1.00000E+00     0.00000E+00
 2.18944E-08     5.98729E-03    -5.98419E-03     1.00000E+00     0.00000E+00
 2.19079E-08     5.97417E-03    -5.96607E-03     1.00000E+00     0.00000E+00
 2.19213E-08     5.96094E-03    -5.94795E-03     1.00000E+00     0.00000E+00
 2.19348E-08     5.94783E-03    -5.92983E-03     1.00000E+00     0.00000E+00
 2.19482E-08     5.93472E-03    -5.91171E-03     1.00000E+00     0.00000E+00
 2.19617E-08     5.92148E-03    -5.89359E-03     1.00000E+00     0.00000E+00
 2.19751E-08     5.90837E-03    -5.87535E-03     1.00000E+00     0.00000E+00
 2.19886E-08     5.89514E-03    -5.85723E-03     1.00000E+00     0.00000E+00
 2.20020E-08     5.88191E-03    -5.83911E-03     1.00000E+00     0.00000E+00
 2.20155E-08     5.86879E-03    -5.82087E-03     1.00000E+00     0.00000E+00
 2.20289E-08     5.85568E-03    -5.80275E-03     1.00000E+00     0.00000E+00
 2.20423E-08     5.84030E-03    -5.78463E-03     1.00000E+00     0.00000E+00
 2.20558E-08     5.82504E-03    -5.76651E-03     1.00000E+00     0.00000E+00
 2.20692E-08     5.80978E-03    -5.74827E-03     1.00000E+00     0.00000E+00
 2.20827E-08     5.79441E-03    -5.73015E-03     1.00000E+00     0.00000E+00
 2.20961E-08     5.77915E-03    -5.71203E-03     1.00000E+00     0.00000E+00
 2.21096E-08     5.76389E-03    -5.69391E-03     1.00000E+00     0.00000E+00
 2.21230E-08     5.74851E-03    -5.67579E-03     1.00000E+00     0.00000E+00
 2.21365E-08     5.73325E-03    -5.65767E-03     1.00000E+00     0.00000E+00
 2.21499E-08     5.71799E-03    -5.63943E-03     1.00000E+00     0.00000E+00
 2.21634E-08     5.70261E-03    -5.62131E-03     1.00000E+00     0.00000E+00
 2.21768E-08     5.68736E-03    -5.60308E-03     1.00000E+00     0.00000E+00
 2.21903E-08     5.67198E-03    -5.58496E-03     1.00000E+00     0.00000E+00
 2.22037E-08     5.65672E-03    -5.56684E-03     1.00000E+00     0.00000E+00
 2.22172E-08     5.64146E-03    -5.54872E-03     1.00000E+00     0.00000E+00
 2.22306E-08     5.62608E-03    -5.53060E-03     1.00000E+00     0.00000E+00
 2.22441E-08     5.61082E-03    -5.51236E-03     1.00000E+00     0.00000E+00
 2.22575E-08     5.59556E-03    -5.49424E-03     1.00000E+00     0.00000E+00
 2.22710E-08     5.58019E-03    -5.47612E-03     1.00000E+00     0.00000E+00
 2.22844E-08     5.56493E-03    -5.45800E-03     1.00000E+00     0.00000E+00
 2.22979E-08     5.54967E-03    -5.43976E-03     1.00000E+00     0.00000E+00
 2.23113E-08     5.53429E-03    -5.42164E-03     1.00000E+00     0.00000E+00
 2.23248E-08     5.51903E-03    -5.40352E-03     1.00000E+00     0.00000E+00
 2.23382E-08     5.50365E-03    -5.38540E-03     1.00000E+00     0.00000E+00
 2.23517E-08     5.48840E-03    -5.36907E-03     1.00000E+00     0.00000E+00
 2.23651E-08     5.47314E-03    -5.35798E-03     1.00000E+00     0.00000E+00
 2.23786E-08     5.45776E-03    -5.34678E-03     1.00000E+00     0.00000E+00
 2.23920E-08     5.44250E-03    -5.33569E-03     1.00000E+00     0.00000E+00
 2.24055E-08     5.42724E-03    -5.32460E-03     1.00000E+00     0.00000E+00
 2.24189E-08     5.41198E-03    -5.31352E-03     1.00000E+00     0.00000E+00
 2.24324E-08     5.39660E-03    -5.30243E-03     1.00000E+00     0.00000E+00
 2.24458E-08     5.38135E-03    -5.29134E-03     1.00000E+00     0.00000E+00
 2.24593E-08     5.36609E-03    -5.28026E-03     1.00000E+00     0.00000E+00
 2.24727E-08     5.35071E-03    -5.26917E-03     1.00000E+00     0.00000E+00
 2.24862E-08     5.33545E-03    -5.25808E-03     1.00000E+00     0.00000E+00
 2.24996E-08     5.32007E-03    -5.24688E-03     1.00000E+00     0.00000E+00
 2.25131E-08     5.30481E-03    -5.23579E-03     1.00000E+00     0.00000E+00
 2.25265E-08     5.28955E-03    -5.22470E-03     1.00000E+00     0.00000E+00
 2.25400E-08     5.27418E-03    -5.21362E-03     1.00000E+00     0.00000E+00
 2.25534E-08     5.25892E-03    -5.20253E-03     1.00000E+00     0.00000E+00
 2.25669E-08     5.24366E-03    -5.19145E-03     1.00000E+00     0.00000E+00
 2.25803E-08     5.22828E-03    -5.18036E-03     1.00000E+00     0.00000E+00
 2.25937E-08     5.21302E-03    -5.16927E-03     1.00000E+00     0.00000E+00
 2.26072E-08     5.19764E-03    -5.15807E-03     1.00000E+00     0.00000E+00
 2.26206E-08     5.18239E-03    -5.14698E-03     1.00000E+00     0.00000E+00
 2.26341E-08     5.16713E-03    -5.13589E-03     1.00000E+00     0.00000E+00
 2.26475E-08     5.15187E-03    -5.12481E-03     1.00000E+00     0.00000E+00
 2.26610E-08     5.13649E-03    -5.11372E-03     1.00000E+00     0.00000E+00
 2.26744E-08     5.12123E-03    -5.10263E-03     1.00000E+00     0.00000E+00
 2.26879E-08     5.10585E-03    -5.09155E-03     1.00000E+00     0.00000E+00
 2.27013E-08     5.09059E-03    -5.08046E-03     1.00000E+00     0.00000E+00
 2.27148E-08     5.07534E-03    -5.06938E-03     1.00000E+00     0.00000E+00
 2.27282E-08     5.06008E-03    -5.05829E-03     1.00000E+00     0.00000E+00
 2.27417E-08     5.04470E-03    -5.04708E-03     1.00000E+00     0.00000E+00
 2.27551E-08     5.02944E-03    -5.03600E-03     1.00000E+00     0.00000E+00
 2.27686E-08     5.01406E-03    -5.02491E-03     1.00000E+00     0.00000E+00
 2.27820E-08     4.99880E-03    -5.01382E-03     1.00000E+00     0.00000E+00
 2.27955E-08     4.98343E-03    -5.00262E-03     1.00000E+00     0.00000E+00
 2.28089E-08     4.96817E-03    -4.99153E-03     1.00000E+00     0.00000E+00
 2.28224E-08     4.95291E-03    -4.98044E-03     1.00000E+00     0.00000E+00
 2.28358E-08     4.93765E-03    -4.96948E-03     1.00000E+00     0.00000E+00
 2.28493E-08     4.92227E-03    -4.95839E-03     1.00000E+00     0.00000E+00
 2.28627E-08     4.90701E-03    -4.94719E-03     1.00000E+00     0.00000E+00
 2.28762E-08     4.89163E-03    -4.93610E-03     1.00000E+00     0.00000E+00
 2.28896E-08     4.87638E-03    -4.92322E-03     1.00000E+00     0.00000E+00
 2.29031E-08     4.86112E-03    -4.91035E-03     1.00000E+00     0.00000E+00
 2.29165E-08     4.84586E-03    -4.89736E-03     1.00000E+00     0.00000E+00
 2.29300E-08     4.83048E-03    -4.88448E-03     1.00000E+00     0.00000E+00
 2.29434E-08     4.81522E-03    -4.87161E-03     1.00000E+00     0.00000E+00
 2.29569E-08     4.79996E-03    -4.85873E-03     1.00000E+00     0.00000E+00
 2.29703E-08     4.78458E-03    -4.84586E-03     1.00000E+00     0.00000E+00
 2.29838E-08     4.76933E-03    -4.83286E-03     1.00000E+00     0.00000E+00
 2.29972E-08     4.75407E-03    -4.81999E-03     1.00000E+00     0.00000E+00
 2.30107E-08     4.73869E-03    -4.80723E-03     1.00000E+00     0.00000E+00
 2.30241E-08     4.72331E-03    -4.79424E-03     1.00000E+00     0.00000E+00
 2.30376E-08     4.70805E-03    -4.78137E-03     1.00000E+00     0.00000E+00
 2.30510E-08     4.69279E-03    -4.76849E-03     1.00000E+00     0.00000E+00
 2.30645E-08     4.67741E-03    -4.75550E-03     1.00000E+00     0.00000E+00
 2.30779E-08     4.66216E-03    -4.74262E-03     1.00000E+00     0.00000E+00
 2.30914E-08     4.64690E-03    -4.72975E-03     1.00000E+00     0.00000E+00
 2.31048E-08     4.63164E-03    -4.71687E-03     1.00000E+00     0.00000E+00
 2.31183E-08     4.61626E-03    -4.70388E-03     1.00000E+00     0.00000E+00
 2.31317E-08     4.60100E-03    -4.69112E-03     1.00000E+00     0.00000E+00
 2.31451E-08     4.58562E-03    -4.67813E-03     1.00000E+00     0.00000E+00
 2.31586E-08     4.57036E-03    -4.66526E-03     1.00000E+00     0.00000E+00
 2.31720E-08     4.55511E-03    -4.65238E-03     1.00000E+00     0.00000E+00
 2.31855E-08     4.53985E-03    -4.63951E-03     1.00000E+00     0.00000E+00
 2.31989E-08     4.52602E-03    -4.62651E-03     1.00000E+00     0.00000E+00
 2.32124E-08     4.51660E-03    -4.61364E-03     1.00000E+00     0.00000E+00
 2.32258E-08     4.50730E-03    -4.60076E-03     1.00000E+00     0.00000E+00
 2.32393E-08     4.49800E-03    -4.58789E-03     1.00000E+00     0.00000E+00
 2.32527E-08     4.48859E-03    -4.57489E-03     1.00000E+00     0.00000E+00
 2.32662E-08     4.47929E-03    -4.56214E-03     1.00000E+00     0.00000E+00
 2.32796E-08     4.46987E-03    -4.54915E-03     1.00000E+00     0.00000E+00
 2.32931E-08     4.46045E-03    -4.53627E-03     1.00000E+00     0.00000E+00
 2.33065E-08     4.45116E-03    -4.52340E-03     1.00000E+00     0.00000E+00
 2.33200E-08     4.44174E-03    -4.51040E-03     1.00000E+00     0.00000E+00
 2.33334E-08     4.43244E-03    -4.49753E-03     1.00000E+00     0.00000E+00
 2.33469E-08     4.42314E-03    -4.48465E-03     1.00000E+00     0.00000E+00
 2.33603E-08     4.41372E-03    -4.47178E-03     1.00000E+00     0.00000E+00
 2.33738E-08     4.40431E-03    -4.45879E-03     1.00000E+00     0.00000E+00
 2.33872E-08     4.39501E-03    -4.44591E-03     1.00000E+00     0.00000E+00
 2.34007E-08     4.38559E-03    -4.43304E-03     1.00000E+00     0.00000E+00
 2.34141E-08     4.37629E-03    -4.42016E-03     1.00000E+00     0.00000E+00
 2.34276E-08     4.36687E-03    -4.40729E-03     1.00000E+00     0.00000E+00
 2.34410E-08     4.35758E-03    -4.39441E-03     1.00000E+00     0.00000E+00
 2.34545E-08     4.34828E-03    -4.38154E-03     1.00000E+00     0.00000E+00
 2.34679E-08     4.33886E-03    -4.36854E-03     1.00000E+00     0.00000E+00
 2.34814E-08     4.32956E-03    -4.35567E-03     1.00000E+00     0.00000E+00
 2.34948E-08     4.32014E-03    -4.34279E-03     1.00000E+00     0.00000E+00
 2.35083E-08     4.31085E-03    -4.32980E-03     1.00000E+00     0.00000E+00
 2.35217E-08     4.30143E-03    -4.31705E-03     1.00000E+00     0.00000E+00
 2.35352E-08     4.29213E-03    -4.30417E-03     1.00000E+00     0.00000E+00
 2.35486E-08     4.28271E-03    -4.29118E-03     1.00000E+00     0.00000E+00
 2.35621E-08     4.27330E-03    -4.27830E-03     1.00000E+00     0.00000E+00
 2.35755E-08     4.26400E-03    -4.26543E-03     1.00000E+00     0.00000E+00
 2.35890E-08     4.25458E-03    -4.25255E-03     1.00000E+00     0.00000E+00
 2.36024E-08     4.24528E-03    -4.23956E-03     1.00000E+00     0.00000E+00
 2.36159E-08     4.23598E-03    -4.22668E-03     1.00000E+00     0.00000E+00
 2.36293E-08     4.22657E-03    -4.21381E-03     1.00000E+00     0.00000E+00
 2.36428E-08     4.21727E-03    -4.20094E-03     1.00000E+00     0.00000E+00
 2.36562E-08     4.20785E-03    -4.18794E-03     1.00000E+00     0.00000E+00
 2.36697E-08     4.19843E-03    -4.17507E-03     1.00000E+00     0.00000E+00
 2.36831E-08     4.18913E-03    -4.16219E-03     1.00000E+00     0.00000E+00
 2.36966E-08     4.17972E-03    -4.14932E-03     1.00000E+00     0.00000E+00
 2.37100E-08     4.17042E-03    -4.13644E-03     1.00000E+00     0.00000E+00
 2.37234E-08     4.16112E-03    -4.12345E-03     1.00000E+00     0.00000E+00
 2.37369E-08     4.15015E-03    -4.11057E-03     1.00000E+00     0.00000E+00
 2.37503E-08     4.13930E-03    -4.09770E-03     1.00000E+00     0.00000E+00
 2.37638E-08     4.12846E-03    -4.08471E-03     1.00000E+00     0.00000E+00
 2.37772E-08     4.11761E-03    -4.07183E-03     1.00000E+00     0.00000E+00
 2.37907E-08     4.10676E-03    -4.05896E-03     1.00000E+00     0.00000E+00
 2.38041E-08     4.09579E-03    -4.04608E-03     1.00000E+00     0.00000E+00
 2.38176E-08     4.08494E-03    -4.03321E-03     1.00000E+00     0.00000E+00
 2.38310E-08     4.07410E-03    -4.02021E-03     1.00000E+00     0.00000E+00
 2.38445E-08     4.06325E-03    -4.00734E-03     1.00000E+00     0.00000E+00
 2.38579E-08     4.05228E-03    -3.99446E-03     1.00000E+00     0.00000E+00
 2.38714E-08     4.04143E-03    -3.98159E-03     1.00000E+00     0.00000E+00
 2.38848E-08     4.03059E-03    -3.96872E-03     1.00000E+00     0.00000E+00
 2.38983E-08     4.01974E-03    -3.95584E-03     1.00000E+00     0.00000E+00
 2.39117E-08     4.00889E-03    -3.94297E-03     1.00000E+00     0.00000E+00
 2.39252E-08     3.99792E-03    -3.92997E-03     1.00000E+00     0.00000E+00
 2.39386E-08     3.98707E-03    -3.91710E-03     1.00000E+00     0.00000E+00
 2.39521E-08     3.97623E-03    -3.90422E-03     1.00000E+00     0.00000E+00
 2.39655E-08     3.96538E-03    -3.89135E-03     1.00000E+00     0.00000E+00
 2.39790E-08     3.95441E-03    -3.87836E-03     1.00000E+00     0.00000E+00
 2.39924E-08     3.94356E-03    -3.86548E-03     1.00000E+00     0.00000E+00
 2.40059E-08     3.93271E-03    -3.85261E-03     1.00000E+00     0.00000E+00
 2.40193E-08     3.92187E-03    -3.83973E-03     1.00000E+00     0.00000E+00
 2.40328E-08     3.91090E-03    -3.82674E-03     1.00000E+00     0.00000E+00
 2.40462E-08     3.90017E-03    -3.81529E-03     1.00000E+00     0.00000E+00
 2.40597E-08     3.88920E-03    -3.80731E-03     1.00000E+00     0.00000E+00
 2.40731E-08     3.87836E-03    -3.79944E-03     1.00000E+00     0.00000E+00
 2.40866E-08     3.86751E-03    -3.79157E-03     1.00000E+00     0.00000E+00
 2.41000E-08     3.85666E-03    -3.78370E-03     1.00000E+00     0.00000E+00
 2.41135E-08     3.84581E-03    -3.77584E-03     1.00000E+00     0.00000E+00
 2.41269E-08     3.83484E-03    -3.76797E-03     1.00000E+00     0.00000E+00
 2.41404E-08     3.82400E-03    -3.75998E-03     1.00000E+00     0.00000E+00
 2.41538E-08     3.81303E-03    -3.75211E-03     1.00000E+00     0.00000E+00
 2.41673E-08     3.80230E-03    -3.74424E-03     1.00000E+00     0.00000E+00
 2.41807E-08     3.79133E-03    -3.73638E-03     1.00000E+00     0.00000E+00
 2.41942E-08     3.78048E-03    -3.72839E-03     1.00000E+00     0.00000E+00
 2.42076E-08     3.76964E-03    -3.72064E-03     1.00000E+00     0.00000E+00
 2.42211E-08     3.75879E-03    -3.71265E-03     1.00000E+00     0.00000E+00
 2.42345E-08     3.74782E-03    -3.70479E-03     1.00000E+00     0.00000E+00
 2.42480E-08     3.73697E-03    -3.69692E-03     1.00000E+00     0.00000E+00
 2.42614E-08     3.72612E-03    -3.68893E-03     1.00000E+00     0.00000E+00
 2.42748E-08     3.71528E-03    -3.68118E-03     1.00000E+00     0.00000E+00
 2.42883E-08     3.70443E-03    -3.67320E-03     1.00000E+00     0.00000E+00
 2.43017E-08     3.69346E-03    -3.66533E-03     1.00000E+00     0.00000E+00
 2.43152E-08     3.68261E-03    -3.65746E-03     1.00000E+00     0.00000E+00
 2.43286E-08     3.67177E-03    -3.64959E-03     1.00000E+00     0.00000E+00
 2.43421E-08     3.66080E-03    -3.64172E-03     1.00000E+00     0.00000E+00
 2.43555E-08     3.65007E-03    -3.63374E-03     1.00000E+00     0.00000E+00
 2.43690E-08     3.63910E-03    -3.62587E-03     1.00000E+00     0.00000E+00
 2.43824E-08     3.62825E-03    -3.61800E-03     1.00000E+00     0.00000E+00
 2.43959E-08     3.61741E-03    -3.61013E-03     1.00000E+00     0.00000E+00
 2.44093E-08     3.60644E-03    -3.60215E-03     1.00000E+00     0.00000E+00
 2.44228E-08     3.59559E-03    -3.59428E-03     1.00000E+00     0.00000E+00
 2.44362E-08     3.58474E-03    -3.58653E-03     1.00000E+00     0.00000E+00
 2.44497E-08     3.57389E-03    -3.57854E-03     1.00000E+00     0.00000E+00
 2.44631E-08     3.56305E-03    -3.57068E-03     1.00000E+00     0.00000E+00
 2.44766E-08     3.55208E-03    -3.56281E-03     1.00000E+00     0.00000E+00
 2.44900E-08     3.54123E-03    -3.55494E-03     1.00000E+00     0.00000E+00
 2.45035E-08     3.53038E-03    -3.54707E-03     1.00000E+00     0.00000E+00
 2.45169E-08     3.51954E-03    -3.53909E-03     1.00000E+00     0.00000E+00
 2.45304E-08     3.50857E-03    -3.53122E-03     1.00000E+00     0.00000E+00
 2.45438E-08     3.49784E-03    -3.52335E-03     1.00000E+00     0.00000E+00
 2.45573E-08     3.48687E-03    -3.51548E-03     1.00000E+00     0.00000E+00
 2.45707E-08     3.47602E-03    -3.50761E-03     1.00000E+00     0.00000E+00
 2.45842E-08     3.46518E-03    -3.49844E-03     1.00000E+00     0.00000E+00
 2.45976E-08     3.45421E-03    -3.48926E-03     1.00000E+00     0.00000E+00
 2.46111E-08     3.44348E-03    -3.48008E-03     1.00000E+00     0.00000E+00
 2.46245E-08     3.43251E-03    -3.47090E-03     1.00000E+00     0.00000E+00
 2.46380E-08     3.42166E-03    -3.46172E-03     1.00000E+00     0.00000E+00
 2.46514E-08     3.41082E-03    -3.45254E-03     1.00000E+00     0.00000E+00
 2.46649E-08     3.39985E-03    -3.44336E-03     1.00000E+00     0.00000E+00
 2.46783E-08     3.38900E-03    -3.43418E-03     1.00000E+00     0.00000E+00
 2.46918E-08     3.37815E-03    -3.42512E-03     1.00000E+00     0.00000E+00
 2.47052E-08     3.36730E-03    -3.41582E-03     1.00000E+00     0.00000E+00
 2.47187E-08     3.35646E-03    -3.40676E-03     1.00000E+00     0.00000E+00
 2.47321E-08     3.34561E-03    -3.39758E-03     1.00000E+00     0.00000E+00
 2.47456E-08     3.33464E-03    -3.38840E-03     1.00000E+00     0.00000E+00
 2.47590E-08     3.32379E-03    -3.37923E-03     1.00000E+00     0.00000E+00
 2.47725E-08     3.31295E-03    -3.37017E-03     1.00000E+00     0.00000E+00
 2.47859E-08     3.30210E-03    -3.36099E-03     1.00000E+00     0.00000E+00
 2.47994E-08     3.29113E-03    -3.35181E-03     1.00000E+00     0.00000E+00
 2.48128E-08     3.28028E-03    -3.34263E-03     1.00000E+00     0.00000E+00
 2.48262E-08     3.26943E-03    -3.33345E-03     1.00000E+00     0.00000E+00
 2.48397E-08     3.25859E-03    -3.32427E-03     1.00000E+00     0.00000E+00
 2.48531E-08     3.24762E-03    -3.31509E-03     1.00000E+00     0.00000E+00
 2.48666E-08     3.23677E-03    -3.30591E-03     1.00000E+00     0.00000E+00
 2.48800E-08     3.22592E-03    -3.29673E-03     1.00000E+00     0.00000E+00
 2.48935E-08     3.21615E-03    -3.28755E-03     1.00000E+00     0.00000E+00
 2.49069E-08     3.20959E-03    -3.27837E-03     1.00000E+00     0.00000E+00
 2.49204E-08     3.20292E-03    -3.26920E-03     1.00000E+00     0.00000E+00
 2.49338E-08     3.19624E-03    -3.26002E-03     1.00000E+00     0.00000E+00
 2.49473E-08     3.18956E-03    -3.25096E-03     1.00000E+00     0.00000E+00
 2.49607E-08     3.18289E-03    -3.24166E-03     1.00000E+00     0.00000E+00
 2.49742E-08     3.17621E-03    -3.23260E-03     1.00000E+00     0.00000E+00
 2.49876E-08     3.16966E-03    -3.22342E-03     1.00000E+00     0.00000E+00
 2.50011E-08     3.16298E-03    -3.21424E-03     1.00000E+00     0.00000E+00
 2.50145E-08     3.15630E-03    -3.20506E-03     1.00000E+00     0.00000E+00
 2.50280E-08     3.14963E-03    -3.19588E-03     1.00000E+00     0.00000E+00
 2.50414E-08     3.14295E-03    -3.18670E-03     1.00000E+00     0.00000E+00
 2.50549E-08     3.13640E-03    -3.17752E-03     1.00000E+00     0.00000E+00
 2.50683E-08     3.12972E-03    -3.16834E-03     1.00000E+00     0.00000E+00
 2.50818E-08     3.12316E-03    -3.15928E-03     1.00000E+00     0.00000E+00
 2.50952E-08     3.11649E-03    -3.15011E-03     1.00000E+00     0.00000E+00
 2.51087E-08     3.10981E-03    -3.14093E-03     1.00000E+00     0.00000E+00
 2.51221E-08     3.10314E-03    -3.13175E-03     1.00000E+00     0.00000E+00
 2.51356E-08     3.09646E-03    -3.12257E-03     1.00000E+00     0.00000E+00
 2.51490E-08     3.08979E-03    -3.11339E-03     1.00000E+00     0.00000E+00
 2.51625E-08     3.08323E-03    -3.10421E-03     1.00000E+00     0.00000E+00
 2.51759E-08     3.07643E-03    -3.09515E-03     1.00000E+00     0.00000E+00
 2.51894E-08     3.06988E-03    -3.08597E-03     1.00000E+00     0.00000E+00
 2.52028E-08     3.06320E-03    -3.07667E-03     1.00000E+00     0.00000E+00
 2.52163E-08     3.05653E-03    -3.06761E-03     1.00000E+00     0.00000E+00
 2.52297E-08     3.04985E-03    -3.05843E-03     1.00000E+00     0.00000E+00
 2.52432E-08     3.04317E-03    -3.04925E-03     1.00000E+00     0.00000E+00
 2.52566E-08     3.03662E-03    -3.04008E-03     1.00000E+00     0.00000E+00
 2.52701E-08     3.02994E-03    -3.03090E-03     1.00000E+00     0.00000E+00
 2.52835E-08     3.02327E-03    -3.02184E-03     1.00000E+00     0.00000E+00
 2.52970E-08     3.01659E-03    -3.01254E-03     1.00000E+00     0.00000E+00
 2.53104E-08     3.01003E-03    -3.00348E-03     1.00000E+00     0.00000E+00
 2.53239E-08     3.00336E-03    -2.99430E-03     1.00000E+00     0.00000E+00
 2.53373E-08     2.99668E-03    -2.98512E-03     1.00000E+00     0.00000E+00
 2.53508E-08     2.99013E-03    -2.97594E-03     1.00000E+00     0.00000E+00
 2.53642E-08     2.98345E-03    -2.96676E-03     1.00000E+00     0.00000E+00
 2.53777E-08     2.97678E-03    -2.95758E-03     1.00000E+00     0.00000E+00
 2.53911E-08     2.97010E-03    -2.94840E-03     1.00000E+00     0.00000E+00
 2.54045E-08     2.96342E-03    -2.93934E-03     1.00000E+00     0.00000E+00
 2.54180E-08     2.95675E-03    -2.93016E-03     1.00000E+00     0.00000E+00
 2.54314E-08     2.94912E-03    -2.92087E-03     1.00000E+00     0.00000E+00
 2.54449E-08     2.94137E-03    -2.91169E-03     1.00000E+00     0.00000E+00
 2.54583E-08     2.93362E-03    -2.90263E-03     1.00000E+00     0.00000E+00
 2.54718E-08     2.92587E-03    -2.89345E-03     1.00000E+00     0.00000E+00
 2.54852E-08     2.91812E-03    -2.88427E-03     1.00000E+00     0.00000E+00
 2.54987E-08     2.91038E-03    -2.87509E-03     1.00000E+00     0.00000E+00
 2.55121E-08     2.90275E-03    -2.86591E-03     1.00000E+00     0.00000E+00
 2.55256E-08     2.89500E-03    -2.85673E-03     1.00000E+00     0.00000E+00
 2.55390E-08     2.88725E-03    -2.84755E-03     1.00000E+00     0.00000E+00
 2.55525E-08     2.87962E-03    -2.83849E-03     1.00000E+00     0.00000E+00
 2.55659E-08     2.87175E-03    -2.82931E-03     1.00000E+00     0.00000E+00
 2.55794E-08     2.86400E-03    -2.82013E-03     1.00000E+00     0.00000E+00
 2.55928E-08     2.85637E-03    -2.81096E-03     1.00000E+00     0.00000E+00
 2.56063E-08     2.84863E-03    -2.80178E-03     1.00000E+00     0.00000E+00
 2.56197E-08     2.84088E-03    -2.79260E-03     1.00000E+00     0.00000E+00
 2.56332E-08     2.83313E-03    -2.78342E-03     1.00000E+00     0.00000E+00
 2.56466E-08     2.82538E-03    -2.77424E-03     1.00000E+00     0.00000E+00
 2.56601E-08     2.81775E-03    -2.76506E-03     1.00000E+00     0.00000E+00
 2.56735E-08     2.81000E-03    -2.75600E-03     1.00000E+00     0.00000E+00
 2.56870E-08     2.80225E-03    -2.74682E-03     1.00000E+00     0.00000E+00
 2.57004E-08     2.79462E-03    -2.73764E-03     1.00000E+00     0.00000E+00
 2.57139E-08     2.78676E-03    -2.72846E-03     1.00000E+00     0.00000E+00
 2.57273E-08     2.77913E-03    -2.71928E-03     1.00000E+00     0.00000E+00
 2.57408E-08     2.77138E-03    -2.71106E-03     1.00000E+00     0.00000E+00
 2.57542E-08     2.76363E-03    -2.70545E-03     1.00000E+00     0.00000E+00
 2.57677E-08     2.75600E-03    -2.69985E-03     1.00000E+00     0.00000E+00
 2.57811E-08     2.74825E-03    -2.69425E-03     1.00000E+00     0.00000E+00
 2.57946E-08     2.74038E-03    -2.68853E-03     1.00000E+00     0.00000E+00
 2.58080E-08     2.73275E-03    -2.68304E-03     1.00000E+00     0.00000E+00
 2.58215E-08     2.72501E-03    -2.67744E-03     1.00000E+00     0.00000E+00
 2.58349E-08     2.71726E-03    -2.67172E-03     1.00000E+00     0.00000E+00
 2.58484E-08     2.70951E-03    -2.66612E-03     1.00000E+00     0.00000E+00
 2.58618E-08     2.70188E-03    -2.66051E-03     1.00000E+00     0.00000E+00
 2.58753E-08     2.69413E-03    -2.65503E-03     1.00000E+00     0.00000E+00
 2.58887E-08     2.68638E-03    -2.64943E-03     1.00000E+00     0.00000E+00
 2.59022E-08     2.67863E-03    -2.64370E-03     1.00000E+00     0.00000E+00
 2.59156E-08     2.67100E-03    -2.63810E-03     1.00000E+00     0.00000E+00
 2.59291E-08     2.66314E-03    -2.63250E-03     1.00000E+00     0.00000E+00
 2.59425E-08     2.65551E-03    -2.62690E-03     1.00000E+00     0.00000E+00
 2.59559E-08     2.64776E-03    -2.62129E-03     1.00000E+00     0.00000E+00
 2.59694E-08     2.64001E-03    -2.61569E-03     1.00000E+00     0.00000E+00
 2.59828E-08     2.63226E-03    -2.61021E-03     1.00000E+00     0.00000E+00
 2.59963E-08     2.62463E-03    -2.60448E-03     1.00000E+00     0.00000E+00
 2.60097E-08     2.61688E-03    -2.59888E-03     1.00000E+00     0.00000E+00
 2.60232E-08     2.60913E-03    -2.59328E-03     1.00000E+00     0.00000E+00
 2.60366E-08     2.60139E-03    -2.58768E-03     1.00000E+00     0.00000E+00
 2.60501E-08     2.59364E-03    -2.58207E-03     1.00000E+00     0.00000E+00
 2.60635E-08     2.58589E-03    -2.57647E-03     1.00000E+00     0.00000E+00
 2.60770E-08     2.57814E-03    -2.57087E-03     1.00000E+00     0.00000E+00
 2.60904E-08     2.57051E-03    -2.56526E-03     1.00000E+00     0.00000E+00
 2.61039E-08     2.56276E-03    -2.55978E-03     1.00000E+00     0.00000E+00
 2.61173E-08     2.55501E-03    -2.55406E-03     1.00000E+00     0.00000E+00
 2.61308E-08     2.54726E-03    -2.54846E-03     1.00000E+00     0.00000E+00
 2.61442E-08     2.53952E-03    -2.54285E-03     1.00000E+00     0.00000E+00
 2.61577E-08     2.53177E-03    -2.53725E-03     1.00000E+00     0.00000E+00
 2.61711E-08     2.52414E-03    -2.53165E-03     1.00000E+00     0.00000E+00
 2.61846E-08     2.51639E-03    -2.52604E-03     1.00000E+00     0.00000E+00
 2.61980E-08     2.50864E-03    -2.52044E-03     1.00000E+00     0.00000E+00
 2.62115E-08     2.50089E-03    -2.51484E-03     1.00000E+00     0.00000E+00
 2.62249E-08     2.49326E-03    -2.50924E-03     1.00000E+00     0.00000E+00
 2.62384E-08     2.48551E-03    -2.50363E-03     1.00000E+00     0.00000E+00
 2.62518E-08     2.47777E-03    -2.49803E-03     1.00000E+00     0.00000E+00
 2.62653E-08     2.47002E-03    -2.49243E-03     1.00000E+00     0.00000E+00
 2.62787E-08     2.46227E-03    -2.48599E-03     1.00000E+00     0.00000E+00
 2.62922E-08     2.45464E-03    -2.47931E-03     1.00000E+00     0.00000E+00
 2.63056E-08     2.44689E-03    -2.47288E-03     1.00000E+00     0.00000E+00
 2.63191E-08     2.43914E-03    -2.46644E-03     1.00000E+00     0.00000E+00
 2.63325E-08     2.43139E-03    -2.45976E-03     1.00000E+00     0.00000E+00
 2.63460E-08     2.42364E-03    -2.45333E-03     1.00000E+00     0.00000E+00
 2.63594E-08     2.41601E-03    -2.44689E-03     1.00000E+00     0.00000E+00
 2.63729E-08     2.40827E-03    -2.44033E-03     1.00000E+00     0.00000E+00
 2.63863E-08     2.40052E-03    -2.43378E-03     1.00000E+00     0.00000E+00
 2.63998E-08     2.39277E-03    -2.42734E-03     1.00000E+00     0.00000E+00
 2.64132E-08     2.38502E-03    -2.42066E-03     1.00000E+00     0.00000E+00
 2.64267E-08     2.37727E-03    -2.41423E-03     1.00000E+00     0.00000E+00
 2.64401E-08     2.36952E-03    -2.40767E-03     1.00000E+00     0.00000E+00
 2.64536E-08     2.36177E-03    -2.40123E-03     1.00000E+00     0.00000E+00
 2.64670E-08     2.35415E-03    -2.39468E-03     1.00000E+00     0.00000E+00
 2.64805E-08     2.34640E-03    -2.38824E-03     1.00000E+00     0.00000E+00
 2.64939E-08     2.33865E-03    -2.38168E-03     1.00000E+00     0.00000E+00
 2.65073E-08     2.33102E-03    -2.37513E-03     1.00000E+00     0.00000E+00
 2.65208E-08     2.32315E-03    -2.36869E-03     1.00000E+00     0.00000E+00
 2.65342E-08     2.31540E-03    -2.36213E-03     1.00000E+00     0.00000E+00
 2.65477E-08     2.30777E-03    -2.35558E-03     1.00000E+00     0.00000E+00
 2.65611E-08     2.30002E-03    -2.34914E-03     1.00000E+00     0.00000E+00
 2.65746E-08     2.29228E-03    -2.34258E-03     1.00000E+00     0.00000E+00
 2.65880E-08     2.28536E-03    -2.33603E-03     1.00000E+00     0.00000E+00
 2.66015E-08     2.28059E-03    -2.32959E-03     1.00000E+00     0.00000E+00
 2.66149E-08     2.27594E-03    -2.32303E-03     1.00000E+00     0.00000E+00
 2.66284E-08     2.27118E-03    -2.31659E-03     1.00000E+00     0.00000E+00
 2.66418E-08     2.26653E-03    -2.31004E-03     1.00000E+00     0.00000E+00
 2.66553E-08     2.26164E-03    -2.30348E-03     1.00000E+00     0.00000E+00
 2.66687E-08     2.25699E-03    -2.29704E-03     1.00000E+00     0.00000E+00
 2.66822E-08     2.25222E-03    -2.29049E-03     1.00000E+00     0.00000E+00
 2.66956E-08     2.24757E-03    -2.28405E-03     1.00000E+00     0.00000E+00
 2.67091E-08     2.24280E-03    -2.27749E-03     1.00000E+00     0.00000E+00
 2.67225E-08     2.23804E-03    -2.27094E-03     1.00000E+00     0.00000E+00
 2.67360E-08     2.23339E-03    -2.26438E-03     1.00000E+00     0.00000E+00
 2.67494E-08     2.22862E-03    -2.25794E-03     1.00000E+00     0.00000E+00
 2.67629E-08     2.22397E-03    -2.25139E-03     1.00000E+00     0.00000E+00
 2.67763E-08     2.21920E-03    -2.24495E-03     1.00000E+00     0.00000E+00
 2.67898E-08     2.21443E-03    -2.23839E-03     1.00000E+00     0.00000E+00
 2.68032E-08     2.20978E-03    -2.23184E-03     1.00000E+00     0.00000E+00
 2.68167E-08     2.20501E-03    -2.22528E-03     1.00000E+00     0.00000E+00
 2.68301E-08     2.20025E-03    -2.21884E-03     1.00000E+00     0.00000E+00
 2.68436E-08     2.19560E-03    -2.21241E-03     1.00000E+00     0.00000E+00
 2.68570E-08     2.19083E-03    -2.20585E-03     1.00000E+00     0.00000E+00
 2.68705E-08     2.18618E-03    -2.19929E-03     1.00000E+00     0.00000E+00
 2.68839E-08     2.18141E-03    -2.19274E-03     1.00000E+00     0.00000E+00
 2.68974E-08     2.17664E-03    -2.18630E-03     1.00000E+00     0.00000E+00
 2.69108E-08     2.17199E-03    -2.17974E-03     1.00000E+00     0.00000E+00
 2.69243E-08     2.16722E-03    -2.17330E-03     1.00000E+00     0.00000E+00
 2.69377E-08     2.16258E-03    -2.16663E-03     1.00000E+00     0.00000E+00
 2.69512E-08     2.15769E-03    -2.16019E-03     1.00000E+00     0.00000E+00
 2.69646E-08     2.15304E-03    -2.15375E-03     1.00000E+00     0.00000E+00
 2.69781E-08     2.14839E-03    -2.14720E-03     1.00000E+00     0.00000E+00
 2.69915E-08     2.14362E-03    -2.14076E-03     1.00000E+00     0.00000E+00
 2.70050E-08     2.13885E-03    -2.13420E-03     1.00000E+00     0.00000E+00
 2.70184E-08     2.13408E-03    -2.12765E-03     1.00000E+00     0.00000E+00
 2.70319E-08     2.12944E-03    -2.12109E-03     1.00000E+00     0.00000E+00
 2.70453E-08     2.12467E-03    -2.11465E-03     1.00000E+00     0.00000E+00
 2.70587E-08     2.11990E-03    -2.10810E-03     1.00000E+00     0.00000E+00
 2.70722E-08     2.11525E-03    -2.10166E-03     1.00000E+00     0.00000E+00
 2.70856E-08     2.11060E-03    -2.09510E-03     1.00000E+00     0.00000E+00
 2.70991E-08     2.10583E-03    -2.08855E-03     1.00000E+00     0.00000E+00
 2.71125E-08     2.10106E-03    -2.08211E-03     1.00000E+00     0.00000E+00
 2.71260E-08     2.09558E-03    -2.07555E-03     1.00000E+00     0.00000E+00
 2.71394E-08     2.09010E-03    -2.06900E-03     1.00000E+00     0.00000E+00
 2.71529E-08     2.08461E-03    -2.06256E-03     1.00000E+00     0.00000E+00
 2.71663E-08     2.07913E-03    -2.05600E-03     1.00000E+00     0.00000E+00
 2.71798E-08     2.07365E-03    -2.04945E-03     1.00000E+00     0.00000E+00
 2.71932E-08     2.06816E-03    -2.04301E-03     1.00000E+00     0.00000E+00
 2.72067E-08     2.06268E-03    -2.03645E-03     1.00000E+00     0.00000E+00
 2.72201E-08     2.05719E-03    -2.02990E-03     1.00000E+00     0.00000E+00
 2.72336E-08     2.05159E-03    -2.02346E-03     1.00000E+00     0.00000E+00
 2.72470E-08     2.04611E-03    -2.01690E-03     1.00000E+00     0.00000E+00
 2.72605E-08     2.04074E-03    -2.01035E-03     1.00000E+00     0.00000E+00
 2.72739E-08     2.03514E-03    -2.00391E-03     1.00000E+00     0.00000E+00
 2.72874E-08     2.02966E-03    -1.99747E-03     1.00000E+00     0.00000E+00
 2.73008E-08     2.02417E-03    -1.99091E-03     1.00000E+00     0.00000E+00
 2.73143E-08     2.01881E-03    -1.98436E-03     1.00000E+00     0.00000E+00
 2.73277E-08     2.01321E-03    -1.97792E-03     1.00000E+00     0.00000E+00
 2.73412E-08     2.00772E-03    -1.97136E-03     1.00000E+00     0.00000E+00
 2.73546E-08     2.00224E-03    -1.96481E-03     1.00000E+00     0.00000E+00
 2.73681E-08     1.99676E-03    -1.95837E-03     1.00000E+00     0.00000E+00
 2.73815E-08     1.99127E-03    -1.95181E-03     1.00000E+00     0.00000E+00
 2.73950E-08     1.98579E-03    -1.94526E-03     1.00000E+00     0.00000E+00
 2.74084E-08     1.98019E-03    -1.93882E-03     1.00000E+00     0.00000E+00
 2.74219E-08     1.97482E-03    -1.93226E-03     1.00000E+00     0.00000E+00
 2.74353E-08     1.96934E-03    -1.92642E-03     1.00000E+00     0.00000E+00
 2.74488E-08     1.96373E-03    -1.92237E-03     1.00000E+00     0.00000E+00
 2.74622E-08     1.95837E-03    -1.91844E-03     1.00000E+00     0.00000E+00
 2.74757E-08     1.95277E-03    -1.91438E-03     1.00000E+00     0.00000E+00
 2.74891E-08     1.94728E-03    -1.91045E-03     1.00000E+00     0.00000E+00
 2.75026E-08     1.94192E-03    -1.90639E-03     1.00000E+00     0.00000E+00
 2.75160E-08     1.93632E-03    -1.90246E-03     1.00000E+00     0.00000E+00
 2.75295E-08     1.93083E-03    -1.89853E-03     1.00000E+00     0.00000E+00
 2.75429E-08     1.92535E-03    -1.89447E-03     1.00000E+00     0.00000E+00
 2.75564E-08     1.91987E-03    -1.89054E-03     1.00000E+00     0.00000E+00
 2.75698E-08     1.91438E-03    -1.88661E-03     1.00000E+00     0.00000E+00
 2.75833E-08     1.90890E-03    -1.88255E-03     1.00000E+00     0.00000E+00
 2.75967E-08     1.90341E-03    -1.87862E-03     1.00000E+00     0.00000E+00
 2.76102E-08     1.89793E-03    -1.87457E-03     1.00000E+00     0.00000E+00
 2.76236E-08     1.89245E-03    -1.87063E-03     1.00000E+00     0.00000E+00
 2.76370E-08     1.88696E-03    -1.86670E-03     1.00000E+00     0.00000E+00
 2.76505E-08     1.88148E-03    -1.86265E-03     1.00000E+00     0.00000E+00
 2.76639E-08     1.87600E-03    -1.85871E-03     1.00000E+00     0.00000E+00
 2.76774E-08     1.87051E-03    -1.85478E-03     1.00000E+00     0.00000E+00
 2.76908E-08     1.86491E-03    -1.85072E-03     1.00000E+00     0.00000E+00
 2.77043E-08     1.85943E-03    -1.84679E-03     1.00000E+00     0.00000E+00
 2.77177E-08     1.85394E-03    -1.84274E-03     1.00000E+00     0.00000E+00
 2.77312E-08     1.84846E-03    -1.83880E-03     1.00000E+00     0.00000E+00
 2.77446E-08     1.84298E-03    -1.83475E-03     1.00000E+00     0.00000E+00
 2.77581E-08     1.83749E-03    -1.83082E-03     1.00000E+00     0.00000E+00
 2.77715E-08     1.83201E-03    -1.82676E-03     1.00000E+00     0.00000E+00
 2.77850E-08     1.82652E-03    -1.82283E-03     1.00000E+00     0.00000E+00
 2.77984E-08     1.82104E-03    -1.81890E-03     1.00000E+00     0.00000E+00
 2.78119E-08     1.81556E-03    -1.81484E-03     1.00000E+00     0.00000E+00
 2.78253E-08     1.81007E-03    -1.81091E-03     1.00000E+00     0.00000E+00
 2.78388E-08     1.80459E-03    -1.80697E-03     1.00000E+00     0.00000E+00
 2.78522E-08     1.79911E-03    -1.80292E-03     1.00000E+00     0.00000E+00
 2.78657E-08     1.79362E-03    -1.79899E-03     1.00000E+00     0.00000E+00
 2.78791E-08     1.78814E-03    -1.79493E-03     1.00000E+00     0.00000E+00
 2.78926E-08     1.78266E-03    -1.79100E-03     1.00000E+00     0.00000E+00
 2.79060E-08     1.77717E-03    -1.78695E-03     1.00000E+00     0.00000E+00
 2.79195E-08     1.77157E-03    -1.78301E-03     1.00000E+00     0.00000E+00
 2.79329E-08     1.76609E-03    -1.77896E-03     1.00000E+00     0.00000E+00
 2.79464E-08     1.76060E-03    -1.77503E-03     1.00000E+00     0.00000E+00
 2.79598E-08     1.75512E-03    -1.77097E-03     1.00000E+00     0.00000E+00
 2.79733E-08     1.74963E-03    -1.76644E-03     1.00000E+00     0.00000E+00
 2.79867E-08     1.74415E-03    -1.76179E-03     1.00000E+00     0.00000E+00
 2.80002E-08     1.73867E-03    -1.75714E-03     1.00000E+00     0.00000E+00
 2.80136E-08     1.73318E-03    -1.75250E-03     1.00000E+00     0.00000E+00
 2.80271E-08     1.72770E-03    -1.74797E-03     1.00000E+00     0.00000E+00
 2.80405E-08     1.72222E-03    -1.74332E-03     1.00000E+00     0.00000E+00
 2.80540E-08     1.71673E-03    -1.73867E-03     1.00000E+00     0.00000E+00
 2.80674E-08     1.71125E-03    -1.73402E-03     1.00000E+00     0.00000E+00
 2.80809E-08     1.70577E-03    -1.72949E-03     1.00000E+00     0.00000E+00
 2.80943E-08     1.70028E-03    -1.72484E-03     1.00000E+00     0.00000E+00
 2.81078E-08     1.69480E-03    -1.72019E-03     1.00000E+00     0.00000E+00
 2.81212E-08     1.68920E-03    -1.71554E-03     1.00000E+00     0.00000E+00
 2.81347E-08     1.68383E-03    -1.71089E-03     1.00000E+00     0.00000E+00
 2.81481E-08     1.67835E-03    -1.70624E-03     1.00000E+00     0.00000E+00
 2.81616E-08     1.67274E-03    -1.70171E-03     1.00000E+00     0.00000E+00
 2.81750E-08     1.66738E-03    -1.69706E-03     1.00000E+00     0.00000E+00
 2.81884E-08     1.66178E-03    -1.69241E-03     1.00000E+00     0.00000E+00
 2.82019E-08     1.65629E-03    -1.68777E-03     1.00000E+00     0.00000E+00
 2.82153E-08     1.65081E-03    -1.68312E-03     1.00000E+00     0.00000E+00
 2.82288E-08     1.64533E-03    -1.67847E-03     1.00000E+00     0.00000E+00
 2.82422E-08     1.63984E-03    -1.67382E-03     1.00000E+00     0.00000E+00
 2.82557E-08     1.63436E-03    -1.66929E-03     1.00000E+00     0.00000E+00
 2.82691E-08     1.62888E-03    -1.66452E-03     1.00000E+00     0.00000E+00
 2.82826E-08     1.62399E-03    -1.65999E-03     1.00000E+00     0.00000E+00
 2.82960E-08     1.62053E-03    -1.65534E-03     1.00000E+00     0.00000E+00
 2.83095E-08     1.61719E-03    -1.65069E-03     1.00000E+00     0.00000E+00
 2.83229E-08     1.61386E-03    -1.64604E-03     1.00000E+00     0.00000E+00
 2.83364E-08     1.61052E-03    -1.64139E-03     1.00000E+00     0.00000E+00
 2.83498E-08     1.60718E-03    -1.63686E-03     1.00000E+00     0.00000E+00
 2.83633E-08     1.60384E-03    -1.63221E-03     1.00000E+00     0.00000E+00
 2.83767E-08     1.60050E-03    -1.62756E-03     1.00000E+00     0.00000E+00
 2.83902E-08     1.59705E-03    -1.62292E-03     1.00000E+00     0.00000E+00
 2.84036E-08     1.59371E-03    -1.61827E-03     1.00000E+00     0.00000E+00
 2.84171E-08     1.59037E-03    -1.61362E-03     1.00000E+00     0.00000E+00
 2.84305E-08     1.58703E-03    -1.60909E-03     1.00000E+00     0.00000E+00
 2.84440E-08     1.58370E-03    -1.60444E-03     1.00000E+00     0.00000E+00
 2.84574E-08     1.58024E-03    -1.59979E-03     1.00000E+00     0.00000E+00
 2.84709E-08     1.57690E-03    -1.59514E-03     1.00000E+00     0.00000E+00
 2.84843E-08     1.57356E-03    -1.59049E-03     1.00000E+00     0.00000E+00
 2.84978E-08     1.57022E-03    -1.58584E-03     1.00000E+00     0.00000E+00
 2.85112E-08     1.56689E-03    -1.58131E-03     1.00000E+00     0.00000E+00
 2.85247E-08     1.56355E-03    -1.57666E-03     1.00000E+00     0.00000E+00
 2.85381E-08     1.56021E-03    -1.57201E-03     1.00000E+00     0.00000E+00
 2.85516E-08     1.55675E-03    -1.56748E-03     1.00000E+00     0.00000E+00
 2.85650E-08     1.55342E-03    -1.56283E-03     1.00000E+00     0.00000E+00
 2.85785E-08     1.55008E-03    -1.55818E-03     1.00000E+00     0.00000E+00
 2.85919E-08     1.54674E-03    -1.55354E-03     1.00000E+00     0.00000E+00
 2.86054E-08     1.54340E-03    -1.54889E-03     1.00000E+00     0.00000E+00
 2.86188E-08     1.54006E-03    -1.54424E-03     1.00000E+00     0.00000E+00
 2.86323E-08     1.53661E-03    -1.53971E-03     1.00000E+00     0.00000E+00
 2.86457E-08     1.53327E-03    -1.53506E-03     1.00000E+00     0.00000E+00
 2.86592E-08     1.52993E-03    -1.53041E-03     1.00000E+00     0.00000E+00
 2.86726E-08     1.52647E-03    -1.52576E-03     1.00000E+00     0.00000E+00
 2.86861E-08     1.52314E-03    -1.52111E-03     1.00000E+00     0.00000E+00
 2.86995E-08     1.51992E-03    -1.51646E-03     1.00000E+00     0.00000E+00
 2.87130E-08     1.51646E-03    -1.51181E-03     1.00000E+00     0.00000E+00
 2.87264E-08     1.51312E-03    -1.50728E-03     1.00000E+00     0.00000E+00
 2.87398E-08     1.50979E-03    -1.50263E-03     1.00000E+00     0.00000E+00
 2.87533E-08     1.50645E-03    -1.49798E-03     1.00000E+00     0.00000E+00
 2.87667E-08     1.50299E-03    -1.49333E-03     1.00000E+00     0.00000E+00
 2.87802E-08     1.49977E-03    -1.48869E-03     1.00000E+00     0.00000E+00
 2.87936E-08     1.49632E-03    -1.48416E-03     1.00000E+00     0.00000E+00
 2.88071E-08     1.49298E-03    -1.47939E-03     1.00000E+00     0.00000E+00
 2.88205E-08     1.48904E-03    -1.47486E-03     1.00000E+00     0.00000E+00
 2.88340E-08     1.48523E-03    -1.47021E-03     1.00000E+00     0.00000E+00
 2.88474E-08     1.48129E-03    -1.46556E-03     1.00000E+00     0.00000E+00
 2.88609E-08     1.47736E-03    -1.46091E-03     1.00000E+00     0.00000E+00
 2.88743E-08     1.47343E-03    -1.45626E-03     1.00000E+00     0.00000E+00
 2.88878E-08     1.46961E-03    -1.45161E-03     1.00000E+00     0.00000E+00
 2.89012E-08     1.46568E-03    -1.44696E-03     1.00000E+00     0.00000E+00
 2.89147E-08     1.46174E-03    -1.44243E-03     1.00000E+00     0.00000E+00
 2.89281E-08     1.45793E-03    -1.43778E-03     1.00000E+00     0.00000E+00
 2.89416E-08     1.45400E-03    -1.43313E-03     1.00000E+00     0.00000E+00
 2.89550E-08     1.45006E-03    -1.42848E-03     1.00000E+00     0.00000E+00
 2.89685E-08     1.44613E-03    -1.42395E-03     1.00000E+00     0.00000E+00
 2.89819E-08     1.44231E-03    -1.41919E-03     1.00000E+00     0.00000E+00
 2.89954E-08     1.43838E-03    -1.41466E-03     1.00000E+00     0.00000E+00
 2.90088E-08     1.43445E-03    -1.41001E-03     1.00000E+00     0.00000E+00
 2.90223E-08     1.43051E-03    -1.40536E-03     1.00000E+00     0.00000E+00
 2.90357E-08     1.42658E-03    -1.40083E-03     1.00000E+00     0.00000E+00
 2.90492E-08     1.42276E-03    -1.39618E-03     1.00000E+00     0.00000E+00
 2.90626E-08     1.41883E-03    -1.39153E-03     1.00000E+00     0.00000E+00
 2.90761E-08     1.41490E-03    -1.38688E-03     1.00000E+00     0.00000E+00
 2.90895E-08     1.41108E-03    -1.38223E-03     1.00000E+00     0.00000E+00
 2.91030E-08     1.40715E-03    -1.37770E-03     1.00000E+00     0.00000E+00
 2.91164E-08     1.40333E-03    -1.37305E-03     1.00000E+00     0.00000E+00
 2.91299E-08     1.39940E-03    -1.36888E-03     1.00000E+00     0.00000E+00
 2.91433E-08     1.39546E-03    -1.36602E-03     1.00000E+00     0.00000E+00
 2.91568E-08     1.39153E-03    -1.36316E-03     1.00000E+00     0.00000E+00
 2.91702E-08     1.38772E-03    -1.36030E-03     1.00000E+00     0.00000E+00
 2.91837E-08     1.38378E-03    -1.35756E-03     1.00000E+00     0.00000E+00
 2.91971E-08     1.37985E-03    -1.35469E-03     1.00000E+00     0.00000E+00
 2.92106E-08     1.37591E-03    -1.35183E-03     1.00000E+00     0.00000E+00
 2.92240E-08     1.37198E-03    -1.34909E-03     1.00000E+00     0.00000E+00
 2.92375E-08     1.36817E-03    -1.34623E-03     1.00000E+00     0.00000E+00
 2.92509E-08     1.36423E-03    -1.34337E-03     1.00000E+00     0.00000E+00
 2.92644E-08     1.36042E-03    -1.34051E-03     1.00000E+00     0.00000E+00
 2.92778E-08     1.35648E-03    -1.33765E-03     1.00000E+00     0.00000E+00
 2.92913E-08     1.35255E-03    -1.33491E-03     1.00000E+00     0.00000E+00
 2.93047E-08     1.34861E-03    -1.33204E-03     1.00000E+00     0.00000E+00
 2.93181E-08     1.34468E-03    -1.32918E-03     1.00000E+00     0.00000E+00
 2.93316E-08     1.34087E-03    -1.32632E-03     1.00000E+00     0.00000E+00
 2.93450E-08     1.33693E-03    -1.32358E-03     1.00000E+00     0.00000E+00
 2.93585E-08     1.33300E-03    -1.32072E-03     1.00000E+00     0.00000E+00
 2.93719E-08     1.32906E-03    -1.31786E-03     1.00000E+00     0.00000E+00
 2.93854E-08     1.32525E-03    -1.31500E-03     1.00000E+00     0.00000E+00
 2.93988E-08     1.32132E-03    -1.31226E-03     1.00000E+00     0.00000E+00
 2.94123E-08     1.31738E-03    -1.30939E-03     1.00000E+00     0.00000E+00
 2.94257E-08     1.31357E-03    -1.30653E-03     1.00000E+00     0.00000E+00
 2.94392E-08     1.30963E-03    -1.30379E-03     1.00000E+00     0.00000E+00
 2.94526E-08     1.30570E-03    -1.30093E-03     1.00000E+00     0.00000E+00
 2.94661E-08     1.30177E-03    -1.29807E-03     1.00000E+00     0.00000E+00
 2.94795E-08     1.29783E-03    -1.29521E-03     1.00000E+00     0.00000E+00
 2.94930E-08     1.29402E-03    -1.29235E-03     1.00000E+00     0.00000E+00
 2.95064E-08     1.29008E-03    -1.28961E-03     1.00000E+00     0.00000E+00
 2.95199E-08     1.28615E-03    -1.28675E-03     1.00000E+00     0.00000E+00
 2.95333E-08     1.28233E-03    -1.28388E-03     1.00000E+00     0.00000E+00
 2.95468E-08     1.27840E-03    -1.28114E-03     1.00000E+00     0.00000E+00
 2.95602E-08     1.27447E-03    -1.27828E-03     1.00000E+00     0.00000E+00
 2.95737E-08     1.27053E-03    -1.27542E-03     1.00000E+00     0.00000E+00
 2.95871E-08     1.26672E-03    -1.27256E-03     1.00000E+00     0.00000E+00
 2.96006E-08     1.26278E-03    -1.26982E-03     1.00000E+00     0.00000E+00
 2.96140E-08     1.25885E-03    -1.26696E-03     1.00000E+00     0.00000E+00
 2.96275E-08     1.25504E-03    -1.26410E-03     1.00000E+00     0.00000E+00
 2.96409E-08     1.25110E-03    -1.26123E-03     1.00000E+00     0.00000E+00
 2.96544E-08     1.24717E-03    -1.25849E-03     1.00000E+00     0.00000E+00
 2.96678E-08     1.24335E-03    -1.25515E-03     1.00000E+00     0.00000E+00
 2.96813E-08     1.23942E-03    -1.25194E-03     1.00000E+00     0.00000E+00
 2.96947E-08     1.23549E-03    -1.24860E-03     1.00000E+00     0.00000E+00
 2.97082E-08     1.23167E-03    -1.24538E-03     1.00000E+00     0.00000E+00
 2.97216E-08     1.22774E-03    -1.24204E-03     1.00000E+00     0.00000E+00
 2.97351E-08     1.22380E-03    -1.23870E-03     1.00000E+00     0.00000E+00
 2.97485E-08     1.21987E-03    -1.23537E-03     1.00000E+00     0.00000E+00
 2.97620E-08     1.21605E-03    -1.23215E-03     1.00000E+00     0.00000E+00
 2.97754E-08     1.21200E-03    -1.22881E-03     1.00000E+00     0.00000E+00
 2.97889E-08     1.20819E-03    -1.22547E-03     1.00000E+00     0.00000E+00
 2.98023E-08     1.20425E-03    -1.22225E-03     1.00000E+00     0.00000E+00
 2.98158E-08     1.20032E-03    -1.21903E-03     1.00000E+00     0.00000E+00
 2.98292E-08     1.19650E-03    -1.21570E-03     1.00000E+00     0.00000E+00
 2.98426E-08     1.19257E-03    -1.21236E-03     1.00000E+00     0.00000E+00
 2.98561E-08     1.18876E-03    -1.20914E-03     1.00000E+00     0.00000E+00
 2.98695E-08     1.18470E-03    -1.20580E-03     1.00000E+00     0.00000E+00
 2.98830E-08     1.18089E-03    -1.20258E-03     1.00000E+00     0.00000E+00
 2.98964E-08     1.17695E-03    -1.19925E-03     1.00000E+00     0.00000E+00
 2.99099E-08     1.17302E-03    -1.19603E-03     1.00000E+00     0.00000E+00
 2.99233E-08     1.16920E-03    -1.19269E-03     1.00000E+00     0.00000E+00
 2.99368E-08     1.16527E-03    -1.18935E-03     1.00000E+00     0.00000E+00
 2.99502E-08     1.16134E-03    -1.18613E-03     1.00000E+00     0.00000E+00
 2.99637E-08     1.15740E-03    -1.18279E-03     1.00000E+00     0.00000E+00
 2.99771E-08     1.15395E-03    -1.17946E-03     1.00000E+00     0.00000E+00
 2.99906E-08     1.15156E-03    -1.17624E-03     1.00000E+00     0.00000E+00
 3.00040E-08     1.14918E-03    -1.17290E-03     1.00000E+00     0.00000E+00
 3.00175E-08     1.14679E-03    -1.16956E-03     1.00000E+00     0.00000E+00
 3.00309E-08     1.14441E-03    -1.16634E-03     1.00000E+00     0.00000E+00
 3.00444E-08     1.14202E-03    -1.16313E-03     1.00000E+00     0.00000E+00
 3.00578E-08     1.13964E-03    -1.15979E-03     1.00000E+00     0.00000E+00
 3.00712E-08     1.13726E-03    -1.15657E-03     1.00000E+00     0.00000E+00
 3.00847E-08     1.13487E-03    -1.15323E-03     1.00000E+00     0.00000E+00
 3.00981E-08     1.13249E-03    -1.14989E-03     1.00000E+00     0.00000E+00
 3.01116E-08     1.13010E-03    -1.14667E-03     1.00000E+00     0.00000E+00
 3.01250E-08     1.12772E-03    -1.14334E-03     1.00000E+00     0.00000E+00
 3.01385E-08     1.12534E-03    -1.14000E-03     1.00000E+00     0.00000E+00
 3.01519E-08     1.12295E-03    -1.13678E-03     1.00000E+00     0.00000E+00
 3.01654E-08     1.12057E-03    -1.13356E-03     1.00000E+00     0.00000E+00
 3.01788E-08     1.11818E-03    -1.13010E-03     1.00000E+00     0.00000E+00
 3.01923E-08     1.11580E-03    -1.12689E-03     1.00000E+00     0.00000E+00
 3.02057E-08     1.11341E-03    -1.12367E-03     1.00000E+00     0.00000E+00
 3.02192E-08     1.11103E-03    -1.12033E-03     1.00000E+00     0.00000E+00
 3.02326E-08     1.10865E-03    -1.11699E-03     1.00000E+00     0.00000E+00
 3.02461E-08     1.10626E-03    -1.11377E-03     1.00000E+00     0.00000E+00
 3.02595E-08     1.10376E-03    -1.11043E-03     1.00000E+00     0.00000E+00
 3.02730E-08     1.10149E-03    -1.10710E-03     1.00000E+00     0.00000E+00
 3.02864E-08     1.09899E-03    -1.10388E-03     1.00000E+00     0.00000E+00
 3.02998E-08     1.09661E-03    -1.10054E-03     1.00000E+00     0.00000E+00
 3.03133E-08     1.09422E-03    -1.09732E-03     1.00000E+00     0.00000E+00
 3.03267E-08     1.09196E-03    -1.09398E-03     1.00000E+00     0.00000E+00
 3.03402E-08     1.08957E-03    -1.09076E-03     1.00000E+00     0.00000E+00
 3.03536E-08     1.08707E-03    -1.08743E-03     1.00000E+00     0.00000E+00
 3.03671E-08     1.08480E-03    -1.08421E-03     1.00000E+00     0.00000E+00
 3.03805E-08     1.08242E-03    -1.08087E-03     1.00000E+00     0.00000E+00
 3.03940E-08     1.08004E-03    -1.07765E-03     1.00000E+00     0.00000E+00
 3.04074E-08     1.07753E-03    -1.07431E-03     1.00000E+00     0.00000E+00
 3.04209E-08     1.07515E-03    -1.07098E-03     1.00000E+00     0.00000E+00
 3.04343E-08     1.07288E-03    -1.06776E-03     1.00000E+00     0.00000E+00
 3.04478E-08     1.07038E-03    -1.06442E-03     1.00000E+00     0.00000E+00
 3.04612E-08     1.06812E-03    -1.06108E-03     1.00000E+00     0.00000E+00
 3.04747E-08     1.06573E-03    -1.05786E-03     1.00000E+00     0.00000E+00
 3.04881E-08     1.06323E-03    -1.05453E-03     1.00000E+00     0.00000E+00
 3.05015E-08     1.06084E-03    -1.05131E-03     1.00000E+00     0.00000E+00
 3.05150E-08     1.05810E-03    -1.04797E-03     1.00000E+00     0.00000E+00
 3.05284E-08     1.05536E-03    -1.04463E-03     1.00000E+00     0.00000E+00
 3.05419E-08     1.05262E-03    -1.04129E-03     1.00000E+00     0.00000E+00
 3.05553E-08     1.04976E-03    -1.03807E-03     1.00000E+00     0.00000E+00
 3.05688E-08     1.04702E-03    -1.03486E-03     1.00000E+00     0.00000E+00
 3.05822E-08     1.04427E-03    -1.03152E-03     1.00000E+00     0.00000E+00
 3.05957E-08     1.04153E-03    -1.02830E-03     1.00000E+00     0.00000E+00
 3.06091E-08     1.03867E-03    -1.02496E-03     1.00000E+00     0.00000E+00
 3.06226E-08     1.03593E-03    -1.02174E-03     1.00000E+00     0.00000E+00
 3.06360E-08     1.03319E-03    -1.01840E-03     1.00000E+00     0.00000E+00
 3.06495E-08     1.03033E-03    -1.01507E-03     1.00000E+00     0.00000E+00
 3.06629E-08     1.02758E-03    -1.01173E-03     1.00000E+00     0.00000E+00
 3.06764E-08     1.02484E-03    -1.00851E-03     1.00000E+00     0.00000E+00
 3.06898E-08     1.02210E-03    -1.00517E-03     1.00000E+00     0.00000E+00
 3.07033E-08     1.01924E-03    -1.00183E-03     1.00000E+00     0.00000E+00
 3.07167E-08     1.01662E-03    -9.98616E-04     1.00000E+00     0.00000E+00
 3.07301E-08     1.01376E-03    -9.95398E-04     1.00000E+00     0.00000E+00
 3.07436E-08     1.01101E-03    -9.92060E-04     1.00000E+00     0.00000E+00
 3.07570E-08     1.00815E-03    -9.88722E-04     1.00000E+00     0.00000E+00
 3.07705E-08     1.00553E-03    -9.85503E-04     1.00000E+00     0.00000E+00
 3.07839E-08     1.00267E-03    -9.82165E-04     1.00000E+00     0.00000E+00
 3.07974E-08     9.99928E-04    -9.78827E-04     1.00000E+00     0.00000E+00
 3.08108E-08     9.97186E-04    -9.75609E-04     1.00000E+00     0.00000E+00
 3.08243E-08     9.94325E-04    -9.72629E-04     1.00000E+00     0.00000E+00
 3.08377E-08     9.91583E-04    -9.70602E-04     1.00000E+00     0.00000E+00
 3.08512E-08     9.88841E-04    -9.68575E-04     1.00000E+00     0.00000E+00
 3.08646E-08     9.86099E-04    -9.66668E-04     1.00000E+00     0.00000E+00
 3.08781E-08     9.83238E-04    -9.64642E-04     1.00000E+00     0.00000E+00
 3.08915E-08     9.80496E-04    -9.62615E-04     1.00000E+00     0.00000E+00
 3.09050E-08     9.77755E-04    -9.60588E-04     1.00000E+00     0.00000E+00
 3.09184E-08     9.74894E-04    -9.58562E-04     1.00000E+00     0.00000E+00
 3.09319E-08     9.72152E-04    -9.56655E-04     1.00000E+00     0.00000E+00
 3.09453E-08     9.69410E-04    -9.54628E-04     1.00000E+00     0.00000E+00
 3.09587E-08     9.66668E-04    -9.52482E-04     1.00000E+00     0.00000E+00
 3.09722E-08     9.63926E-04    -9.50575E-04     1.00000E+00     0.00000E+00
 3.09856E-08     9.61065E-04    -9.48548E-04     1.00000E+00     0.00000E+00
 3.09991E-08     9.58323E-04    -9.46522E-04     1.00000E+00     0.00000E+00
 3.10125E-08     9.55582E-04    -9.44495E-04     1.00000E+00     0.00000E+00
 3.10260E-08     9.52840E-04    -9.42469E-04     1.00000E+00     0.00000E+00
 3.10394E-08     9.49979E-04    -9.40442E-04     1.00000E+00     0.00000E+00
 3.10529E-08     9.47237E-04    -9.38535E-04     1.00000E+00     0.00000E+00
 3.10663E-08     9.44495E-04    -9.36508E-04     1.00000E+00     0.00000E+00
 3.10798E-08     9.41753E-04    -9.34362E-04     1.00000E+00     0.00000E+00
 3.10932E-08     9.38892E-04    -9.32455E-04     1.00000E+00     0.00000E+00
 3.11067E-08     9.36151E-04    -9.30429E-04     1.00000E+00     0.00000E+00
 3.11201E-08     9.33409E-04    -9.28402E-04     1.00000E+00     0.00000E+00
 3.11336E-08     9.30548E-04    -9.26375E-04     1.00000E+00     0.00000E+00
 3.11470E-08     9.27806E-04    -9.24349E-04     1.00000E+00     0.00000E+00
 3.11605E-08     9.25064E-04    -9.22322E-04     1.00000E+00     0.00000E+00
 3.11739E-08     9.22203E-04    -9.20415E-04     1.00000E+00     0.00000E+00
 3.11873E-08     9.19461E-04    -9.18388E-04     1.00000E+00     0.00000E+00
 3.12008E-08     9.16719E-04    -9.16362E-04     1.00000E+00     0.00000E+00
 3.12142E-08     9.13978E-04    -9.14335E-04     1.00000E+00     0.00000E+00
 3.12277E-08     9.11117E-04    -9.12309E-04     1.00000E+00     0.00000E+00
 3.12411E-08     9.08375E-04    -9.10282E-04     1.00000E+00     0.00000E+00
 3.12546E-08     9.05633E-04    -9.08375E-04     1.00000E+00     0.00000E+00
 3.12680E-08     9.02891E-04    -9.06229E-04     1.00000E+00     0.00000E+00
 3.12815E-08     9.00030E-04    -9.04202E-04     1.00000E+00     0.00000E+00
 3.12949E-08     8.97288E-04    -9.02295E-04     1.00000E+00     0.00000E+00
 3.13084E-08     8.94547E-04    -9.00269E-04     1.00000E+00     0.00000E+00
 3.13218E-08     8.91805E-04    -8.98242E-04     1.00000E+00     0.00000E+00
 3.13353E-08     8.89063E-04    -8.96215E-04     1.00000E+00     0.00000E+00
 3.13487E-08     8.86321E-04    -8.94189E-04     1.00000E+00     0.00000E+00
 3.13622E-08     8.83460E-04    -8.91924E-04     1.00000E+00     0.00000E+00
 3.13756E-08     8.80718E-04    -8.89540E-04     1.00000E+00     0.00000E+00
 3.13891E-08     8.77857E-04    -8.87156E-04     1.00000E+00     0.00000E+00
 3.14025E-08     8.75115E-04    -8.84891E-04     1.00000E+00     0.00000E+00
 3.14159E-08     8.72374E-04    -8.82506E-04     1.00000E+00     0.00000E+00
 3.14294E-08     8.69632E-04    -8.80122E-04     1.00000E+00     0.00000E+00
 3.14428E-08     8.66771E-04    -8.77857E-04     1.00000E+00     0.00000E+00
 3.14563E-08     8.64029E-04    -8.75592E-04     1.00000E+00     0.00000E+00
 3.14697E-08     8.61287E-04    -8.73208E-04     1.00000E+00     0.00000E+00
 3.14832E-08     8.58426E-04    -8.70824E-04     1.00000E+00     0.00000E+00
 3.14966E-08     8.55803E-04    -8.68559E-04     1.00000E+00     0.00000E+00
 3.15101E-08     8.52942E-04    -8.66175E-04     1.00000E+00     0.00000E+00
 3.15235E-08     8.50201E-04    -8.63791E-04     1.00000E+00     0.00000E+00
 3.15370E-08     8.47340E-04    -8.61526E-04     1.00000E+00     0.00000E+00
 3.15504E-08     8.44717E-04    -8.59141E-04     1.00000E+00     0.00000E+00
 3.15639E-08     8.41856E-04    -8.56757E-04     1.00000E+00     0.00000E+00
 3.15773E-08     8.39114E-04    -8.54492E-04     1.00000E+00     0.00000E+00
 3.15908E-08     8.36372E-04    -8.52108E-04     1.00000E+00     0.00000E+00
 3.16042E-08     8.33631E-04    -8.49843E-04     1.00000E+00     0.00000E+00
 3.16177E-08     8.30770E-04    -8.47459E-04     1.00000E+00     0.00000E+00
 3.16311E-08     8.28028E-04    -8.45194E-04     1.00000E+00     0.00000E+00
 3.16445E-08     8.25286E-04    -8.42810E-04     1.00000E+00     0.00000E+00
 3.16580E-08     8.22425E-04    -8.40425E-04     1.00000E+00     0.00000E+00
 3.16714E-08     8.19921E-04    -8.38161E-04     1.00000E+00     0.00000E+00
 3.16849E-08     8.18253E-04    -8.35776E-04     1.00000E+00     0.00000E+00
 3.16983E-08     8.16584E-04    -8.33392E-04     1.00000E+00     0.00000E+00
 3.17118E-08     8.14915E-04    -8.31127E-04     1.00000E+00     0.00000E+00
 3.17252E-08     8.13127E-04    -8.28862E-04     1.00000E+00     0.00000E+00
 3.17387E-08     8.11458E-04    -8.26359E-04     1.00000E+00     0.00000E+00
 3.17521E-08     8.09789E-04    -8.24094E-04     1.00000E+00     0.00000E+00
 3.17656E-08     8.08120E-04    -8.21829E-04     1.00000E+00     0.00000E+00
 3.17790E-08     8.06332E-04    -8.19445E-04     1.00000E+00     0.00000E+00
 3.17925E-08     8.04663E-04    -8.17060E-04     1.00000E+00     0.00000E+00
 3.18059E-08     8.02994E-04    -8.14676E-04     1.00000E+00     0.00000E+00
 3.18194E-08     8.01325E-04    -8.12411E-04     1.00000E+00     0.00000E+00
 3.18328E-08     7.99537E-04    -8.10146E-04     1.00000E+00     0.00000E+00
 3.18463E-08     7.97987E-04    -8.07762E-04     1.00000E+00     0.00000E+00
 3.18597E-08     7.96199E-04    -8.05378E-04     1.00000E+00     0.00000E+00
 3.18731E-08     7.94530E-04    -8.03113E-04     1.00000E+00     0.00000E+00
 3.18866E-08     7.92861E-04    -8.00729E-04     1.00000E+00     0.00000E+00
 3.19000E-08     7.91073E-04    -7.98464E-04     1.00000E+00     0.00000E+00
 3.19135E-08     7.89404E-04    -7.95960E-04     1.00000E+00     0.00000E+00
 3.19269E-08     7.87735E-04    -7.93695E-04     1.00000E+00     0.00000E+00
 3.19404E-08     7.86066E-04    -7.91430E-04     1.00000E+00     0.00000E+00
 3.19538E-08     7.84397E-04    -7.89046E-04     1.00000E+00     0.00000E+00
 3.19673E-08     7.82609E-04    -7.86662E-04     1.00000E+00     0.00000E+00
 3.19807E-08     7.80940E-04    -7.84397E-04     1.00000E+00     0.00000E+00
 3.19942E-08     7.79271E-04    -7.82013E-04     1.00000E+00     0.00000E+00
 3.20076E-08     7.77602E-04    -7.79629E-04     1.00000E+00     0.00000E+00
 3.20211E-08     7.75933E-04    -7.77364E-04     1.00000E+00     0.00000E+00
 3.20345E-08     7.74145E-04    -7.74980E-04     1.00000E+00     0.00000E+00
 3.20480E-08     7.72476E-04    -7.72715E-04     1.00000E+00     0.00000E+00
 3.20614E-08     7.70807E-04    -7.70330E-04     1.00000E+00     0.00000E+00
 3.20749E-08     7.69138E-04    -7.68065E-04     1.00000E+00     0.00000E+00
 3.20883E-08     7.67350E-04    -7.65681E-04     1.00000E+00     0.00000E+00
 3.21017E-08     7.65681E-04    -7.63297E-04     1.00000E+00     0.00000E+00
 3.21152E-08     7.64012E-04    -7.60913E-04     1.00000E+00     0.00000E+00
 3.21286E-08     7.62343E-04    -7.58648E-04     1.00000E+00     0.00000E+00
 3.21421E-08     7.60674E-04    -7.56383E-04     1.00000E+00     0.00000E+00
 3.21555E-08     7.58886E-04    -7.53999E-04     1.00000E+00     0.00000E+00
 3.21690E-08     7.57217E-04    -7.51615E-04     1.00000E+00     0.00000E+00
 3.21824E-08     7.55548E-04    -7.49230E-04     1.00000E+00     0.00000E+00
 3.21959E-08     7.53880E-04    -7.46965E-04     1.00000E+00     0.00000E+00
 3.22093E-08     7.51853E-04    -7.44700E-04     1.00000E+00     0.00000E+00
 3.22228E-08     7.49826E-04    -7.42316E-04     1.00000E+00     0.00000E+00
 3.22362E-08     7.48038E-04    -7.39932E-04     1.00000E+00     0.00000E+00
 3.22497E-08     7.46012E-04    -7.37667E-04     1.00000E+00     0.00000E+00
 3.22631E-08     7.43985E-04    -7.35283E-04     1.00000E+00     0.00000E+00
 3.22766E-08     7.42078E-04    -7.33018E-04     1.00000E+00     0.00000E+00
 3.22900E-08     7.40051E-04    -7.30634E-04     1.00000E+00     0.00000E+00
 3.23035E-08     7.38144E-04    -7.28369E-04     1.00000E+00     0.00000E+00
 3.23169E-08     7.36117E-04    -7.25985E-04     1.00000E+00     0.00000E+00
 3.23303E-08     7.34091E-04    -7.23600E-04     1.00000E+00     0.00000E+00
 3.23438E-08     7.32183E-04    -7.21335E-04     1.00000E+00     0.00000E+00
 3.23572E-08     7.30157E-04    -7.18951E-04     1.00000E+00     0.00000E+00
 3.23707E-08     7.28250E-04    -7.16567E-04     1.00000E+00     0.00000E+00
 3.23841E-08     7.26223E-04    -7.14302E-04     1.00000E+00     0.00000E+00
 3.23976E-08     7.24316E-04    -7.11918E-04     1.00000E+00     0.00000E+00
 3.24110E-08     7.22289E-04    -7.09534E-04     1.00000E+00     0.00000E+00
 3.24245E-08     7.20382E-04    -7.07150E-04     1.00000E+00     0.00000E+00
 3.24379E-08     7.18355E-04    -7.04885E-04     1.00000E+00     0.00000E+00
 3.24514E-08     7.16329E-04    -7.02500E-04     1.00000E+00     0.00000E+00
 3.24648E-08     7.14540E-04    -7.00235E-04     1.00000E+00     0.00000E+00
 3.24783E-08     7.12514E-04    -6.97970E-04     1.00000E+00     0.00000E+00
 3.24917E-08     7.10487E-04    -6.95586E-04     1.00000E+00     0.00000E+00
 3.25052E-08     7.08580E-04    -6.93202E-04     1.00000E+00     0.00000E+00
 3.25186E-08     7.06553E-04    -6.91175E-04     1.00000E+00     0.00000E+00
 3.25320E-08     7.04646E-04    -6.89745E-04     1.00000E+00     0.00000E+00
 3.25455E-08     7.02620E-04    -6.88314E-04     1.00000E+00     0.00000E+00
 3.25589E-08     7.00593E-04    -6.86884E-04     1.00000E+00     0.00000E+00
 3.25724E-08     6.98686E-04    -6.85453E-04     1.00000E+00     0.00000E+00
 3.25858E-08     6.96778E-04    -6.84023E-04     1.00000E+00     0.00000E+00
 3.25993E-08     6.94752E-04    -6.82592E-04     1.00000E+00     0.00000E+00
 3.26127E-08     6.92725E-04    -6.81162E-04     1.00000E+00     0.00000E+00
 3.26262E-08     6.90818E-04    -6.79731E-04     1.00000E+00     0.00000E+00
 3.26396E-08     6.88791E-04    -6.78301E-04     1.00000E+00     0.00000E+00
 3.26531E-08     6.86884E-04    -6.76870E-04     1.00000E+00     0.00000E+00
 3.26665E-08     6.84857E-04    -6.75440E-04     1.00000E+00     0.00000E+00
 3.26800E-08     6.82950E-04    -6.74009E-04     1.00000E+00     0.00000E+00
 3.26934E-08     6.81043E-04    -6.72579E-04     1.00000E+00     0.00000E+00
 3.27069E-08     6.79016E-04    -6.71148E-04     1.00000E+00     0.00000E+00
 3.27203E-08     6.76990E-04    -6.69718E-04     1.00000E+00     0.00000E+00
 3.27338E-08     6.75082E-04    -6.68287E-04     1.00000E+00     0.00000E+00
 3.27472E-08     6.73056E-04    -6.66857E-04     1.00000E+00     0.00000E+00
 3.27606E-08     6.71148E-04    -6.65307E-04     1.00000E+00     0.00000E+00
 3.27741E-08     6.69122E-04    -6.63996E-04     1.00000E+00     0.00000E+00
 3.27875E-08     6.67214E-04    -6.62565E-04     1.00000E+00     0.00000E+00
 3.28010E-08     6.65188E-04    -6.61135E-04     1.00000E+00     0.00000E+00
 3.28144E-08     6.63161E-04    -6.59704E-04     1.00000E+00     0.00000E+00
 3.28279E-08     6.61254E-04    -6.58274E-04     1.00000E+00     0.00000E+00
 3.28413E-08     6.59347E-04    -6.56843E-04     1.00000E+00     0.00000E+00
 3.28548E-08     6.57320E-04    -6.55413E-04     1.00000E+00     0.00000E+00
 3.28682E-08     6.55413E-04    -6.53982E-04     1.00000E+00     0.00000E+00
 3.28817E-08     6.53386E-04    -6.52552E-04     1.00000E+00     0.00000E+00
 3.28951E-08     6.51360E-04    -6.51121E-04     1.00000E+00     0.00000E+00
 3.29086E-08     6.49452E-04    -6.49691E-04     1.00000E+00     0.00000E+00
 3.29220E-08     6.47426E-04    -6.48260E-04     1.00000E+00     0.00000E+00
 3.29355E-08     6.45518E-04    -6.46830E-04     1.00000E+00     0.00000E+00
 3.29489E-08     6.43611E-04    -6.45399E-04     1.00000E+00     0.00000E+00
 3.29624E-08     6.41584E-04    -6.43969E-04     1.00000E+00     0.00000E+00
 3.29758E-08     6.39558E-04    -6.42538E-04     1.00000E+00     0.00000E+00
 3.29892E-08     6.37650E-04    -6.41108E-04     1.00000E+00     0.00000E+00
 3.30027E-08     6.35624E-04    -6.39677E-04     1.00000E+00     0.00000E+00
 3.30161E-08     6.33717E-04    -6.38247E-04     1.00000E+00     0.00000E+00
 3.30296E-08     6.31690E-04    -6.36816E-04     1.00000E+00     0.00000E+00
 3.30430E-08     6.29663E-04    -6.35386E-04     1.00000E+00     0.00000E+00
 3.30565E-08     6.27756E-04    -6.33717E-04     1.00000E+00     0.00000E+00
 3.30699E-08     6.25849E-04    -6.32048E-04     1.00000E+00     0.00000E+00
 3.30834E-08     6.23941E-04    -6.30379E-04     1.00000E+00     0.00000E+00
 3.30968E-08     6.21915E-04    -6.28710E-04     1.00000E+00     0.00000E+00
 3.31103E-08     6.19888E-04    -6.27041E-04     1.00000E+00     0.00000E+00
 3.31237E-08     6.17862E-04    -6.25372E-04     1.00000E+00     0.00000E+00
 3.31372E-08     6.16074E-04    -6.23703E-04     1.00000E+00     0.00000E+00
 3.31506E-08     6.13928E-04    -6.22153E-04     1.00000E+00     0.00000E+00
 3.31641E-08     6.12020E-04    -6.20484E-04     1.00000E+00     0.00000E+00
 3.31775E-08     6.10113E-04    -6.18815E-04     1.00000E+00     0.00000E+00
 3.31910E-08     6.08087E-04    -6.17146E-04     1.00000E+00     0.00000E+00
 3.32044E-08     6.06060E-04    -6.15478E-04     1.00000E+00     0.00000E+00
 3.32178E-08     6.04153E-04    -6.13809E-04     1.00000E+00     0.00000E+00
 3.32313E-08     6.02126E-04    -6.12140E-04     1.00000E+00     0.00000E+00
 3.32447E-08     6.00219E-04    -6.10471E-04     1.00000E+00     0.00000E+00
 3.32582E-08     5.98192E-04    -6.08802E-04     1.00000E+00     0.00000E+00
 3.32716E-08     5.96166E-04    -6.07133E-04     1.00000E+00     0.00000E+00
 3.32851E-08     5.94258E-04    -6.05464E-04     1.00000E+00     0.00000E+00
 3.32985E-08     5.92351E-04    -6.03795E-04     1.00000E+00     0.00000E+00
 3.33120E-08     5.90324E-04    -6.02245E-04     1.00000E+00     0.00000E+00
 3.33254E-08     5.88417E-04    -6.00576E-04     1.00000E+00     0.00000E+00
 3.33389E-08     5.86390E-04    -5.98907E-04     1.00000E+00     0.00000E+00
 3.33523E-08     5.84483E-04    -5.97239E-04     1.00000E+00     0.00000E+00
 3.33658E-08     5.82576E-04    -5.95570E-04     1.00000E+00     0.00000E+00
 3.33792E-08     5.81503E-04    -5.93901E-04     1.00000E+00     0.00000E+00
 3.33927E-08     5.80311E-04    -5.92232E-04     1.00000E+00     0.00000E+00
 3.34061E-08     5.79119E-04    -5.90563E-04     1.00000E+00     0.00000E+00
 3.34196E-08     5.77807E-04    -5.88894E-04     1.00000E+00     0.00000E+00
 3.34330E-08     5.76615E-04    -5.87225E-04     1.00000E+00     0.00000E+00
 3.34464E-08     5.75423E-04    -5.85675E-04     1.00000E+00     0.00000E+00
 3.34599E-08     5.74231E-04    -5.83887E-04     1.00000E+00     0.00000E+00
 3.34733E-08     5.73039E-04    -5.82218E-04     1.00000E+00     0.00000E+00
 3.34868E-08     5.71847E-04    -5.80549E-04     1.00000E+00     0.00000E+00
 3.35002E-08     5.70655E-04    -5.78880E-04     1.00000E+00     0.00000E+00
 3.35137E-08     5.69463E-04    -5.77331E-04     1.00000E+00     0.00000E+00
 3.35271E-08     5.68271E-04    -5.75662E-04     1.00000E+00     0.00000E+00
 3.35406E-08     5.66959E-04    -5.73993E-04     1.00000E+00     0.00000E+00
 3.35540E-08     5.65886E-04    -5.72324E-04     1.00000E+00     0.00000E+00
 3.35675E-08     5.64575E-04    -5.70655E-04     1.00000E+00     0.00000E+00
 3.35809E-08     5.63383E-04    -5.68986E-04     1.00000E+00     0.00000E+00
 3.35944E-08     5.62191E-04    -5.67317E-04     1.00000E+00     0.00000E+00
 3.36078E-08     5.60999E-04    -5.65648E-04     1.00000E+00     0.00000E+00
 3.36213E-08     5.59807E-04    -5.63979E-04     1.00000E+00     0.00000E+00
 3.36347E-08     5.58496E-04    -5.62310E-04     1.00000E+00     0.00000E+00
 3.36482E-08     5.57303E-04    -5.60641E-04     1.00000E+00     0.00000E+00
 3.36616E-08     5.56111E-04    -5.58972E-04     1.00000E+00     0.00000E+00
 3.36750E-08     5.54919E-04    -5.57303E-04     1.00000E+00     0.00000E+00
 3.36885E-08     5.53727E-04    -5.55754E-04     1.00000E+00     0.00000E+00
 3.37019E-08     5.52535E-04    -5.54085E-04     1.00000E+00     0.00000E+00
 3.37154E-08     5.51343E-04    -5.52416E-04     1.00000E+00     0.00000E+00
 3.37288E-08     5.50151E-04    -5.50747E-04     1.00000E+00     0.00000E+00
 3.37423E-08     5.48959E-04    -5.48959E-04     1.00000E+00     0.00000E+00
 3.37557E-08     5.47647E-04    -5.47409E-04     1.00000E+00     0.00000E+00
 3.37692E-08     5.46455E-04    -5.45740E-04     1.00000E+00     0.00000E+00
 3.37826E-08     5.45382E-04    -5.44071E-04     1.00000E+00     0.00000E+00
 3.37961E-08     5.44190E-04    -5.42402E-04     1.00000E+00     0.00000E+00
 3.38095E-08     5.42879E-04    -5.40733E-04     1.00000E+00     0.00000E+00
 3.38230E-08     5.41687E-04    -5.39064E-04     1.00000E+00     0.00000E+00
 3.38364E-08     5.40495E-04    -5.37395E-04     1.00000E+00     0.00000E+00
 3.38499E-08     5.39303E-04    -5.35846E-04     1.00000E+00     0.00000E+00
 3.38633E-08     5.38111E-04    -5.34058E-04     1.00000E+00     0.00000E+00
 3.38768E-08     5.36919E-04    -5.32389E-04     1.00000E+00     0.00000E+00
 3.38902E-08     5.35727E-04    -5.30839E-04     1.00000E+00     0.00000E+00
 3.39036E-08     5.34296E-04    -5.29170E-04     1.00000E+00     0.00000E+00
 3.39171E-08     5.32866E-04    -5.27382E-04     1.00000E+00     0.00000E+00
 3.39305E-08     5.31554E-04    -5.25832E-04     1.00000E+00     0.00000E+00
 3.39440E-08     5.30124E-04    -5.24163E-04     1.00000E+00     0.00000E+00
 3.39574E-08     5.28693E-04    -5.22494E-04     1.00000E+00     0.00000E+00
 3.39709E-08     5.27263E-04    -5.20825E-04     1.00000E+00     0.00000E+00
 3.39843E-08     5.25951E-04    -5.19156E-04     1.00000E+00     0.00000E+00
 3.39978E-08     5.24402E-04    -5.17488E-04     1.00000E+00     0.00000E+00
 3.40112E-08     5.23090E-04    -5.15819E-04     1.00000E+00     0.00000E+00
 3.40247E-08     5.21660E-04    -5.14150E-04     1.00000E+00     0.00000E+00
 3.40381E-08     5.20229E-04    -5.12481E-04     1.00000E+00     0.00000E+00
 3.40516E-08     5.18918E-04    -5.10931E-04     1.00000E+00     0.00000E+00
 3.40650E-08     5.17488E-04    -5.09143E-04     1.00000E+00     0.00000E+00
 3.40785E-08     5.16176E-04    -5.07593E-04     1.00000E+00     0.00000E+00
 3.40919E-08     5.14627E-04    -5.05805E-04     1.00000E+00     0.00000E+00
 3.41054E-08     5.13315E-04    -5.04255E-04     1.00000E+00     0.00000E+00
 3.41188E-08     5.11885E-04    -5.02586E-04     1.00000E+00     0.00000E+00
 3.41322E-08     5.10454E-04    -5.00917E-04     1.00000E+00     0.00000E+00
 3.41457E-08     5.09143E-04    -4.99249E-04     1.00000E+00     0.00000E+00
 3.41591E-08     5.07712E-04    -4.97580E-04     1.00000E+00     0.00000E+00
 3.41726E-08     5.06282E-04    -4.95911E-04     1.00000E+00     0.00000E+00
 3.41860E-08     5.04851E-04    -4.94242E-04     1.00000E+00     0.00000E+00
 3.41995E-08     5.03540E-04    -4.92573E-04     1.00000E+00     0.00000E+00
 3.42129E-08     5.02110E-04    -4.91023E-04     1.00000E+00     0.00000E+00
 3.42264E-08     5.00679E-04    -4.90069E-04     1.00000E+00     0.00000E+00
 3.42398E-08     4.99368E-04    -4.88997E-04     1.00000E+00     0.00000E+00
 3.42533E-08     4.97937E-04    -4.88043E-04     1.00000E+00     0.00000E+00
 3.42667E-08     4.96507E-04    -4.87089E-04     1.00000E+00     0.00000E+00
 3.42802E-08     4.95076E-04    -4.86016E-04     1.00000E+00     0.00000E+00
 3.42936E-08     4.93646E-04    -4.85063E-04     1.00000E+00     0.00000E+00
 3.43071E-08     4.92334E-04    -4.83990E-04     1.00000E+00     0.00000E+00
 3.43205E-08     4.90904E-04    -4.82917E-04     1.00000E+00     0.00000E+00
 3.43340E-08     4.89473E-04    -4.81963E-04     1.00000E+00     0.00000E+00
 3.43474E-08     4.88043E-04    -4.80890E-04     1.00000E+00     0.00000E+00
 3.43608E-08     4.86732E-04    -4.79937E-04     1.00000E+00     0.00000E+00
 3.43743E-08     4.85301E-04    -4.78864E-04     1.00000E+00     0.00000E+00
 3.43877E-08     4.83871E-04    -4.77910E-04     1.00000E+00     0.00000E+00
 3.44012E-08     4.82559E-04    -4.76956E-04     1.00000E+00     0.00000E+00
 3.44146E-08     4.81129E-04    -4.75883E-04     1.00000E+00     0.00000E+00
 3.44281E-08     4.79698E-04    -4.74811E-04     1.00000E+00     0.00000E+00
 3.44415E-08     4.78268E-04    -4.73738E-04     1.00000E+00     0.00000E+00
 3.44550E-08     4.76956E-04    -4.72784E-04     1.00000E+00     0.00000E+00
 3.44684E-08     4.75526E-04    -4.71830E-04     1.00000E+00     0.00000E+00
 3.44819E-08     4.74095E-04    -4.70757E-04     1.00000E+00     0.00000E+00
 3.44953E-08     4.72665E-04    -4.69804E-04     1.00000E+00     0.00000E+00
 3.45088E-08     4.71354E-04    -4.68731E-04     1.00000E+00     0.00000E+00
 3.45222E-08     4.69923E-04    -4.67777E-04     1.00000E+00     0.00000E+00
 3.45357E-08     4.68493E-04    -4.66704E-04     1.00000E+00     0.00000E+00
 3.45491E-08     4.67062E-04    -4.65751E-04     1.00000E+00     0.00000E+00
 3.45626E-08     4.65751E-04    -4.64678E-04     1.00000E+00     0.00000E+00
 3.45760E-08     4.64320E-04    -4.63605E-04     1.00000E+00     0.00000E+00
 3.45894E-08     4.62890E-04    -4.62651E-04     1.00000E+00     0.00000E+00
 3.46029E-08     4.61459E-04    -4.61698E-04     1.00000E+00     0.00000E+00
 3.46163E-08     4.60148E-04    -4.60744E-04     1.00000E+00     0.00000E+00
 3.46298E-08     4.58717E-04    -4.59552E-04     1.00000E+00     0.00000E+00
 3.46432E-08     4.57287E-04    -4.58598E-04     1.00000E+00     0.00000E+00
 3.46567E-08     4.55976E-04    -4.57644E-04     1.00000E+00     0.00000E+00
 3.46701E-08     4.54545E-04    -4.56572E-04     1.00000E+00     0.00000E+00
 3.46836E-08     4.53115E-04    -4.55499E-04     1.00000E+00     0.00000E+00
 3.46970E-08     4.51684E-04    -4.54545E-04     1.00000E+00     0.00000E+00
 3.47105E-08     4.50253E-04    -4.53472E-04     1.00000E+00     0.00000E+00
 3.47239E-08     4.48942E-04    -4.52518E-04     1.00000E+00     0.00000E+00
 3.47374E-08     4.47512E-04    -4.51446E-04     1.00000E+00     0.00000E+00
 3.47508E-08     4.46081E-04    -4.50373E-04     1.00000E+00     0.00000E+00
 3.47643E-08     4.44651E-04    -4.49181E-04     1.00000E+00     0.00000E+00
 3.47777E-08     4.43339E-04    -4.47989E-04     1.00000E+00     0.00000E+00
 3.47911E-08     4.41909E-04    -4.46796E-04     1.00000E+00     0.00000E+00
 3.48046E-08     4.40478E-04    -4.45604E-04     1.00000E+00     0.00000E+00
 3.48180E-08     4.39048E-04    -4.44412E-04     1.00000E+00     0.00000E+00
 3.48315E-08     4.37737E-04    -4.43220E-04     1.00000E+00     0.00000E+00
 3.48449E-08     4.36306E-04    -4.42028E-04     1.00000E+00     0.00000E+00
 3.48584E-08     4.34875E-04    -4.40836E-04     1.00000E+00     0.00000E+00
 3.48718E-08     4.33445E-04    -4.39644E-04     1.00000E+00     0.00000E+00
 3.48853E-08     4.32134E-04    -4.38571E-04     1.00000E+00     0.00000E+00
 3.48987E-08     4.30703E-04    -4.37379E-04     1.00000E+00     0.00000E+00
 3.49122E-08     4.29273E-04    -4.36187E-04     1.00000E+00     0.00000E+00
 3.49256E-08     4.27842E-04    -4.34995E-04     1.00000E+00     0.00000E+00
 3.49391E-08     4.26531E-04    -4.33803E-04     1.00000E+00     0.00000E+00
 3.49525E-08     4.25100E-04    -4.32611E-04     1.00000E+00     0.00000E+00
 3.49660E-08     4.23670E-04    -4.31418E-04     1.00000E+00     0.00000E+00
 3.49794E-08     4.22359E-04    -4.30226E-04     1.00000E+00     0.00000E+00
 3.49929E-08     4.20928E-04    -4.29034E-04     1.00000E+00     0.00000E+00
 3.50063E-08     4.19497E-04    -4.27842E-04     1.00000E+00     0.00000E+00
 3.50197E-08     4.18067E-04    -4.26650E-04     1.00000E+00     0.00000E+00
 3.50332E-08     4.16756E-04    -4.25577E-04     1.00000E+00     0.00000E+00
 3.50466E-08     4.15325E-04    -4.24385E-04     1.00000E+00     0.00000E+00
 3.50601E-08     4.14014E-04    -4.23193E-04     1.00000E+00     0.00000E+00
 3.50735E-08     4.13179E-04    -4.22001E-04     1.00000E+00     0.00000E+00
 3.50870E-08     4.12226E-04    -4.20809E-04     1.00000E+00     0.00000E+00
 3.51004E-08     4.11391E-04    -4.19617E-04     1.00000E+00     0.00000E+00
 3.51139E-08     4.10676E-04    -4.18425E-04     1.00000E+00     0.00000E+00
 3.51273E-08     4.09842E-04    -4.17233E-04     1.00000E+00     0.00000E+00
 3.51408E-08     4.08888E-04    -4.16160E-04     1.00000E+00     0.00000E+00
 3.51542E-08     4.08053E-04    -4.14968E-04     1.00000E+00     0.00000E+00
 3.51677E-08     4.07219E-04    -4.13775E-04     1.00000E+00     0.00000E+00
 3.51811E-08     4.06384E-04    -4.12583E-04     1.00000E+00     0.00000E+00
 3.51946E-08     4.05550E-04    -4.11391E-04     1.00000E+00     0.00000E+00
 3.52080E-08     4.04596E-04    -4.10199E-04     1.00000E+00     0.00000E+00
 3.52215E-08     4.03762E-04    -4.09007E-04     1.00000E+00     0.00000E+00
 3.52349E-08     4.02927E-04    -4.07815E-04     1.00000E+00     0.00000E+00
 3.52483E-08     4.01974E-04    -4.06623E-04     1.00000E+00     0.00000E+00
 3.52618E-08     4.01139E-04    -4.05431E-04     1.00000E+00     0.00000E+00
 3.52752E-08     4.00305E-04    -4.04358E-04     1.00000E+00     0.00000E+00
 3.52887E-08     3.99470E-04    -4.03166E-04     1.00000E+00     0.00000E+00
 3.53021E-08     3.98636E-04    -4.01855E-04     1.00000E+00     0.00000E+00
 3.53156E-08     3.97801E-04    -4.00782E-04     1.00000E+00     0.00000E+00
 3.53290E-08     3.96967E-04    -3.99590E-04     1.00000E+00     0.00000E+00
 3.53425E-08     3.96013E-04    -3.98397E-04     1.00000E+00     0.00000E+00
 3.53559E-08     3.95179E-04    -3.97205E-04     1.00000E+00     0.00000E+00
 3.53694E-08     3.94344E-04    -3.96013E-04     1.00000E+00     0.00000E+00
 3.53828E-08     3.93510E-04    -3.94821E-04     1.00000E+00     0.00000E+00
 3.53963E-08     3.92675E-04    -3.93629E-04     1.00000E+00     0.00000E+00
 3.54097E-08     3.91722E-04    -3.92437E-04     1.00000E+00     0.00000E+00
 3.54232E-08     3.90887E-04    -3.91364E-04     1.00000E+00     0.00000E+00
 3.54366E-08     3.90053E-04    -3.90172E-04     1.00000E+00     0.00000E+00
 3.54501E-08     3.89218E-04    -3.88980E-04     1.00000E+00     0.00000E+00
 3.54635E-08     3.88384E-04    -3.87788E-04     1.00000E+00     0.00000E+00
 3.54769E-08     3.87430E-04    -3.86596E-04     1.00000E+00     0.00000E+00
 3.54904E-08     3.86596E-04    -3.85404E-04     1.00000E+00     0.00000E+00
 3.55038E-08     3.85880E-04    -3.84212E-04     1.00000E+00     0.00000E+00
 3.55173E-08     3.84927E-04    -3.83019E-04     1.00000E+00     0.00000E+00
 3.55307E-08     3.84092E-04    -3.81827E-04     1.00000E+00     0.00000E+00
 3.55442E-08     3.83258E-04    -3.80635E-04     1.00000E+00     0.00000E+00
 3.55576E-08     3.82423E-04    -3.79562E-04     1.00000E+00     0.00000E+00
 3.55711E-08     3.81589E-04    -3.78370E-04     1.00000E+00     0.00000E+00
 3.55845E-08     3.80635E-04    -3.77059E-04     1.00000E+00     0.00000E+00
 3.55980E-08     3.79682E-04    -3.75986E-04     1.00000E+00     0.00000E+00
 3.56114E-08     3.78609E-04    -3.74794E-04     1.00000E+00     0.00000E+00
 3.56249E-08     3.77655E-04    -3.73602E-04     1.00000E+00     0.00000E+00
 3.56383E-08     3.76701E-04    -3.72410E-04     1.00000E+00     0.00000E+00
 3.56518E-08     3.75748E-04    -3.71218E-04     1.00000E+00     0.00000E+00
 3.56652E-08     3.74675E-04    -3.70026E-04     1.00000E+00     0.00000E+00
 3.56787E-08     3.73602E-04    -3.68834E-04     1.00000E+00     0.00000E+00
 3.56921E-08     3.72648E-04    -3.67761E-04     1.00000E+00     0.00000E+00
 3.57055E-08     3.71695E-04    -3.66569E-04     1.00000E+00     0.00000E+00
 3.57190E-08     3.70741E-04    -3.65376E-04     1.00000E+00     0.00000E+00
 3.57324E-08     3.69668E-04    -3.64184E-04     1.00000E+00     0.00000E+00
 3.57459E-08     3.68714E-04    -3.62992E-04     1.00000E+00     0.00000E+00
 3.57593E-08     3.67761E-04    -3.61800E-04     1.00000E+00     0.00000E+00
 3.57728E-08     3.66688E-04    -3.60608E-04     1.00000E+00     0.00000E+00
 3.57862E-08     3.65734E-04    -3.59535E-04     1.00000E+00     0.00000E+00
 3.57997E-08     3.64780E-04    -3.58343E-04     1.00000E+00     0.00000E+00
 3.58131E-08     3.63708E-04    -3.57151E-04     1.00000E+00     0.00000E+00
 3.58266E-08     3.62754E-04    -3.55959E-04     1.00000E+00     0.00000E+00
 3.58400E-08     3.61681E-04    -3.54648E-04     1.00000E+00     0.00000E+00
 3.58535E-08     3.60727E-04    -3.53575E-04     1.00000E+00     0.00000E+00
 3.58669E-08     3.59774E-04    -3.52383E-04     1.00000E+00     0.00000E+00
 3.58804E-08     3.58701E-04    -3.51191E-04     1.00000E+00     0.00000E+00
 3.58938E-08     3.57747E-04    -3.49998E-04     1.00000E+00     0.00000E+00
 3.59073E-08     3.56793E-04    -3.48926E-04     1.00000E+00     0.00000E+00
 3.59207E-08     3.55840E-04    -3.48330E-04     1.00000E+00     0.00000E+00
 3.59341E-08     3.54767E-04    -3.47495E-04     1.00000E+00     0.00000E+00
 3.59476E-08     3.53813E-04    -3.46780E-04     1.00000E+00     0.00000E+00
 3.59610E-08     3.52740E-04    -3.46065E-04     1.00000E+00     0.00000E+00
 3.59745E-08     3.51787E-04    -3.45349E-04     1.00000E+00     0.00000E+00
 3.59879E-08     3.50833E-04    -3.44634E-04     1.00000E+00     0.00000E+00
 3.60014E-08     3.49760E-04    -3.43919E-04     1.00000E+00     0.00000E+00
 3.60148E-08     3.48806E-04    -3.43204E-04     1.00000E+00     0.00000E+00
 3.60283E-08     3.47853E-04    -3.42488E-04     1.00000E+00     0.00000E+00
 3.60417E-08     3.46780E-04    -3.41654E-04     1.00000E+00     0.00000E+00
 3.60552E-08     3.45826E-04    -3.41058E-04     1.00000E+00     0.00000E+00
 3.60686E-08     3.44872E-04    -3.40223E-04     1.00000E+00     0.00000E+00
 3.60821E-08     3.43800E-04    -3.39508E-04     1.00000E+00     0.00000E+00
 3.60955E-08     3.42846E-04    -3.38793E-04     1.00000E+00     0.00000E+00
 3.61090E-08     3.41773E-04    -3.38197E-04     1.00000E+00     0.00000E+00
 3.61224E-08     3.40819E-04    -3.37362E-04     1.00000E+00     0.00000E+00
 3.61359E-08     3.39866E-04    -3.36766E-04     1.00000E+00     0.00000E+00
 3.61493E-08     3.38912E-04    -3.35932E-04     1.00000E+00     0.00000E+00
 3.61627E-08     3.37839E-04    -3.35217E-04     1.00000E+00     0.00000E+00
 3.61762E-08     3.36885E-04    -3.34501E-04     1.00000E+00     0.00000E+00
 3.61896E-08     3.35932E-04    -3.33786E-04     1.00000E+00     0.00000E+00
 3.62031E-08     3.34859E-04    -3.33071E-04     1.00000E+00     0.00000E+00
 3.62165E-08     3.33905E-04    -3.32355E-04     1.00000E+00     0.00000E+00
 3.62300E-08     3.32952E-04    -3.31640E-04     1.00000E+00     0.00000E+00
 3.62434E-08     3.31879E-04    -3.30925E-04     1.00000E+00     0.00000E+00
 3.62569E-08     3.30925E-04    -3.30091E-04     1.00000E+00     0.00000E+00
 3.62703E-08     3.29852E-04    -3.29494E-04     1.00000E+00     0.00000E+00
 3.62838E-08     3.28898E-04    -3.28779E-04     1.00000E+00     0.00000E+00
 3.62972E-08     3.27945E-04    -3.28064E-04     1.00000E+00     0.00000E+00
 3.63107E-08     3.26991E-04    -3.27229E-04     1.00000E+00     0.00000E+00
 3.63241E-08     3.25918E-04    -3.26633E-04     1.00000E+00     0.00000E+00
 3.63376E-08     3.24965E-04    -3.25799E-04     1.00000E+00     0.00000E+00
 3.63510E-08     3.23892E-04    -3.25084E-04     1.00000E+00     0.00000E+00
 3.63645E-08     3.22938E-04    -3.24368E-04     1.00000E+00     0.00000E+00
 3.63779E-08     3.21984E-04    -3.23653E-04     1.00000E+00     0.00000E+00
 3.63913E-08     3.21031E-04    -3.22938E-04     1.00000E+00     0.00000E+00
 3.64048E-08     3.19958E-04    -3.22223E-04     1.00000E+00     0.00000E+00
 3.64182E-08     3.19004E-04    -3.21507E-04     1.00000E+00     0.00000E+00
 3.64317E-08     3.18050E-04    -3.20792E-04     1.00000E+00     0.00000E+00
 3.64451E-08     3.16978E-04    -3.19958E-04     1.00000E+00     0.00000E+00
 3.64586E-08     3.16024E-04    -3.19123E-04     1.00000E+00     0.00000E+00
 3.64720E-08     3.14951E-04    -3.18170E-04     1.00000E+00     0.00000E+00
 3.64855E-08     3.13997E-04    -3.17454E-04     1.00000E+00     0.00000E+00
 3.64989E-08     3.13044E-04    -3.16620E-04     1.00000E+00     0.00000E+00
 3.65124E-08     3.11971E-04    -3.15785E-04     1.00000E+00     0.00000E+00
 3.65258E-08     3.11017E-04    -3.14951E-04     1.00000E+00     0.00000E+00
 3.65393E-08     3.09944E-04    -3.14116E-04     1.00000E+00     0.00000E+00
 3.65527E-08     3.08990E-04    -3.13282E-04     1.00000E+00     0.00000E+00
 3.65662E-08     3.08037E-04    -3.12448E-04     1.00000E+00     0.00000E+00
 3.65796E-08     3.07083E-04    -3.11613E-04     1.00000E+00     0.00000E+00
 3.65931E-08     3.06129E-04    -3.10779E-04     1.00000E+00     0.00000E+00
 3.66065E-08     3.05057E-04    -3.09944E-04     1.00000E+00     0.00000E+00
 3.66199E-08     3.04103E-04    -3.09110E-04     1.00000E+00     0.00000E+00
 3.66334E-08     3.03030E-04    -3.08156E-04     1.00000E+00     0.00000E+00
 3.66468E-08     3.02076E-04    -3.07441E-04     1.00000E+00     0.00000E+00
 3.66603E-08     3.01123E-04    -3.06487E-04     1.00000E+00     0.00000E+00
 3.66737E-08     3.00050E-04    -3.05772E-04     1.00000E+00     0.00000E+00
 3.66872E-08     2.99096E-04    -3.04937E-04     1.00000E+00     0.00000E+00
 3.67006E-08     2.98142E-04    -3.03984E-04     1.00000E+00     0.00000E+00
 3.67141E-08     2.97070E-04    -3.03149E-04     1.00000E+00     0.00000E+00
 3.67275E-08     2.95997E-04    -3.02315E-04     1.00000E+00     0.00000E+00
 3.67410E-08     2.95162E-04    -3.01480E-04     1.00000E+00     0.00000E+00
 3.67544E-08     2.94209E-04    -3.00646E-04     1.00000E+00     0.00000E+00
 3.67679E-08     2.93612E-04    -2.99811E-04     1.00000E+00     0.00000E+00
 3.67813E-08     2.93016E-04    -2.98977E-04     1.00000E+00     0.00000E+00
 3.67948E-08     2.92420E-04    -2.98142E-04     1.00000E+00     0.00000E+00
 3.68082E-08     2.91705E-04    -2.97427E-04     1.00000E+00     0.00000E+00
 3.68216E-08     2.91109E-04    -2.96474E-04     1.00000E+00     0.00000E+00
 3.68351E-08     2.90513E-04    -2.95639E-04     1.00000E+00     0.00000E+00
 3.68485E-08     2.89917E-04    -2.94805E-04     1.00000E+00     0.00000E+00
 3.68620E-08     2.89321E-04    -2.93970E-04     1.00000E+00     0.00000E+00
 3.68754E-08     2.88725E-04    -2.93136E-04     1.00000E+00     0.00000E+00
 3.68889E-08     2.88129E-04    -2.92301E-04     1.00000E+00     0.00000E+00
 3.69023E-08     2.87533E-04    -2.91467E-04     1.00000E+00     0.00000E+00
 3.69158E-08     2.86937E-04    -2.90632E-04     1.00000E+00     0.00000E+00
 3.69292E-08     2.86341E-04    -2.89798E-04     1.00000E+00     0.00000E+00
 3.69427E-08     2.85745E-04    -2.88963E-04     1.00000E+00     0.00000E+00
 3.69561E-08     2.85029E-04    -2.88129E-04     1.00000E+00     0.00000E+00
 3.69696E-08     2.84433E-04    -2.87294E-04     1.00000E+00     0.00000E+00
 3.69830E-08     2.83957E-04    -2.86341E-04     1.00000E+00     0.00000E+00
 3.69965E-08     2.83360E-04    -2.85506E-04     1.00000E+00     0.00000E+00
 3.70099E-08     2.82645E-04    -2.84791E-04     1.00000E+00     0.00000E+00
 3.70234E-08     2.82049E-04    -2.83837E-04     1.00000E+00     0.00000E+00
 3.70368E-08     2.81453E-04    -2.83122E-04     1.00000E+00     0.00000E+00
 3.70502E-08     2.80857E-04    -2.82288E-04     1.00000E+00     0.00000E+00
 3.70637E-08     2.80261E-04    -2.81453E-04     1.00000E+00     0.00000E+00
 3.70771E-08     2.79665E-04    -2.80499E-04     1.00000E+00     0.00000E+00
 3.70906E-08     2.79069E-04    -2.79784E-04     1.00000E+00     0.00000E+00
 3.71040E-08     2.78473E-04    -2.78950E-04     1.00000E+00     0.00000E+00
 3.71175E-08     2.77877E-04    -2.78115E-04     1.00000E+00     0.00000E+00
 3.71309E-08     2.77162E-04    -2.77162E-04     1.00000E+00     0.00000E+00
 3.71444E-08     2.76566E-04    -2.76446E-04     1.00000E+00     0.00000E+00
 3.71578E-08     2.75970E-04    -2.75493E-04     1.00000E+00     0.00000E+00
 3.71713E-08     2.75373E-04    -2.74658E-04     1.00000E+00     0.00000E+00
 3.71847E-08     2.74777E-04    -2.73824E-04     1.00000E+00     0.00000E+00
 3.71982E-08     2.74181E-04    -2.73108E-04     1.00000E+00     0.00000E+00
 3.72116E-08     2.73585E-04    -2.72155E-04     1.00000E+00     0.00000E+00
 3.72251E-08     2.72989E-04    -2.71320E-04     1.00000E+00     0.00000E+00
 3.72385E-08     2.72274E-04    -2.70486E-04     1.00000E+00     0.00000E+00
 3.72520E-08     2.71678E-04    -2.69651E-04     1.00000E+00     0.00000E+00
 3.72654E-08     2.71082E-04    -2.68817E-04     1.00000E+00     0.00000E+00
 3.72788E-08     2.70486E-04    -2.67982E-04     1.00000E+00     0.00000E+00
 3.72923E-08     2.69771E-04    -2.67148E-04     1.00000E+00     0.00000E+00
 3.73057E-08     2.69055E-04    -2.66314E-04     1.00000E+00     0.00000E+00
 3.73192E-08     2.68340E-04    -2.65479E-04     1.00000E+00     0.00000E+00
 3.73326E-08     2.67625E-04    -2.64645E-04     1.00000E+00     0.00000E+00
 3.73461E-08     2.67029E-04    -2.63810E-04     1.00000E+00     0.00000E+00
 3.73595E-08     2.66314E-04    -2.62976E-04     1.00000E+00     0.00000E+00
 3.73730E-08     2.65598E-04    -2.62141E-04     1.00000E+00     0.00000E+00
 3.73864E-08     2.64764E-04    -2.61307E-04     1.00000E+00     0.00000E+00
 3.73999E-08     2.64049E-04    -2.60472E-04     1.00000E+00     0.00000E+00
 3.74133E-08     2.63453E-04    -2.59638E-04     1.00000E+00     0.00000E+00
 3.74268E-08     2.62737E-04    -2.58803E-04     1.00000E+00     0.00000E+00
 3.74402E-08     2.62022E-04    -2.57850E-04     1.00000E+00     0.00000E+00
 3.74537E-08     2.61307E-04    -2.57134E-04     1.00000E+00     0.00000E+00
 3.74671E-08     2.60592E-04    -2.56300E-04     1.00000E+00     0.00000E+00
 3.74806E-08     2.59876E-04    -2.55346E-04     1.00000E+00     0.00000E+00
 3.74940E-08     2.59161E-04    -2.54512E-04     1.00000E+00     0.00000E+00
 3.75074E-08     2.58565E-04    -2.53677E-04     1.00000E+00     0.00000E+00
 3.75209E-08     2.57730E-04    -2.52843E-04     1.00000E+00     0.00000E+00
 3.75343E-08     2.57134E-04    -2.52128E-04     1.00000E+00     0.00000E+00
 3.75478E-08     2.56419E-04    -2.51174E-04     1.00000E+00     0.00000E+00
 3.75612E-08     2.55585E-04    -2.50340E-04     1.00000E+00     0.00000E+00
 3.75747E-08     2.54989E-04    -2.49505E-04     1.00000E+00     0.00000E+00
 3.75881E-08     2.54273E-04    -2.48671E-04     1.00000E+00     0.00000E+00
 3.76016E-08     2.53558E-04    -2.47955E-04     1.00000E+00     0.00000E+00
 3.76150E-08     2.52843E-04    -2.47478E-04     1.00000E+00     0.00000E+00
 3.76285E-08     2.52128E-04    -2.46882E-04     1.00000E+00     0.00000E+00
 3.76419E-08     2.51412E-04    -2.46406E-04     1.00000E+00     0.00000E+00
 3.76554E-08     2.50697E-04    -2.45929E-04     1.00000E+00     0.00000E+00
 3.76688E-08     2.49982E-04    -2.45452E-04     1.00000E+00     0.00000E+00
 3.76823E-08     2.49267E-04    -2.44856E-04     1.00000E+00     0.00000E+00
 3.76957E-08     2.48671E-04    -2.44379E-04     1.00000E+00     0.00000E+00
 3.77092E-08     2.47836E-04    -2.43902E-04     1.00000E+00     0.00000E+00
 3.77226E-08     2.47121E-04    -2.43306E-04     1.00000E+00     0.00000E+00
 3.77360E-08     2.46525E-04    -2.42829E-04     1.00000E+00     0.00000E+00
 3.77495E-08     2.45690E-04    -2.42233E-04     1.00000E+00     0.00000E+00
 3.77629E-08     2.45094E-04    -2.41756E-04     1.00000E+00     0.00000E+00
 3.77764E-08     2.44379E-04    -2.41280E-04     1.00000E+00     0.00000E+00
 3.77898E-08     2.43664E-04    -2.40684E-04     1.00000E+00     0.00000E+00
 3.78033E-08     2.42949E-04    -2.40326E-04     1.00000E+00     0.00000E+00
 3.78167E-08     2.42233E-04    -2.39730E-04     1.00000E+00     0.00000E+00
 3.78302E-08     2.41518E-04    -2.39253E-04     1.00000E+00     0.00000E+00
 3.78436E-08     2.40803E-04    -2.38776E-04     1.00000E+00     0.00000E+00
 3.78571E-08     2.40088E-04    -2.38180E-04     1.00000E+00     0.00000E+00
 3.78705E-08     2.39372E-04    -2.37703E-04     1.00000E+00     0.00000E+00
 3.78840E-08     2.38657E-04    -2.37107E-04     1.00000E+00     0.00000E+00
 3.78974E-08     2.38061E-04    -2.36750E-04     1.00000E+00     0.00000E+00
 3.79109E-08     2.37346E-04    -2.36154E-04     1.00000E+00     0.00000E+00
 3.79243E-08     2.36511E-04    -2.35677E-04     1.00000E+00     0.00000E+00
 3.79378E-08     2.35915E-04    -2.35200E-04     1.00000E+00     0.00000E+00
 3.79512E-08     2.35081E-04    -2.34604E-04     1.00000E+00     0.00000E+00
 3.79646E-08     2.34485E-04    -2.34127E-04     1.00000E+00     0.00000E+00
 3.79781E-08     2.33769E-04    -2.33650E-04     1.00000E+00     0.00000E+00
 3.79915E-08     2.33054E-04    -2.33054E-04     1.00000E+00     0.00000E+00
 3.80050E-08     2.32339E-04    -2.32577E-04     1.00000E+00     0.00000E+00
 3.80184E-08     2.31624E-04    -2.32100E-04     1.00000E+00     0.00000E+00
 3.80319E-08     2.30908E-04    -2.31504E-04     1.00000E+00     0.00000E+00
 3.80453E-08     2.30193E-04    -2.31028E-04     1.00000E+00     0.00000E+00
 3.80588E-08     2.29478E-04    -2.30551E-04     1.00000E+00     0.00000E+00
 3.80722E-08     2.28763E-04    -2.30074E-04     1.00000E+00     0.00000E+00
 3.80857E-08     2.28167E-04    -2.29478E-04     1.00000E+00     0.00000E+00
 3.80991E-08     2.27332E-04    -2.29001E-04     1.00000E+00     0.00000E+00
 3.81126E-08     2.26617E-04    -2.28524E-04     1.00000E+00     0.00000E+00
 3.81260E-08     2.26021E-04    -2.27928E-04     1.00000E+00     0.00000E+00
 3.81395E-08     2.25306E-04    -2.27332E-04     1.00000E+00     0.00000E+00
 3.81529E-08     2.24590E-04    -2.26736E-04     1.00000E+00     0.00000E+00
 3.81664E-08     2.23756E-04    -2.26140E-04     1.00000E+00     0.00000E+00
 3.81798E-08     2.23160E-04    -2.25544E-04     1.00000E+00     0.00000E+00
 3.81932E-08     2.22445E-04    -2.24948E-04     1.00000E+00     0.00000E+00
 3.82067E-08     2.21729E-04    -2.24352E-04     1.00000E+00     0.00000E+00
 3.82201E-08     2.21014E-04    -2.23756E-04     1.00000E+00     0.00000E+00
 3.82336E-08     2.20299E-04    -2.23160E-04     1.00000E+00     0.00000E+00
 3.82470E-08     2.19703E-04    -2.22564E-04     1.00000E+00     0.00000E+00
 3.82605E-08     2.18868E-04    -2.21968E-04     1.00000E+00     0.00000E+00
 3.82739E-08     2.18153E-04    -2.21372E-04     1.00000E+00     0.00000E+00
 3.82874E-08     2.17557E-04    -2.20776E-04     1.00000E+00     0.00000E+00
 3.83008E-08     2.16842E-04    -2.20180E-04     1.00000E+00     0.00000E+00
 3.83143E-08     2.16007E-04    -2.19584E-04     1.00000E+00     0.00000E+00
 3.83277E-08     2.15411E-04    -2.19107E-04     1.00000E+00     0.00000E+00
 3.83412E-08     2.14696E-04    -2.18391E-04     1.00000E+00     0.00000E+00
 3.83546E-08     2.13981E-04    -2.17795E-04     1.00000E+00     0.00000E+00
 3.83681E-08     2.13265E-04    -2.17199E-04     1.00000E+00     0.00000E+00
 3.83815E-08     2.12550E-04    -2.16603E-04     1.00000E+00     0.00000E+00
 3.83950E-08     2.11835E-04    -2.16007E-04     1.00000E+00     0.00000E+00
 3.84084E-08     2.11120E-04    -2.15530E-04     1.00000E+00     0.00000E+00
 3.84218E-08     2.10404E-04    -2.14815E-04     1.00000E+00     0.00000E+00
 3.84353E-08     2.09689E-04    -2.14219E-04     1.00000E+00     0.00000E+00
 3.84487E-08     2.09093E-04    -2.13623E-04     1.00000E+00     0.00000E+00
 3.84622E-08     2.08616E-04    -2.13027E-04     1.00000E+00     0.00000E+00
 3.84756E-08     2.08259E-04    -2.12431E-04     1.00000E+00     0.00000E+00
 3.84891E-08     2.07782E-04    -2.11835E-04     1.00000E+00     0.00000E+00
 3.85025E-08     2.07424E-04    -2.11239E-04     1.00000E+00     0.00000E+00
 3.85160E-08     2.06947E-04    -2.10643E-04     1.00000E+00     0.00000E+00
 3.85294E-08     2.06470E-04    -2.10047E-04     1.00000E+00     0.00000E+00
 3.85429E-08     2.05994E-04    -2.09451E-04     1.00000E+00     0.00000E+00
 3.85563E-08     2.05636E-04    -2.08974E-04     1.00000E+00     0.00000E+00
 3.85698E-08     2.05159E-04    -2.08259E-04     1.00000E+00     0.00000E+00
 3.85832E-08     2.04682E-04    -2.07663E-04     1.00000E+00     0.00000E+00
 3.85967E-08     2.04325E-04    -2.07067E-04     1.00000E+00     0.00000E+00
 3.86101E-08     2.03967E-04    -2.06470E-04     1.00000E+00     0.00000E+00
 3.86236E-08     2.03490E-04    -2.05874E-04     1.00000E+00     0.00000E+00
 3.86370E-08     2.03013E-04    -2.05278E-04     1.00000E+00     0.00000E+00
 3.86504E-08     2.02656E-04    -2.04682E-04     1.00000E+00     0.00000E+00
 3.86639E-08     2.02179E-04    -2.04086E-04     1.00000E+00     0.00000E+00
 3.86773E-08     2.01702E-04    -2.03490E-04     1.00000E+00     0.00000E+00
 3.86908E-08     2.01225E-04    -2.03013E-04     1.00000E+00     0.00000E+00
 3.87042E-08     2.00868E-04    -2.02298E-04     1.00000E+00     0.00000E+00
 3.87177E-08     2.00391E-04    -2.01821E-04     1.00000E+00     0.00000E+00
 3.87311E-08     2.00033E-04    -2.01106E-04     1.00000E+00     0.00000E+00
 3.87446E-08     1.99556E-04    -2.00510E-04     1.00000E+00     0.00000E+00
 3.87580E-08     1.99199E-04    -1.99914E-04     1.00000E+00     0.00000E+00
 3.87715E-08     1.98722E-04    -1.99318E-04     1.00000E+00     0.00000E+00
 3.87849E-08     1.98245E-04    -1.98722E-04     1.00000E+00     0.00000E+00
 3.87984E-08     1.97887E-04    -1.98126E-04     1.00000E+00     0.00000E+00
 3.88118E-08     1.97411E-04    -1.97530E-04     1.00000E+00     0.00000E+00
 3.88253E-08     1.96934E-04    -1.96934E-04     1.00000E+00     0.00000E+00
 3.88387E-08     1.96576E-04    -1.96338E-04     1.00000E+00     0.00000E+00
 3.88521E-08     1.96099E-04    -1.95742E-04     1.00000E+00     0.00000E+00
 3.88656E-08     1.95622E-04    -1.95146E-04     1.00000E+00     0.00000E+00
 3.88790E-08     1.95265E-04    -1.94550E-04     1.00000E+00     0.00000E+00
 3.88925E-08     1.94788E-04    -1.94073E-04     1.00000E+00     0.00000E+00
 3.89059E-08     1.94311E-04    -1.93357E-04     1.00000E+00     0.00000E+00
 3.89194E-08     1.93954E-04    -1.92761E-04     1.00000E+00     0.00000E+00
 3.89328E-08     1.93596E-04    -1.92165E-04     1.00000E+00     0.00000E+00
 3.89463E-08     1.93119E-04    -1.91569E-04     1.00000E+00     0.00000E+00
 3.89597E-08     1.92642E-04    -1.90973E-04     1.00000E+00     0.00000E+00
 3.89732E-08     1.92285E-04    -1.90377E-04     1.00000E+00     0.00000E+00
 3.89866E-08     1.91689E-04    -1.89781E-04     1.00000E+00     0.00000E+00
 3.90001E-08     1.91212E-04    -1.89185E-04     1.00000E+00     0.00000E+00
 3.90135E-08     1.90735E-04    -1.88708E-04     1.00000E+00     0.00000E+00
 3.90270E-08     1.90258E-04    -1.87993E-04     1.00000E+00     0.00000E+00
 3.90404E-08     1.89662E-04    -1.87516E-04     1.00000E+00     0.00000E+00
 3.90539E-08     1.89185E-04    -1.86801E-04     1.00000E+00     0.00000E+00
 3.90673E-08     1.88708E-04    -1.86205E-04     1.00000E+00     0.00000E+00
 3.90807E-08     1.88231E-04    -1.85609E-04     1.00000E+00     0.00000E+00
 3.90942E-08     1.87755E-04    -1.85013E-04     1.00000E+00     0.00000E+00
 3.91076E-08     1.87278E-04    -1.84417E-04     1.00000E+00     0.00000E+00
 3.91211E-08     1.86682E-04    -1.83821E-04     1.00000E+00     0.00000E+00
 3.91345E-08     1.86205E-04    -1.83225E-04     1.00000E+00     0.00000E+00
 3.91480E-08     1.85728E-04    -1.82629E-04     1.00000E+00     0.00000E+00
 3.91614E-08     1.85132E-04    -1.82152E-04     1.00000E+00     0.00000E+00
 3.91749E-08     1.84655E-04    -1.81437E-04     1.00000E+00     0.00000E+00
 3.91883E-08     1.84178E-04    -1.80960E-04     1.00000E+00     0.00000E+00
 3.92018E-08     1.83702E-04    -1.80244E-04     1.00000E+00     0.00000E+00
 3.92152E-08     1.83225E-04    -1.79648E-04     1.00000E+00     0.00000E+00
 3.92287E-08     1.82629E-04    -1.79052E-04     1.00000E+00     0.00000E+00
 3.92421E-08     1.82152E-04    -1.78456E-04     1.00000E+00     0.00000E+00
 3.92556E-08     1.81675E-04    -1.77860E-04     1.00000E+00     0.00000E+00
 3.92690E-08     1.81198E-04    -1.77383E-04     1.00000E+00     0.00000E+00
 3.92825E-08     1.80602E-04    -1.76787E-04     1.00000E+00     0.00000E+00
 3.92959E-08     1.80244E-04    -1.76191E-04     1.00000E+00     0.00000E+00
 3.93093E-08     1.79648E-04    -1.75834E-04     1.00000E+00     0.00000E+00
 3.93228E-08     1.79172E-04    -1.75476E-04     1.00000E+00     0.00000E+00
 3.93362E-08     1.78695E-04    -1.75118E-04     1.00000E+00     0.00000E+00
 3.93497E-08     1.78218E-04    -1.74642E-04     1.00000E+00     0.00000E+00
 3.93631E-08     1.77622E-04    -1.74403E-04     1.00000E+00     0.00000E+00
 3.93766E-08     1.77145E-04    -1.73926E-04     1.00000E+00     0.00000E+00
 3.93900E-08     1.76668E-04    -1.73569E-04     1.00000E+00     0.00000E+00
 3.94035E-08     1.76191E-04    -1.73211E-04     1.00000E+00     0.00000E+00
 3.94169E-08     1.75714E-04    -1.72853E-04     1.00000E+00     0.00000E+00
 3.94304E-08     1.75238E-04    -1.72615E-04     1.00000E+00     0.00000E+00
 3.94438E-08     1.74642E-04    -1.72138E-04     1.00000E+00     0.00000E+00
 3.94573E-08     1.74046E-04    -1.71900E-04     1.00000E+00     0.00000E+00
 3.94707E-08     1.73569E-04    -1.71423E-04     1.00000E+00     0.00000E+00
 3.94842E-08     1.73211E-04    -1.71065E-04     1.00000E+00     0.00000E+00
 3.94976E-08     1.72734E-04    -1.70708E-04     1.00000E+00     0.00000E+00
 3.95111E-08     1.72138E-04    -1.70350E-04     1.00000E+00     0.00000E+00
 3.95245E-08     1.71661E-04    -1.69992E-04     1.00000E+00     0.00000E+00
 3.95379E-08     1.71065E-04    -1.69635E-04     1.00000E+00     0.00000E+00
 3.95514E-08     1.70588E-04    -1.69277E-04     1.00000E+00     0.00000E+00
 3.95648E-08     1.70112E-04    -1.68920E-04     1.00000E+00     0.00000E+00
 3.95783E-08     1.69635E-04    -1.68562E-04     1.00000E+00     0.00000E+00
 3.95917E-08     1.69039E-04    -1.68085E-04     1.00000E+00     0.00000E+00
 3.96052E-08     1.68681E-04    -1.67727E-04     1.00000E+00     0.00000E+00
 3.96186E-08     1.68204E-04    -1.67370E-04     1.00000E+00     0.00000E+00
 3.96321E-08     1.67608E-04    -1.67012E-04     1.00000E+00     0.00000E+00
 3.96455E-08     1.67131E-04    -1.66774E-04     1.00000E+00     0.00000E+00
 3.96590E-08     1.66535E-04    -1.66297E-04     1.00000E+00     0.00000E+00
 3.96724E-08     1.66178E-04    -1.65939E-04     1.00000E+00     0.00000E+00
 3.96859E-08     1.65582E-04    -1.65701E-04     1.00000E+00     0.00000E+00
 3.96993E-08     1.65105E-04    -1.65224E-04     1.00000E+00     0.00000E+00
 3.97128E-08     1.64628E-04    -1.64866E-04     1.00000E+00     0.00000E+00
 3.97262E-08     1.64151E-04    -1.64509E-04     1.00000E+00     0.00000E+00
 3.97397E-08     1.63555E-04    -1.64151E-04     1.00000E+00     0.00000E+00
 3.97531E-08     1.63078E-04    -1.63794E-04     1.00000E+00     0.00000E+00
 3.97665E-08     1.62601E-04    -1.63436E-04     1.00000E+00     0.00000E+00
 3.97800E-08     1.62005E-04    -1.63078E-04     1.00000E+00     0.00000E+00
 3.97934E-08     1.61529E-04    -1.62721E-04     1.00000E+00     0.00000E+00
 3.98069E-08     1.61052E-04    -1.62363E-04     1.00000E+00     0.00000E+00
 3.98203E-08     1.60575E-04    -1.62005E-04     1.00000E+00     0.00000E+00
